CPF/CNPJ;Razao Social;Conta;ID Transacao;Placa;Eixo Cadastrado;Eixo Cobrado;VeloeTag;Data de Utilizacao;Hora de Untrada;Data Fim de Utilizacao;Hora Fim de Utilizacao;Permanencia;Data de Processamento;Hora de Processamento;Nome do Estabelecimento;Endereco do Estabelecimento;Valor Cobrado;Tipo do Movimento;Tipo de Transacao;Informacao 1;Informacao 2;Informacao 3;Praca;Pista;Agencia;ID Concessionaria DTO;Concessionaria ID;Vale Pedagio;FastId
05437537000137;AUTO GERAL AUTOPECAS LTDA;229258;1426275406;DWH6543;2 eixos rodagem simples;2 eixos rodagem simples;1129701211;29/06/2024;14:53:51;;;;29/06/2024;14:54:13;RODOVIAS DAS COLINAS S.A;SP 300, 137.722, OESTE, PORTO FELIZ - SP;9,9;Debito;Passagem Dentro SLA;;;;5;2;ARTESP;24;1013;true;eee05b7a-99a4-4313-90b8-9936420d3526
05437537000137;AUTO GERAL AUTOPECAS LTDA;229258;1426186571;GIG7685;2 eixos rodagem simples;2 eixos rodagem simples;1148968566;29/06/2024;12:19:52;;;;29/06/2024;12:20:05;RODOVIAS DAS COLINAS S.A;SP 300, 137.722, OESTE, PORTO FELIZ - SP;9,9;Debito;Passagem Dentro SLA;;;;5;2;ARTESP;24;1013;true;739e71c2-832f-4ae5-ae80-f4ed302482ef
05437537000137;AUTO GERAL AUTOPECAS LTDA;229258;1426119607;GIY1B04;2 eixos rodagem simples;2 eixos rodagem simples;1172923315;29/06/2024;10:15:56;;;;29/06/2024;10:17:50;CONCESSIONARIA DE RODOVIAS DO OESTE DE SAO PAULO VIAOESTE S.A;SP 280, 74.0, LESTE, ITU - SP;15,2;Debito;Passagem Dentro SLA;;;;143;115;ARTESP;286;1012;true;2803fc70-a043-414b-84ed-dcb445bf9fd3
05437537000137;AUTO GERAL AUTOPECAS LTDA;229258;1426038617;DWH6543;2 eixos rodagem simples;2 eixos rodagem simples;1129701211;29/06/2024;07:19:03;;;;29/06/2024;07:19:18;RODOVIAS DAS COLINAS S.A;SP 300, 137.722, OESTE, PORTO FELIZ - SP;9,9;Debito;Passagem Dentro SLA;;;;5;9;ARTESP;24;1013;true;d3c042da-d303-46be-b13d-8f9e69d4e3b1
05437537000137;AUTO GERAL AUTOPECAS LTDA;229258;1425045603;DWH6543;2 eixos rodagem simples;2 eixos rodagem simples;1129701211;28/06/2024;18:23:43;;;;28/06/2024;18:24:03;RODOVIAS DAS COLINAS S.A;SP 300, 137.722, OESTE, PORTO FELIZ - SP;9,9;Debito;Passagem Dentro SLA;;;;5;2;ARTESP;24;1013;true;edf2c567-79d2-4a31-b147-e4114396174d
05437537000137;AUTO GERAL AUTOPECAS LTDA;229258;1425030936;GIG7685;2 eixos rodagem simples;2 eixos rodagem simples;1148968566;28/06/2024;18:13:52;;;;28/06/2024;18:14:03;RODOVIAS DAS COLINAS S.A;SP 300, 137.722, OESTE, PORTO FELIZ - SP;9,9;Debito;Passagem Dentro SLA;;;;5;2;ARTESP;24;1013;true;bf819687-7aca-4bae-b306-b447b71b6032
05437537000137;AUTO GERAL AUTOPECAS LTDA;229258;1424956533;PXD7G42;2 eixos rodagem simples;2 eixos rodagem simples;2167066407;28/06/2024;17:27:05;;;;28/06/2024;17:27:18;RODOVIAS DAS COLINAS S.A;SP 300, 137.722, OESTE, PORTO FELIZ - SP;9,9;Debito;Passagem Dentro SLA;;;;5;2;ARTESP;24;1013;true;00e2f5cd-4e0d-4f7c-88a6-8e08d0f950b3
05437537000137;AUTO GERAL AUTOPECAS LTDA;229258;1424934038;DFJ9195;2 eixos rodagem simples;2 eixos rodagem simples;2199910708;28/06/2024;17:12:23;;;;28/06/2024;17:12:40;CONCESSIONARIA DE RODOVIAS DO OESTE DE SAO PAULO VIAOESTE S.A;SP 075, 12.5, SUL, ITU - SP;8,6;Debito;Passagem Dentro SLA;;;;154;112;ARTESP;286;1012;true;1947780d-1fe9-4b42-a311-52d73ebb4954
05437537000137;AUTO GERAL AUTOPECAS LTDA;229258;1424651592;PXD7G42;2 eixos rodagem simples;2 eixos rodagem simples;2167066407;28/06/2024;14:00:09;;;;28/06/2024;14:00:18;RODOVIAS DAS COLINAS S.A;SP 300, 137.722, OESTE, PORTO FELIZ - SP;9,9;Debito;Passagem Dentro SLA;;;;5;2;ARTESP;24;1013;true;22c70f15-c199-4e19-9099-beeac58fb96b
05437537000137;AUTO GERAL AUTOPECAS LTDA;229258;1424453337;GIA7B06;2 eixos rodagem simples;2 eixos rodagem simples;2132631068;28/06/2024;11:09:52;;;;28/06/2024;11:10:06;CONCESSIONARIA DE RODOVIAS DO OESTE DE SAO PAULO VIAOESTE S.A;SP 075, 12.5, SUL, ITU - SP;8,6;Debito;Passagem Dentro SLA;;;;154;112;ARTESP;286;1012;true;7dea68c3-0aac-4eb8-9efc-9dacb1cb7eb3
05437537000137;AUTO GERAL AUTOPECAS LTDA;229258;1424429112;PXD7G42;2 eixos rodagem simples;2 eixos rodagem simples;2167066407;28/06/2024;10:49:07;;;;28/06/2024;10:49:18;RODOVIAS DAS COLINAS S.A;SP 300, 137.722, OESTE, PORTO FELIZ - SP;9,9;Debito;Passagem Dentro SLA;;;;5;2;ARTESP;24;1013;true;56b028f5-731d-44a2-9d75-00fcf65c9787
05437537000137;AUTO GERAL AUTOPECAS LTDA;229258;1424348792;ERF3783;2 eixos rodagem simples;2 eixos rodagem simples;2130205569;28/06/2024;09:38:22;;;;28/06/2024;09:40:15;CONCESSIONARIA DE RODOVIAS DO OESTE DE SAO PAULO VIAOESTE S.A;SP 280, 74.0, LESTE, ITU - SP;15,2;Debito;Passagem Dentro SLA;;;;143;116;ARTESP;286;1012;true;1cccc009-17ad-4420-b3f3-7e05721da7b6
05437537000137;AUTO GERAL AUTOPECAS LTDA;229258;1424269913;DWH6543;2 eixos rodagem simples;2 eixos rodagem simples;1129701211;28/06/2024;08:23:53;;;;28/06/2024;08:23:59;RODOVIAS DAS COLINAS S.A;SP 300, 137.722, OESTE, PORTO FELIZ - SP;9,9;Debito;Passagem Dentro SLA;;;;5;9;ARTESP;24;1013;true;92c6d7b2-2e61-480e-89db-38c856de1ea5
05437537000137;AUTO GERAL AUTOPECAS LTDA;229258;1424248116;GIA7B06;2 eixos rodagem simples;2 eixos rodagem simples;2132631068;28/06/2024;08:05:41;;;;28/06/2024;08:05:56;CONCESSIONARIA DE RODOVIAS DO OESTE DE SAO PAULO VIAOESTE S.A;SP 075, 12.5, SUL, ITU - SP;8,6;Debito;Passagem Dentro SLA;;;;154;112;ARTESP;286;1012;true;838b6c24-79e4-4afa-a500-c9ca248f8969
05437537000137;AUTO GERAL AUTOPECAS LTDA;229258;1424210642;QUA2G54;2 eixos rodagem simples;2 eixos rodagem simples;1131434587;28/06/2024;07:36:34;;;;28/06/2024;07:38:15;CONCESSIONARIA DE RODOVIAS DO OESTE DE SAO PAULO VIAOESTE S.A;SP 075, 12.5, SUL, ITU - SP;8,6;Debito;Passagem Dentro SLA;;;;154;112;ARTESP;286;1012;true;76a2bc79-57b0-40c5-9511-9b13f98ee7ab
05437537000137;AUTO GERAL AUTOPECAS LTDA;229258;1423720400;DWH6543;2 eixos rodagem simples;2 eixos rodagem simples;1129701211;27/06/2024;18:25:27;;;;27/06/2024;18:25:34;RODOVIAS DAS COLINAS S.A;SP 300, 137.722, OESTE, PORTO FELIZ - SP;9,9;Debito;Passagem Dentro SLA;;;;5;2;ARTESP;24;1013;true;27f5113c-cc16-44e6-bce7-7d1e8922bdde
05437537000137;AUTO GERAL AUTOPECAS LTDA;229258;1423720396;GIG7685;2 eixos rodagem simples;2 eixos rodagem simples;1148968566;27/06/2024;18:25:19;;;;27/06/2024;18:25:34;RODOVIAS DAS COLINAS S.A;SP 300, 137.722, OESTE, PORTO FELIZ - SP;9,9;Debito;Passagem Dentro SLA;;;;5;2;ARTESP;24;1013;true;979b7124-d93f-4319-82dc-f68894884834
05437537000137;AUTO GERAL AUTOPECAS LTDA;229258;1423652339;PXD7G42;2 eixos rodagem simples;2 eixos rodagem simples;2167066407;27/06/2024;17:28:15;;;;27/06/2024;17:28:21;RODOVIAS DAS COLINAS S.A;SP 300, 137.722, OESTE, PORTO FELIZ - SP;9,9;Debito;Passagem Dentro SLA;;;;5;2;ARTESP;24;1013;true;12adfe02-23a7-484c-ac7c-004f8eb8b983
05437537000137;AUTO GERAL AUTOPECAS LTDA;229258;1423611062;DFJ9195;2 eixos rodagem simples;2 eixos rodagem simples;2199910708;27/06/2024;16:52:24;;;;27/06/2024;16:52:34;CONCESSIONARIA DE RODOVIAS DO OESTE DE SAO PAULO VIAOESTE S.A;SP 075, 12.5, SUL, ITU - SP;8,6;Debito;Passagem Dentro SLA;;;;154;112;ARTESP;286;1012;true;529c923c-a069-4161-bd37-13637b9ce12e
05437537000137;AUTO GERAL AUTOPECAS LTDA;229258;1423488207;GIA7B06;2 eixos rodagem simples;2 eixos rodagem simples;2132631068;27/06/2024;15:13:47;;;;27/06/2024;15:13:57;CONCESSIONARIA DE RODOVIAS DO OESTE DE SAO PAULO VIAOESTE S.A;SP 075, 12.5, SUL, ITU - SP;8,6;Debito;Passagem Dentro SLA;;;;154;112;ARTESP;286;1012;true;8bfda253-4bbc-42ac-af00-324a65440415
05437537000137;AUTO GERAL AUTOPECAS LTDA;229258;1423473737;FLL4673;2 eixos rodagem simples;2 eixos rodagem simples;1156734683;27/06/2024;15:00:01;;;;27/06/2024;15:00:20;CONCESSIONARIA RODOVIAS DO TIETE S.A;SP 300 - RODOVIA MARECHAL RONDON, 192.1, LESTE, CONCHAS - SP;8,9;Debito;Passagem Dentro SLA;;;;3001;7;ARTESP;3;1021;true;fa08fb14-7ff5-4ef1-8ab7-d19f3dd1e1b7
05437537000137;AUTO GERAL AUTOPECAS LTDA;229258;1423432071;FLL4673;2 eixos rodagem simples;2 eixos rodagem simples;1156734683;27/06/2024;14:24:23;;;;27/06/2024;14:24:29;CONCESSIONARIA RODOVIAS DO TIETE S.A;SP 300 - RODOVIA MARECHAL RONDON, 192.1, OESTE, CONCHAS - SP;8,9;Debito;Passagem Dentro SLA;;;;3002;3;ARTESP;3;1021;true;bcb263f2-8d7f-4720-8924-c486faeb8c9e
05437537000137;AUTO GERAL AUTOPECAS LTDA;229258;1423400959;PXD7G42;2 eixos rodagem simples;2 eixos rodagem simples;2167066407;27/06/2024;13:53:08;;;;27/06/2024;13:53:19;RODOVIAS DAS COLINAS S.A;SP 300, 137.722, OESTE, PORTO FELIZ - SP;9,9;Debito;Passagem Dentro SLA;;;;5;2;ARTESP;24;1013;true;2fea1e37-0182-47c6-876e-2673d50fd9aa
05437537000137;AUTO GERAL AUTOPECAS LTDA;229258;1423225647;GIA7B06;2 eixos rodagem simples;2 eixos rodagem simples;2132631068;27/06/2024;11:10:41;;;;27/06/2024;11:10:53;CONCESSIONARIA DE RODOVIAS DO OESTE DE SAO PAULO VIAOESTE S.A;SP 075, 12.5, SUL, ITU - SP;8,6;Debito;Passagem Dentro SLA;;;;154;112;ARTESP;286;1012;true;8ea72013-2474-444a-aafd-45005efd4c81
05437537000137;AUTO GERAL AUTOPECAS LTDA;229258;1423212439;PXD7G42;2 eixos rodagem simples;2 eixos rodagem simples;2167066407;27/06/2024;10:57:46;;;;27/06/2024;10:57:51;RODOVIAS DAS COLINAS S.A;SP 300, 137.722, OESTE, PORTO FELIZ - SP;9,9;Debito;Passagem Dentro SLA;;;;5;2;ARTESP;24;1013;true;74459657-a657-4639-b0f9-5ce90386b8e6
05437537000137;AUTO GERAL AUTOPECAS LTDA;229258;1423264844;FLL4673;2 eixos rodagem simples;2 eixos rodagem simples;1156734683;27/06/2024;10:54:50;;;;27/06/2024;11:46:59;CONCESSIONARIA RODOVIAS DO TIETE S.A;SP 300 - RODOVIA MARECHAL RONDON, 192.1, LESTE, CONCHAS - SP;8,9;Debito;Passagem Dentro SLA;;;;3001;7;ARTESP;3;1021;true;6c306827-6e41-4523-b940-133716d1f50a
05437537000137;AUTO GERAL AUTOPECAS LTDA;229258;1423261106;FLL4673;2 eixos rodagem simples;2 eixos rodagem simples;1156734683;27/06/2024;10:05:30;;;;27/06/2024;11:44:57;CONCESSIONARIA RODOVIAS DO TIETE S.A;SP 300 - RODOVIA MARECHAL RONDON, 192.1, OESTE, CONCHAS - SP;8,9;Debito;Passagem Dentro SLA;;;;3002;2;ARTESP;3;1021;true;ce207823-62b0-42c4-8461-17d31951cc5c
05437537000137;AUTO GERAL AUTOPECAS LTDA;229258;1423022139;GIA7B06;2 eixos rodagem simples;2 eixos rodagem simples;2132631068;27/06/2024;08:04:06;;;;27/06/2024;08:05:47;CONCESSIONARIA DE RODOVIAS DO OESTE DE SAO PAULO VIAOESTE S.A;SP 075, 12.5, SUL, ITU - SP;8,6;Debito;Passagem Dentro SLA;;;;154;112;ARTESP;286;1012;true;5f20a689-5fbf-4d53-b57e-2255dfed9b37
05437537000137;AUTO GERAL AUTOPECAS LTDA;229258;1422987646;DWH6543;2 eixos rodagem simples;2 eixos rodagem simples;1129701211;27/06/2024;07:36:30;;;;27/06/2024;07:36:47;RODOVIAS DAS COLINAS S.A;SP 300, 137.722, OESTE, PORTO FELIZ - SP;9,9;Debito;Passagem Dentro SLA;;;;5;9;ARTESP;24;1013;true;a9387d2f-9175-43d9-a49e-9385f99ce74f
05437537000137;AUTO GERAL AUTOPECAS LTDA;229258;1422514774;GIG7685;2 eixos rodagem simples;2 eixos rodagem simples;1148968566;26/06/2024;18:31:35;;;;26/06/2024;18:31:53;RODOVIAS DAS COLINAS S.A;SP 300, 137.722, OESTE, PORTO FELIZ - SP;9,9;Debito;Passagem Dentro SLA;;;;5;2;ARTESP;24;1013;true;ec50bbf8-7d12-4b34-b8db-d3114123b469
05437537000137;AUTO GERAL AUTOPECAS LTDA;229258;1422507738;DWH6543;2 eixos rodagem simples;2 eixos rodagem simples;1129701211;26/06/2024;18:24:14;;;;26/06/2024;18:24:38;RODOVIAS DAS COLINAS S.A;SP 280, 111.3, LESTE, BOITUVA - SP;12,4;Debito;Passagem Dentro SLA;;;;2;3;ARTESP;24;1013;true;8bf143f0-0d2b-4db0-98a8-c478ff313748
05437537000137;AUTO GERAL AUTOPECAS LTDA;229258;1422437871;PXD7G42;2 eixos rodagem simples;2 eixos rodagem simples;2167066407;26/06/2024;17:25:56;;;;26/06/2024;17:26:15;RODOVIAS DAS COLINAS S.A;SP 300, 137.722, OESTE, PORTO FELIZ - SP;9,9;Debito;Passagem Dentro SLA;;;;5;2;ARTESP;24;1013;true;5d468fb3-17d0-4846-b1b5-f745648507f6
05437537000137;AUTO GERAL AUTOPECAS LTDA;229258;1422411877;DFJ9195;2 eixos rodagem simples;2 eixos rodagem simples;2199910708;26/06/2024;17:05:13;;;;26/06/2024;17:05:21;CONCESSIONARIA DE RODOVIAS DO OESTE DE SAO PAULO VIAOESTE S.A;SP 075, 12.5, SUL, ITU - SP;8,6;Debito;Passagem Dentro SLA;;;;154;112;ARTESP;286;1012;true;8b28f15f-9db6-477a-b104-86c97501335a
05437537000137;AUTO GERAL AUTOPECAS LTDA;229258;1422288196;GIA7B06;2 eixos rodagem simples;2 eixos rodagem simples;2132631068;26/06/2024;15:14:39;;;;26/06/2024;15:14:48;CONCESSIONARIA DE RODOVIAS DO OESTE DE SAO PAULO VIAOESTE S.A;SP 075, 12.5, SUL, ITU - SP;8,6;Debito;Passagem Dentro SLA;;;;154;112;ARTESP;286;1012;true;3ae359a3-cee6-4a37-9df8-236e6b7d5e37
05437537000137;AUTO GERAL AUTOPECAS LTDA;229258;1422208911;PXD7G42;2 eixos rodagem simples;2 eixos rodagem simples;2167066407;26/06/2024;13:51:25;;;;26/06/2024;13:51:28;RODOVIAS DAS COLINAS S.A;SP 300, 137.722, OESTE, PORTO FELIZ - SP;9,9;Debito;Passagem Dentro SLA;;;;5;2;ARTESP;24;1013;true;c75db725-150f-43ad-ad8e-4957e51fd20e
05437537000137;AUTO GERAL AUTOPECAS LTDA;229258;1422044278;FLL4673;2 eixos, rodagem simples;2 eixos, rodagem simples;1156734683;26/06/2024;11:25:33;01/01/2000;00:00:00;;26/06/2024;11:25:47;CONCESSIONARIA RODOVIAS DO TIETE S.A;SP 300 - RODOVIA MARECHAL RONDON, 192.1, LESTE, CONCHAS - SP;8,9;Debito;Passagem Dentro SLA;;;;3001;7;;3;1021;false;8aee2e6c-85c1-474a-9614-f6eb0d42a0d3
05437537000137;AUTO GERAL AUTOPECAS LTDA;229258;1422022713;GIA7B06;2 eixos, rodagem simples;2 eixos, rodagem simples;2132631068;26/06/2024;11:11:25;01/01/2000;00:00:00;;26/06/2024;11:11:33;CONCESSIONARIA DE RODOVIAS DO OESTE DE SAO PAULO VIAOESTE S.A;SP 075, 12.5, SUL, ITU - SP;8,6;Debito;Passagem Dentro SLA;;;;154;112;;286;1012;false;3034f82b-7901-4ea1-a724-9e9f0f39cc41
05437537000137;AUTO GERAL AUTOPECAS LTDA;229258;1422003615;PXD7G42;2 eixos, rodagem simples;2 eixos, rodagem simples;2167066407;26/06/2024;10:55:39;01/01/2000;00:00:00;;26/06/2024;10:55:49;RODOVIAS DAS COLINAS S.A;SP 300, 137.722, OESTE, PORTO FELIZ - SP;9,9;Debito;Passagem Dentro SLA;;;;5;2;;24;1013;false;5ee5e347-236b-42bf-a0b0-76127a83f09c
05437537000137;AUTO GERAL AUTOPECAS LTDA;229258;1421997678;FLL4673;2 eixos, rodagem simples;2 eixos, rodagem simples;1156734683;26/06/2024;10:51:53;01/01/2000;00:00:00;;26/06/2024;10:51:58;CONCESSIONARIA RODOVIAS DO TIETE S.A;SP 300 - RODOVIA MARECHAL RONDON, 192.1, OESTE, CONCHAS - SP;8,9;Debito;Passagem Dentro SLA;;;;3002;2;;3;1021;false;e8b123c8-d164-4e45-a0be-7331c2e0372a
05437537000137;AUTO GERAL AUTOPECAS LTDA;229258;1421821172;GIA7B06;2 eixos, rodagem simples;2 eixos, rodagem simples;2132631068;26/06/2024;08:07:04;01/01/2000;00:00:00;;26/06/2024;08:08:38;CONCESSIONARIA DE RODOVIAS DO OESTE DE SAO PAULO VIAOESTE S.A;SP 075, 12.5, SUL, ITU - SP;8,6;Debito;Passagem Dentro SLA;;;;154;112;;286;1012;false;b71412f4-eb0a-452d-bfeb-754ef27c2eae
05437537000137;AUTO GERAL AUTOPECAS LTDA;229258;1421779098;DWH6543;2 eixos, rodagem simples;2 eixos, rodagem simples;1129701211;26/06/2024;07:36:18;01/01/2000;00:00:00;;26/06/2024;07:36:24;RODOVIAS DAS COLINAS S.A;SP 300, 137.722, OESTE, PORTO FELIZ - SP;9,9;Debito;Passagem Dentro SLA;;;;5;9;;24;1013;false;32af2c78-4d21-42de-9341-4a3f88864bac
05437537000137;AUTO GERAL AUTOPECAS LTDA;229258;1421776988;QUA2G54;2 eixos, rodagem simples;2 eixos, rodagem simples;1131434587;26/06/2024;07:34:36;01/01/2000;00:00:00;;26/06/2024;07:34:45;CONCESSIONARIA DE RODOVIAS DO OESTE DE SAO PAULO VIAOESTE S.A;SP 075, 12.5, SUL, ITU - SP;8,6;Debito;Passagem Dentro SLA;;;;154;112;;286;1012;false;1be04cef-2281-4541-9a27-aeda2a041bea
05437537000137;AUTO GERAL AUTOPECAS LTDA;229258;1421458307;GIG7685;2 eixos rodagem simples;2 eixos rodagem simples;1148968566;25/06/2024;18:26:07;;;;25/06/2024;18:26:32;RODOVIAS DAS COLINAS S.A;SP 300, 137.722, OESTE, PORTO FELIZ - SP;9,9;Debito;Passagem Dentro SLA;;;;5;3;ARTESP;24;1013;true;f87026a7-8883-44e8-aa02-67a59b49b7fa
05437537000137;AUTO GERAL AUTOPECAS LTDA;229258;1421388144;PXD7G42;2 eixos rodagem simples;2 eixos rodagem simples;2167066407;25/06/2024;17:31:30;;;;25/06/2024;17:31:37;RODOVIAS DAS COLINAS S.A;SP 300, 137.722, OESTE, PORTO FELIZ - SP;9,9;Debito;Passagem Dentro SLA;;;;5;2;ARTESP;24;1013;true;da3db7d5-f81d-4749-b153-50ebd12fe392
05437537000137;AUTO GERAL AUTOPECAS LTDA;229258;1421360904;DWH6543;2 eixos rodagem simples;2 eixos rodagem simples;1129701211;25/06/2024;17:04:25;;;;25/06/2024;17:04:49;RODOVIAS DAS COLINAS S.A;SP 300, 137.722, OESTE, PORTO FELIZ - SP;9,9;Debito;Passagem Dentro SLA;;;;5;2;ARTESP;24;1013;true;b6dc7770-e86b-4a4e-8732-0a2898117f68
05437537000137;AUTO GERAL AUTOPECAS LTDA;229258;1421325279;DWH6543;2 eixos rodagem simples;2 eixos rodagem simples;1129701211;25/06/2024;16:10:59;;;;25/06/2024;16:11:18;RODOVIAS DAS COLINAS S.A;SP 300, 137.722, OESTE, PORTO FELIZ - SP;9,9;Debito;Passagem Dentro SLA;;;;5;9;ARTESP;24;1013;true;bbcc3aa4-290c-4c57-a4ea-80fc443a01b3
05437537000137;AUTO GERAL AUTOPECAS LTDA;229258;1421295980;GIA7B06;2 eixos rodagem simples;2 eixos rodagem simples;2132631068;25/06/2024;15:14:02;;;;25/06/2024;15:14:08;CONCESSIONARIA DE RODOVIAS DO OESTE DE SAO PAULO VIAOESTE S.A;SP 075, 12.5, SUL, ITU - SP;8,6;Debito;Passagem Dentro SLA;;;;154;112;ARTESP;286;1012;true;95c46097-0caa-4e14-b6be-ae5ba9305df5
05437537000137;AUTO GERAL AUTOPECAS LTDA;229258;1420926128;PXD7G42;2 eixos, rodagem simples;2 eixos, rodagem simples;2167066407;25/06/2024;13:53:55;01/01/2000;00:00:00;;25/06/2024;13:54:11;RODOVIAS DAS COLINAS S.A;SP 300, 137.722, OESTE, PORTO FELIZ - SP;9,9;Debito;Passagem Dentro SLA;;;;5;2;;24;1013;false;54132b3f-d529-4d26-9e1c-eb22bc6d08b6
05437537000137;AUTO GERAL AUTOPECAS LTDA;229258;1420858488;FLL4673;2 eixos, rodagem simples;2 eixos, rodagem simples;1156734683;25/06/2024;12:20:35;01/01/2000;00:00:00;;25/06/2024;12:20:57;CONCESSIONARIA RODOVIAS DO TIETE S.A;SP 300 - RODOVIA MARECHAL RONDON, 192.1, LESTE, CONCHAS - SP;8,9;Debito;Passagem Dentro SLA;;;;3001;7;;3;1021;false;f55c0341-6ba2-4654-9aec-a9e917db13ee
05437537000137;AUTO GERAL AUTOPECAS LTDA;229258;1421289998;FLL4673;2 eixos rodagem simples;2 eixos rodagem simples;1156734683;25/06/2024;11:55:43;;;;25/06/2024;11:55:55;CONCESSIONARIA RODOVIAS DO TIETE S.A;SP 300 - RODOVIA MARECHAL RONDON, 192.1, OESTE, CONCHAS - SP;8,9;Debito;Passagem Dentro SLA;;;;3002;2;ARTESP;3;1021;true;4010d251-6e40-4a76-9b91-86daebb4caf5
05437537000137;AUTO GERAL AUTOPECAS LTDA;229258;1420787073;GIY1B04;2 eixos, rodagem simples;2 eixos, rodagem simples;1172923315;25/06/2024;11:46:10;01/01/2000;00:00:00;;25/06/2024;11:46:26;CONCESSIONARIA DE RODOVIAS DO OESTE DE SAO PAULO VIAOESTE S.A;SP 280, 74.0, LESTE, ITU - SP;15,2;Debito;Passagem Dentro SLA;;;;143;115;;286;1012;false;34eecfc9-10f2-4b35-b3ec-13077db8edcd
05437537000137;AUTO GERAL AUTOPECAS LTDA;229258;1420788402;GIA7B06;2 eixos, rodagem simples;2 eixos, rodagem simples;2132631068;25/06/2024;11:14:56;01/01/2000;00:00:00;;25/06/2024;11:17:18;CONCESSIONARIA DE RODOVIAS DO OESTE DE SAO PAULO VIAOESTE S.A;SP 075, 12.5, SUL, ITU - SP;8,6;Debito;Passagem Fora SLA;;;;154;112;;286;1012;false;bca27c82-d290-4a58-959a-adf191b30329
05437537000137;AUTO GERAL AUTOPECAS LTDA;229258;1421289282;PXD7G42;2 eixos rodagem simples;2 eixos rodagem simples;2167066407;25/06/2024;10:52:59;;;;25/06/2024;10:53:11;RODOVIAS DAS COLINAS S.A;SP 300, 137.722, OESTE, PORTO FELIZ - SP;9,9;Debito;Passagem Dentro SLA;;;;5;2;ARTESP;24;1013;true;55ad914b-4130-4999-a5f2-fc8847584279
05437537000137;AUTO GERAL AUTOPECAS LTDA;229258;1420647280;DWH6543;2 eixos, rodagem simples;2 eixos, rodagem simples;1129701211;25/06/2024;08:53:41;01/01/2000;00:00:00;;25/06/2024;08:53:58;RODOVIAS DAS COLINAS S.A;SP 280, 111.3, LESTE, BOITUVA - SP;12,4;Debito;Passagem Dentro SLA;;;;2;3;;24;1013;false;e43a04b2-37ed-4493-8809-126186a586f8
05437537000137;AUTO GERAL AUTOPECAS LTDA;229258;1420595969;GIA7B06;2 eixos, rodagem simples;2 eixos, rodagem simples;2132631068;25/06/2024;08:02:41;01/01/2000;00:00:00;;25/06/2024;08:03:36;CONCESSIONARIA DE RODOVIAS DO OESTE DE SAO PAULO VIAOESTE S.A;SP 075, 12.5, SUL, ITU - SP;8,6;Debito;Passagem Dentro SLA;;;;154;111;;286;1012;false;cf0db873-201c-47a9-a5d9-d927ffef3f77
05437537000137;AUTO GERAL AUTOPECAS LTDA;229258;1420564339;QUA2G54;2 eixos, rodagem simples;2 eixos, rodagem simples;1131434587;25/06/2024;07:33:41;01/01/2000;00:00:00;;25/06/2024;07:34:36;CONCESSIONARIA DE RODOVIAS DO OESTE DE SAO PAULO VIAOESTE S.A;SP 075, 12.5, SUL, ITU - SP;8,6;Debito;Passagem Dentro SLA;;;;154;111;;286;1012;false;676e07fb-a139-4739-ab79-5c1178841f4d
05437537000137;AUTO GERAL AUTOPECAS LTDA;229258;1420557514;DWH6543;2 eixos, rodagem simples;2 eixos, rodagem simples;1129701211;25/06/2024;07:26:19;01/01/2000;00:00:00;;25/06/2024;07:26:34;RODOVIAS DAS COLINAS S.A;SP 300, 137.722, OESTE, PORTO FELIZ - SP;9,9;Debito;Passagem Dentro SLA;;;;5;9;;24;1013;false;9e4137f4-9d84-4c33-8f5c-068deb058887
05437537000137;AUTO GERAL AUTOPECAS LTDA;229258;1420025108;GIG7685;2 eixos, rodagem simples;2 eixos, rodagem simples;1148968566;24/06/2024;18:27:10;01/01/2000;00:00:00;;24/06/2024;18:27:34;RODOVIAS DAS COLINAS S.A;SP 300, 137.722, OESTE, PORTO FELIZ - SP;9,9;Debito;Passagem Dentro SLA;;;;5;2;;24;1013;false;77670dd7-f069-4799-9542-ba7637860bba
05437537000137;AUTO GERAL AUTOPECAS LTDA;229258;1420024104;DWH6543;2 eixos, rodagem simples;2 eixos, rodagem simples;1129701211;24/06/2024;18:26:23;01/01/2000;00:00:00;;24/06/2024;18:26:29;RODOVIAS DAS COLINAS S.A;SP 300, 137.722, OESTE, PORTO FELIZ - SP;9,9;Debito;Passagem Dentro SLA;;;;5;2;;24;1013;false;86416673-8ff5-4b4b-89b4-191a1f60932f
05437537000137;AUTO GERAL AUTOPECAS LTDA;229258;1420397571;PXD7G42;2 eixos rodagem simples;2 eixos rodagem simples;2167066407;24/06/2024;17:32:40;;;;24/06/2024;17:32:50;RODOVIAS DAS COLINAS S.A;SP 300, 137.722, OESTE, PORTO FELIZ - SP;9,9;Debito;Passagem Dentro SLA;;;;5;2;ARTESP;24;1013;true;95f7dc15-b313-4f50-af10-df3182a1c71f
05437537000137;AUTO GERAL AUTOPECAS LTDA;229258;1419820416;GIA7B06;2 eixos, rodagem simples;2 eixos, rodagem simples;2132631068;24/06/2024;15:19:00;01/01/2000;00:00:00;;24/06/2024;15:19:52;CONCESSIONARIA DE RODOVIAS DO OESTE DE SAO PAULO VIAOESTE S.A;SP 075, 12.5, SUL, ITU - SP;8,6;Debito;Passagem Dentro SLA;;;;154;112;;286;1012;false;27498b05-a0d7-48b6-a490-12e70acb634d
05437537000137;AUTO GERAL AUTOPECAS LTDA;229258;1419738256;PXD7G42;2 eixos, rodagem simples;2 eixos, rodagem simples;2167066407;24/06/2024;13:54:04;01/01/2000;00:00:00;;24/06/2024;13:54:09;RODOVIAS DAS COLINAS S.A;SP 300, 137.722, OESTE, PORTO FELIZ - SP;9,9;Debito;Passagem Dentro SLA;;;;5;2;;24;1013;false;ff75d1da-6111-4fb1-a0e1-d4da974fe287
05437537000137;AUTO GERAL AUTOPECAS LTDA;229258;1419649708;ERF3783;2 eixos, rodagem simples;2 eixos, rodagem simples;2130205569;24/06/2024;12:21:07;01/01/2000;00:00:00;;24/06/2024;12:21:18;CONCESSIONARIA DE RODOVIAS DO OESTE DE SAO PAULO VIAOESTE S.A;SP 280, 74.0, LESTE, ITU - SP;15,2;Debito;Passagem Dentro SLA;;;;143;115;;286;1012;false;9a0e6c89-97a2-4b62-a50d-9064a95b703f
05437537000137;AUTO GERAL AUTOPECAS LTDA;229258;1419600419;GIA7B06;2 eixos, rodagem simples;2 eixos, rodagem simples;2132631068;24/06/2024;11:22:56;01/01/2000;00:00:00;;24/06/2024;11:23:48;CONCESSIONARIA DE RODOVIAS DO OESTE DE SAO PAULO VIAOESTE S.A;SP 075, 12.5, SUL, ITU - SP;8,6;Debito;Passagem Dentro SLA;;;;154;112;;286;1012;false;f9e0f19c-0b58-4342-819d-89fdac8ba27f
05437537000137;AUTO GERAL AUTOPECAS LTDA;229258;1419578321;PXD7G42;2 eixos, rodagem simples;2 eixos, rodagem simples;2167066407;24/06/2024;11:02:19;01/01/2000;00:00:00;;24/06/2024;11:02:26;RODOVIAS DAS COLINAS S.A;SP 300, 137.722, OESTE, PORTO FELIZ - SP;9,9;Debito;Passagem Dentro SLA;;;;5;2;;24;1013;false;536d722c-de9b-4426-8781-ab5d1beef7a0
05437537000137;AUTO GERAL AUTOPECAS LTDA;229258;1419408765;GIA7B06;2 eixos, rodagem simples;2 eixos, rodagem simples;2132631068;24/06/2024;08:07:44;01/01/2000;00:00:00;;24/06/2024;08:10:03;CONCESSIONARIA DE RODOVIAS DO OESTE DE SAO PAULO VIAOESTE S.A;SP 075, 12.5, SUL, ITU - SP;8,6;Debito;Passagem Fora SLA;;;;154;112;;286;1012;false;e52a7984-7708-4d6c-9a54-968ccc92a850
05437537000137;AUTO GERAL AUTOPECAS LTDA;229258;1419375230;QUA2G54;2 eixos, rodagem simples;2 eixos, rodagem simples;1131434587;24/06/2024;07:33:41;01/01/2000;00:00:00;;24/06/2024;07:34:33;CONCESSIONARIA DE RODOVIAS DO OESTE DE SAO PAULO VIAOESTE S.A;SP 075, 12.5, SUL, ITU - SP;8,6;Debito;Passagem Dentro SLA;;;;154;112;;286;1012;false;59bd9042-4f39-462b-81e1-0335939a0fda
05437537000137;AUTO GERAL AUTOPECAS LTDA;229258;1419345186;DWH6543;2 eixos, rodagem simples;2 eixos, rodagem simples;1129701211;24/06/2024;07:02:22;01/01/2000;00:00:00;;24/06/2024;07:02:37;RODOVIAS DAS COLINAS S.A;SP 300, 137.722, OESTE, PORTO FELIZ - SP;9,9;Debito;Passagem Dentro SLA;;;;5;9;;24;1013;false;036cb73e-6626-473e-af2f-e9987505f267
05437537000137;AUTO GERAL AUTOPECAS LTDA;229258;1417376138;GIG7685;2 eixos, rodagem simples;2 eixos, rodagem simples;1148968566;22/06/2024;12:25:30;01/01/2000;00:00:00;;22/06/2024;12:25:49;RODOVIAS DAS COLINAS S.A;SP 300, 137.722, OESTE, PORTO FELIZ - SP;9,9;Debito;Passagem Dentro SLA;;;;5;2;;24;1013;false;33983241-eb4b-488e-b73f-ed3a472c0965
05437537000137;AUTO GERAL AUTOPECAS LTDA;229258;1417088866;QUA2G54;2 eixos, rodagem simples;2 eixos, rodagem simples;1131434587;22/06/2024;07:27:05;01/01/2000;00:00:00;;22/06/2024;07:29:15;CONCESSIONARIA DE RODOVIAS DO OESTE DE SAO PAULO VIAOESTE S.A;SP 075, 12.5, SUL, ITU - SP;8,6;Debito;Passagem Fora SLA;;;;154;112;;286;1012;false;d8eaea3e-ad04-4735-899b-3215e442fc99
05437537000137;AUTO GERAL AUTOPECAS LTDA;229258;1416926672;DWH6543;2 eixos rodagem simples;2 eixos rodagem simples;1129701211;21/06/2024;18:52:44;;;;21/06/2024;18:52:55;RODOVIAS DAS COLINAS S.A;SP 300, 137.722, OESTE, PORTO FELIZ - SP;9,9;Debito;Passagem Dentro SLA;;;;5;2;ARTESP;24;1013;true;6319734f-fcfd-4903-b459-dc9b63931abe
05437537000137;AUTO GERAL AUTOPECAS LTDA;229258;1416918139;GIG7685;2 eixos rodagem simples;2 eixos rodagem simples;1148968566;21/06/2024;18:11:18;;;;21/06/2024;18:11:32;RODOVIAS DAS COLINAS S.A;SP 300, 137.722, OESTE, PORTO FELIZ - SP;9,9;Debito;Passagem Dentro SLA;;;;5;2;ARTESP;24;1013;true;9b8a067f-708e-4ae4-a16c-4a826abb0840
05437537000137;AUTO GERAL AUTOPECAS LTDA;229258;1416907319;PXD7G42;2 eixos rodagem simples;2 eixos rodagem simples;2167066407;21/06/2024;17:12:36;;;;21/06/2024;17:12:49;RODOVIAS DAS COLINAS S.A;SP 300, 137.722, OESTE, PORTO FELIZ - SP;9,9;Debito;Passagem Dentro SLA;;;;5;2;ARTESP;24;1013;true;62651b86-848a-4557-a067-d493428779ae
05437537000137;AUTO GERAL AUTOPECAS LTDA;229258;1416175061;FYX6I43;2 eixos, rodagem simples;2 eixos, rodagem simples;1182838201;21/06/2024;15:15:52;01/01/2000;00:00:00;;21/06/2024;15:18:01;CONCESSIONARIA DE RODOVIAS DO OESTE DE SAO PAULO VIAOESTE S.A;SP 075, 12.5, SUL, ITU - SP;8,6;Debito;Passagem Fora SLA;;;;154;112;;286;1012;false;33f90ff4-fcf3-4eec-949a-e7d6a4fabfb8
05437537000137;AUTO GERAL AUTOPECAS LTDA;229258;1416145989;ERF3783;2 eixos, rodagem simples;2 eixos, rodagem simples;2130205569;21/06/2024;14:54:05;01/01/2000;00:00:00;;21/06/2024;14:54:08;CONCESSIONARIA DE RODOVIAS DO OESTE DE SAO PAULO VIAOESTE S.A;SP 280, 74.0, LESTE, ITU - SP;15,2;Debito;Passagem Dentro SLA;;;;143;116;;286;1012;false;c60efc44-3b38-4d50-ae75-bd0ad0f3fe78
05437537000137;AUTO GERAL AUTOPECAS LTDA;229258;1416042366;PXD7G42;2 eixos, rodagem simples;2 eixos, rodagem simples;2167066407;21/06/2024;13:36:03;01/01/2000;00:00:00;;21/06/2024;13:36:18;RODOVIAS DAS COLINAS S.A;SP 300, 137.722, OESTE, PORTO FELIZ - SP;9,9;Debito;Passagem Dentro SLA;;;;5;2;;24;1013;false;fb17e4f5-9ffe-4304-bfae-bbe8e68146c1
05437537000137;AUTO GERAL AUTOPECAS LTDA;229258;1415908979;FYX6I43;2 eixos, rodagem simples;2 eixos, rodagem simples;1182838201;21/06/2024;11:16:50;01/01/2000;00:00:00;;21/06/2024;11:17:37;CONCESSIONARIA DE RODOVIAS DO OESTE DE SAO PAULO VIAOESTE S.A;SP 075, 12.5, SUL, ITU - SP;8,6;Debito;Passagem Dentro SLA;;;;154;112;;286;1012;false;98c2f3af-0e96-4fb1-8a41-7391bd804ed8
05437537000137;AUTO GERAL AUTOPECAS LTDA;229258;1415879228;PXD7G42;2 eixos, rodagem simples;2 eixos, rodagem simples;2167066407;21/06/2024;10:48:03;01/01/2000;00:00:00;;21/06/2024;10:48:16;RODOVIAS DAS COLINAS S.A;SP 300, 137.722, OESTE, PORTO FELIZ - SP;9,9;Debito;Passagem Dentro SLA;;;;5;2;;24;1013;false;18e92145-fc4d-4183-ada4-e6261a6fb3a5
05437537000137;AUTO GERAL AUTOPECAS LTDA;229258;1415721440;FYX6I43;2 eixos, rodagem simples;2 eixos, rodagem simples;1182838201;21/06/2024;07:59:16;01/01/2000;00:00:00;;21/06/2024;08:00:02;CONCESSIONARIA DE RODOVIAS DO OESTE DE SAO PAULO VIAOESTE S.A;SP 075, 12.5, SUL, ITU - SP;8,6;Debito;Passagem Dentro SLA;;;;154;112;;286;1012;false;d45392be-49e4-4377-999a-461599d27789
05437537000137;AUTO GERAL AUTOPECAS LTDA;229258;1415696580;QUA2G54;2 eixos, rodagem simples;2 eixos, rodagem simples;1131434587;21/06/2024;07:36:05;01/01/2000;00:00:00;;21/06/2024;07:38:11;CONCESSIONARIA DE RODOVIAS DO OESTE DE SAO PAULO VIAOESTE S.A;SP 075, 12.5, SUL, ITU - SP;8,6;Debito;Passagem Fora SLA;;;;154;111;;286;1012;false;33c60fcf-ef90-44dc-ac28-9f54ef694aa4
05437537000137;AUTO GERAL AUTOPECAS LTDA;229258;1415691572;DWH6543;2 eixos, rodagem simples;2 eixos, rodagem simples;1129701211;21/06/2024;07:34:33;01/01/2000;00:00:00;;21/06/2024;07:34:53;RODOVIAS DAS COLINAS S.A;SP 300, 137.722, OESTE, PORTO FELIZ - SP;9,9;Debito;Passagem Dentro SLA;;;;5;9;;24;1013;false;3c755d64-761f-4694-ac07-d865d0bbfcb4
05437537000137;AUTO GERAL AUTOPECAS LTDA;229258;1414995704;GIG7685;2 eixos, rodagem simples;2 eixos, rodagem simples;1148968566;20/06/2024;17:55:17;01/01/2000;00:00:00;;20/06/2024;17:55:37;RODOVIAS DAS COLINAS S.A;SP 300, 137.722, OESTE, PORTO FELIZ - SP;9,9;Debito;Passagem Dentro SLA;;;;5;2;;24;1013;false;988f7ed1-7e2c-496a-9646-051a92ac4530
05437537000137;AUTO GERAL AUTOPECAS LTDA;229258;1414977010;PXD7G42;2 eixos, rodagem simples;2 eixos, rodagem simples;2167066407;20/06/2024;17:38:35;01/01/2000;00:00:00;;20/06/2024;17:38:55;RODOVIAS DAS COLINAS S.A;SP 300, 137.722, OESTE, PORTO FELIZ - SP;9,9;Debito;Passagem Dentro SLA;;;;5;2;;24;1013;false;560cac5f-00df-4c76-829b-0ed0e968a17e
05437537000137;AUTO GERAL AUTOPECAS LTDA;229258;1414948098;DWH6543;2 eixos, rodagem simples;2 eixos, rodagem simples;1129701211;20/06/2024;17:13:20;01/01/2000;00:00:00;;20/06/2024;17:13:45;RODOVIAS DAS COLINAS S.A;SP 300, 137.722, OESTE, PORTO FELIZ - SP;9,9;Debito;Passagem Dentro SLA;;;;5;2;;24;1013;false;f963e925-3060-49e2-9fa6-adc7cd5e2059
05437537000137;AUTO GERAL AUTOPECAS LTDA;229258;1414822542;GIA7B06;2 eixos, rodagem simples;2 eixos, rodagem simples;2132631068;20/06/2024;15:17:58;01/01/2000;00:00:00;;20/06/2024;15:18:40;CONCESSIONARIA DE RODOVIAS DO OESTE DE SAO PAULO VIAOESTE S.A;SP 075, 12.5, SUL, ITU - SP;8,6;Debito;Passagem Dentro SLA;;;;154;111;;286;1012;false;b7d69295-647e-44b0-bffd-baffe9094bd2
05437537000137;AUTO GERAL AUTOPECAS LTDA;229258;1414717354;PXD7G42;2 eixos, rodagem simples;2 eixos, rodagem simples;2167066407;20/06/2024;13:38:56;01/01/2000;00:00:00;;20/06/2024;13:39:11;RODOVIAS DAS COLINAS S.A;SP 300, 137.722, OESTE, PORTO FELIZ - SP;9,9;Debito;Passagem Dentro SLA;;;;5;2;;24;1013;false;fa21ec84-e0db-4892-b959-16d0387023e6
05437537000137;AUTO GERAL AUTOPECAS LTDA;229258;1414556508;GIA7B06;2 eixos, rodagem simples;2 eixos, rodagem simples;2132631068;20/06/2024;11:17:42;01/01/2000;00:00:00;;20/06/2024;11:18:31;CONCESSIONARIA DE RODOVIAS DO OESTE DE SAO PAULO VIAOESTE S.A;SP 075, 12.5, SUL, ITU - SP;8,6;Debito;Passagem Dentro SLA;;;;154;112;;286;1012;false;bd97c996-1eab-44f3-b264-98b3a5fad831
05437537000137;AUTO GERAL AUTOPECAS LTDA;229258;1414531506;PXD7G42;2 eixos, rodagem simples;2 eixos, rodagem simples;2167066407;20/06/2024;10:49:22;01/01/2000;00:00:00;;20/06/2024;10:49:40;RODOVIAS DAS COLINAS S.A;SP 300, 137.722, OESTE, PORTO FELIZ - SP;9,9;Debito;Passagem Dentro SLA;;;;5;2;;24;1013;false;3b0f1eb3-94a5-46d6-bd01-c2e01857d772
05437537000137;AUTO GERAL AUTOPECAS LTDA;229258;1414381222;GIA7B06;2 eixos, rodagem simples;2 eixos, rodagem simples;2132631068;20/06/2024;08:10:03;01/01/2000;00:00:00;;20/06/2024;08:10:53;CONCESSIONARIA DE RODOVIAS DO OESTE DE SAO PAULO VIAOESTE S.A;SP 075, 12.5, SUL, ITU - SP;8,6;Debito;Passagem Dentro SLA;;;;154;112;;286;1012;false;f580ca36-f184-4772-a2a5-139abd65f751
05437537000137;AUTO GERAL AUTOPECAS LTDA;229258;1414353255;QUA2G54;2 eixos, rodagem simples;2 eixos, rodagem simples;1131434587;20/06/2024;07:33:47;01/01/2000;00:00:00;;20/06/2024;07:35:59;CONCESSIONARIA DE RODOVIAS DO OESTE DE SAO PAULO VIAOESTE S.A;SP 075, 12.5, SUL, ITU - SP;8,6;Debito;Passagem Fora SLA;;;;154;112;;286;1012;false;51a51d2c-ccf5-4aa4-b9b5-7a9fb60bb4fd
05437537000137;AUTO GERAL AUTOPECAS LTDA;229258;1414350333;DWH6543;2 eixos, rodagem simples;2 eixos, rodagem simples;1129701211;20/06/2024;07:32:05;01/01/2000;00:00:00;;20/06/2024;07:32:31;RODOVIAS DAS COLINAS S.A;SP 300, 137.722, OESTE, PORTO FELIZ - SP;9,9;Debito;Passagem Dentro SLA;;;;5;9;;24;1013;false;316ae6a5-5a5b-4b68-9ba6-8c0a710120dd
05437537000137;AUTO GERAL AUTOPECAS LTDA;229258;1413823013;DWH6543;2 eixos, rodagem simples;2 eixos, rodagem simples;1129701211;19/06/2024;18:35:09;01/01/2000;00:00:00;;19/06/2024;18:35:22;RODOVIAS DAS COLINAS S.A;SP 300, 137.722, OESTE, PORTO FELIZ - SP;9,9;Debito;Passagem Dentro SLA;;;;5;2;;24;1013;false;e4fa7c77-0abc-4d2e-9d84-19d491b46429
05437537000137;AUTO GERAL AUTOPECAS LTDA;229258;1413797634;GIG7685;2 eixos, rodagem simples;2 eixos, rodagem simples;1148968566;19/06/2024;18:11:55;01/01/2000;00:00:00;;19/06/2024;18:12:07;RODOVIAS DAS COLINAS S.A;SP 300, 137.722, OESTE, PORTO FELIZ - SP;9,9;Debito;Passagem Dentro SLA;;;;5;2;;24;1013;false;c7aceed6-afc7-423c-907f-3bfb6c7830cd
05437537000137;AUTO GERAL AUTOPECAS LTDA;229258;1413757236;PXD7G42;2 eixos, rodagem simples;2 eixos, rodagem simples;2167066407;19/06/2024;17:36:03;01/01/2000;00:00:00;;19/06/2024;17:36:13;RODOVIAS DAS COLINAS S.A;SP 300, 137.722, OESTE, PORTO FELIZ - SP;9,9;Debito;Passagem Dentro SLA;;;;5;2;;24;1013;false;b63ffcac-4036-4eed-847f-2892b6befdeb
05437537000137;AUTO GERAL AUTOPECAS LTDA;229258;1413750871;DFJ9195;2 eixos, rodagem simples;2 eixos, rodagem simples;2199910708;19/06/2024;17:27:38;01/01/2000;00:00:00;;19/06/2024;17:29:49;CONCESSIONARIA DE RODOVIAS DO OESTE DE SAO PAULO VIAOESTE S.A;SP 075, 12.5, SUL, ITU - SP;8,6;Debito;Passagem Fora SLA;;;;154;111;;286;1012;false;bd85d903-d1a1-444b-8295-cc7ab04c5c25
05437537000137;AUTO GERAL AUTOPECAS LTDA;229258;1414206289;GFQ2C31;2 eixos rodagem simples;2 eixos rodagem simples;1156088112;19/06/2024;15:18:43;;;;19/06/2024;15:20:52;CONCESSIONARIA DE RODOVIAS DO OESTE DE SAO PAULO VIAOESTE S.A;SP 075, 12.5, SUL, ITU - SP;8,6;Debito;Passagem Fora SLA;;;;154;112;ARTESP;286;1012;true;b8cbd335-ed48-43dc-97e0-8c2168949484
05437537000137;AUTO GERAL AUTOPECAS LTDA;229258;1415420992;PWS9889;2 eixos rodagem simples;2 eixos rodagem simples;2139267956;19/06/2024;14:46:50;;;;20/06/2024;11:53:39;CONCESSIONARIA DE RODOVIAS DO OESTE DE SAO PAULO VIAOESTE S.A;SP 270, 78.5, LESTE, ALUMINIO - SP;12;Debito;REENVIO DENTRO SLA;;;;173;101;ARTESP;286;1012;true;005beab9-5ac2-4e81-89ca-1926a9e74570
05437537000137;AUTO GERAL AUTOPECAS LTDA;229258;1414193729;966752;Sem categoria/categoria desconhecida;;;19/06/2024;13:40:17;;;;19/06/2024;13:40:17;;Automatica-CARTAO_DE_CREDITO;1000;Credito;Recarga Automatica;;;;;;;;;;8a1649f2-d3c8-4c14-84db-53a5e18e5511
05437537000137;AUTO GERAL AUTOPECAS LTDA;229258;1413507593;PXD7G42;2 eixos, rodagem simples;2 eixos, rodagem simples;2167066407;19/06/2024;13:39:12;01/01/2000;00:00:00;;19/06/2024;13:39:37;RODOVIAS DAS COLINAS S.A;SP 300, 137.722, OESTE, PORTO FELIZ - SP;9,9;Debito;Passagem Dentro SLA;;;;5;2;;24;1013;false;c4e21dca-9dc4-4d38-9fd5-490659d3919c
05437537000137;AUTO GERAL AUTOPECAS LTDA;229258;1413421635;GIY1B04;2 eixos, rodagem simples;2 eixos, rodagem simples;1172923315;19/06/2024;12:14:12;01/01/2000;00:00:00;;19/06/2024;12:14:25;CONCESSIONARIA DE RODOVIAS DO OESTE DE SAO PAULO VIAOESTE S.A;SP 280, 74.0, LESTE, ITU - SP;15,2;Debito;Passagem Dentro SLA;;;;143;115;;286;1012;false;f4c415e7-0383-470f-8590-65f1edaaa65e
05437537000137;AUTO GERAL AUTOPECAS LTDA;229258;1413380619;GFQ2C31;2 eixos, rodagem simples;2 eixos, rodagem simples;1156088112;19/06/2024;11:22:50;01/01/2000;00:00:00;;19/06/2024;11:25:02;CONCESSIONARIA DE RODOVIAS DO OESTE DE SAO PAULO VIAOESTE S.A;SP 075, 12.5, SUL, ITU - SP;8,6;Debito;Passagem Fora SLA;;;;154;112;;286;1012;false;e8cff533-5171-4963-911f-97b325611b95
05437537000137;AUTO GERAL AUTOPECAS LTDA;229258;1413344490;PXD7G42;2 eixos, rodagem simples;2 eixos, rodagem simples;2167066407;19/06/2024;10:39:35;01/01/2000;00:00:00;;19/06/2024;10:39:56;RODOVIAS DAS COLINAS S.A;SP 300, 137.722, OESTE, PORTO FELIZ - SP;9,9;Debito;Passagem Dentro SLA;;;;5;2;;24;1013;false;13d16d5e-8482-4ca3-84cf-9024a19024cb
05437537000137;AUTO GERAL AUTOPECAS LTDA;229258;1413206130;DWH6543;2 eixos, rodagem simples;2 eixos, rodagem simples;1129701211;19/06/2024;08:16:58;01/01/2000;00:00:00;;19/06/2024;08:17:06;RODOVIAS DAS COLINAS S.A;SP 300, 137.722, OESTE, PORTO FELIZ - SP;9,9;Debito;Passagem Dentro SLA;;;;5;9;;24;1013;false;a6671a89-0540-4e8d-a4b4-b1602233312a
05437537000137;AUTO GERAL AUTOPECAS LTDA;229258;1414137261;GFQ2C31;2 eixos rodagem simples;2 eixos rodagem simples;1156088112;19/06/2024;08:06:16;;;;19/06/2024;08:07:04;CONCESSIONARIA DE RODOVIAS DO OESTE DE SAO PAULO VIAOESTE S.A;SP 075, 12.5, SUL, ITU - SP;8,6;Debito;Passagem Dentro SLA;;;;154;112;ARTESP;286;1012;true;26aab4c4-8cae-4ae8-8bdf-345ca873f7b4
05437537000137;AUTO GERAL AUTOPECAS LTDA;229258;1413155639;QUA2G54;2 eixos, rodagem simples;2 eixos, rodagem simples;1131434587;19/06/2024;07:22:28;01/01/2000;00:00:00;;19/06/2024;07:24:38;CONCESSIONARIA DE RODOVIAS DO OESTE DE SAO PAULO VIAOESTE S.A;SP 075, 12.5, SUL, ITU - SP;8,6;Debito;Passagem Fora SLA;;;;154;112;;286;1012;false;0e319e84-7b9c-4163-ae22-6729a9851b5e
05437537000137;AUTO GERAL AUTOPECAS LTDA;229258;1412617365;GIG7685;2 eixos, rodagem simples;2 eixos, rodagem simples;1148968566;18/06/2024;18:25:07;01/01/2000;00:00:00;;18/06/2024;18:25:14;RODOVIAS DAS COLINAS S.A;SP 300, 137.722, OESTE, PORTO FELIZ - SP;9,9;Debito;Passagem Dentro SLA;;;;5;2;;24;1013;false;8e09c94d-43a3-49a0-8e0b-f6122d55396c
05437537000137;AUTO GERAL AUTOPECAS LTDA;229258;1412616340;DWH6543;2 eixos, rodagem simples;2 eixos, rodagem simples;1129701211;18/06/2024;18:24:12;01/01/2000;00:00:00;;18/06/2024;18:24:30;RODOVIAS DAS COLINAS S.A;SP 280, 111.3, LESTE, BOITUVA - SP;12,4;Debito;Passagem Dentro SLA;;;;2;3;;24;1013;false;ed8885a3-61ae-44cc-af97-651c06d88faa
05437537000137;AUTO GERAL AUTOPECAS LTDA;229258;1412566498;FEA0472;2 eixos, rodagem simples;2 eixos, rodagem simples;1168495145;18/06/2024;17:35:45;01/01/2000;00:00:00;;18/06/2024;17:35:58;RODOVIAS DAS COLINAS S.A;SP 300, 137.722, OESTE, PORTO FELIZ - SP;9,9;Debito;Passagem Dentro SLA;;;;5;2;;24;1013;false;cd7a9868-c628-4782-a3c7-f51f9e369d4a
05437537000137;AUTO GERAL AUTOPECAS LTDA;229258;1412550070;DFJ9195;2 eixos, rodagem simples;2 eixos, rodagem simples;2199910708;18/06/2024;17:21:59;01/01/2000;00:00:00;;18/06/2024;17:24:06;CONCESSIONARIA DE RODOVIAS DO OESTE DE SAO PAULO VIAOESTE S.A;SP 075, 12.5, SUL, ITU - SP;8,6;Debito;Passagem Fora SLA;;;;154;111;;286;1012;false;d828d3ea-279c-4f42-8e07-52da0ccf89a2
05437537000137;AUTO GERAL AUTOPECAS LTDA;229258;1412511485;GIY1B04;2 eixos, rodagem simples;2 eixos, rodagem simples;1172923315;18/06/2024;16:43:55;01/01/2000;00:00:00;;18/06/2024;16:44:10;CONCESSIONARIA DE RODOVIAS DO OESTE DE SAO PAULO VIAOESTE S.A;SP 280, 74.0, LESTE, ITU - SP;15,2;Debito;Passagem Dentro SLA;;;;143;115;;286;1012;false;976fd28e-6f3f-4b74-b349-a757a1380659
05437537000137;AUTO GERAL AUTOPECAS LTDA;229258;1412472407;FEA0472;2 eixos, rodagem simples;2 eixos, rodagem simples;1168495145;18/06/2024;16:07:20;01/01/2000;00:00:00;;18/06/2024;16:07:37;RODOVIAS DAS COLINAS S.A;SP 280, 111.3, LESTE, BOITUVA - SP;12,4;Debito;Passagem Dentro SLA;;;;2;16;;24;1013;false;39cf1e8d-ae5e-4c69-bdaf-148aa0725b86
05437537000137;AUTO GERAL AUTOPECAS LTDA;229258;1412422049;GFQ2C31;2 eixos, rodagem simples;2 eixos, rodagem simples;1156088112;18/06/2024;15:15:26;01/01/2000;00:00:00;;18/06/2024;15:16:16;CONCESSIONARIA DE RODOVIAS DO OESTE DE SAO PAULO VIAOESTE S.A;SP 075, 12.5, SUL, ITU - SP;8,6;Debito;Passagem Dentro SLA;;;;154;112;;286;1012;false;f694f955-0da7-4590-9c87-6ecdc5610fcb
05437537000137;AUTO GERAL AUTOPECAS LTDA;229258;1412346090;FEA0472;2 eixos, rodagem simples;2 eixos, rodagem simples;1168495145;18/06/2024;13:56:46;01/01/2000;00:00:00;;18/06/2024;13:57:54;RODOVIAS DAS COLINAS S.A;SP 300, 137.722, OESTE, PORTO FELIZ - SP;9,9;Debito;Passagem Dentro SLA;;;;5;2;;24;1013;false;65829792-62a2-46a5-977e-e84af313189e
05437537000137;AUTO GERAL AUTOPECAS LTDA;229258;1412245538;FEA0472;2 eixos, rodagem simples;2 eixos, rodagem simples;1168495145;18/06/2024;12:08:58;01/01/2000;00:00:00;;18/06/2024;12:09:06;RODOVIAS DAS COLINAS S.A;SP 280, 111.3, LESTE, BOITUVA - SP;12,4;Debito;Passagem Dentro SLA;;;;2;16;;24;1013;false;94a39b1e-0537-4871-9776-102e89af9596
05437537000137;AUTO GERAL AUTOPECAS LTDA;229258;1412203481;GFQ2C31;2 eixos, rodagem simples;2 eixos, rodagem simples;1156088112;18/06/2024;11:17:48;01/01/2000;00:00:00;;18/06/2024;11:18:37;CONCESSIONARIA DE RODOVIAS DO OESTE DE SAO PAULO VIAOESTE S.A;SP 075, 12.5, SUL, ITU - SP;8,6;Debito;Passagem Dentro SLA;;;;154;112;;286;1012;false;cb2ca422-56c2-4521-95af-5bae845ef327
05437537000137;AUTO GERAL AUTOPECAS LTDA;229258;1412174381;FEA0472;2 eixos, rodagem simples;2 eixos, rodagem simples;1168495145;18/06/2024;10:47:52;01/01/2000;00:00:00;;18/06/2024;10:48:05;RODOVIAS DAS COLINAS S.A;SP 300, 137.722, OESTE, PORTO FELIZ - SP;9,9;Debito;Passagem Dentro SLA;;;;5;2;;24;1013;false;96170eae-7fca-45fb-8c61-c8cf591767b2
05437537000137;AUTO GERAL AUTOPECAS LTDA;229258;1412082571;FEA0472;2 eixos, rodagem simples;2 eixos, rodagem simples;1168495145;18/06/2024;09:02:14;01/01/2000;00:00:00;;18/06/2024;09:02:28;RODOVIAS DAS COLINAS S.A;SP 280, 111.3, LESTE, BOITUVA - SP;12,4;Debito;Passagem Dentro SLA;;;;2;16;;24;1013;false;d11f27c6-b86c-40cb-81bb-1c6e27f1f732
05437537000137;AUTO GERAL AUTOPECAS LTDA;229258;1412028311;GFQ2C31;2 eixos, rodagem simples;2 eixos, rodagem simples;1156088112;18/06/2024;08:04:08;01/01/2000;00:00:00;;18/06/2024;08:04:57;CONCESSIONARIA DE RODOVIAS DO OESTE DE SAO PAULO VIAOESTE S.A;SP 075, 12.5, SUL, ITU - SP;8,6;Debito;Passagem Dentro SLA;;;;154;112;;286;1012;false;cb5ec091-41d9-48da-99d4-39aa41e2f1ca
05437537000137;AUTO GERAL AUTOPECAS LTDA;229258;1412927852;DWH6543;2 eixos rodagem simples;2 eixos rodagem simples;1129701211;18/06/2024;07:17:04;;;;18/06/2024;07:17:18;RODOVIAS DAS COLINAS S.A;SP 300, 137.722, OESTE, PORTO FELIZ - SP;9,9;Debito;Passagem Dentro SLA;;;;5;9;ARTESP;24;1013;true;65a42d40-4379-447b-bd11-9768eb70b4c6
05437537000137;AUTO GERAL AUTOPECAS LTDA;229258;1411438691;DWH6543;2 eixos, rodagem simples;2 eixos, rodagem simples;1129701211;17/06/2024;18:23:32;01/01/2000;00:00:00;;17/06/2024;18:24:56;RODOVIAS DAS COLINAS S.A;SP 300, 137.722, OESTE, PORTO FELIZ - SP;9,9;Debito;Passagem Dentro SLA;;;;5;2;;24;1013;false;8f6e6847-eb34-457f-a5c3-d2b58e0071c7
05437537000137;AUTO GERAL AUTOPECAS LTDA;229258;1411429378;GIG7685;2 eixos, rodagem simples;2 eixos, rodagem simples;1148968566;17/06/2024;18:14:17;01/01/2000;00:00:00;;17/06/2024;18:14:25;RODOVIAS DAS COLINAS S.A;SP 300, 137.722, OESTE, PORTO FELIZ - SP;9,9;Debito;Passagem Dentro SLA;;;;5;2;;24;1013;false;86cfb7f7-f716-44ba-9545-a014950522a8
05437537000137;AUTO GERAL AUTOPECAS LTDA;229258;1411392815;FEA0472;2 eixos, rodagem simples;2 eixos, rodagem simples;1168495145;17/06/2024;17:37:30;01/01/2000;00:00:00;;17/06/2024;17:37:47;RODOVIAS DAS COLINAS S.A;SP 300, 137.722, OESTE, PORTO FELIZ - SP;9,9;Debito;Passagem Dentro SLA;;;;5;2;;24;1013;false;00afe2ed-07c8-403d-ae45-afd663c059e7
05437537000137;AUTO GERAL AUTOPECAS LTDA;229258;1411383354;DFJ9195;2 eixos, rodagem simples;2 eixos, rodagem simples;2199910708;17/06/2024;17:29:09;01/01/2000;00:00:00;;17/06/2024;17:29:55;CONCESSIONARIA DE RODOVIAS DO OESTE DE SAO PAULO VIAOESTE S.A;SP 075, 12.5, SUL, ITU - SP;8,6;Debito;Passagem Dentro SLA;;;;154;111;;286;1012;false;f6479cb6-3b5c-4bbe-a071-09922085a67e
05437537000137;AUTO GERAL AUTOPECAS LTDA;229258;1411333751;GFB8C62;2 eixos, rodagem simples;2 eixos, rodagem simples;2172222668;17/06/2024;16:48:47;01/01/2000;00:00:00;;17/06/2024;16:49:22;RODOVIAS INTEGRADAS DO OESTE S.A;SP 127, 128.9, NORTE, TATUI - SP;14,3;Debito;Passagem Dentro SLA;;;;163;103;;305;1020;false;8335fee3-d868-4877-9e26-d5ce7bba6a1d
05437537000137;AUTO GERAL AUTOPECAS LTDA;229258;1411292835;FEA0472;2 eixos, rodagem simples;2 eixos, rodagem simples;1168495145;17/06/2024;16:10:15;01/01/2000;00:00:00;;17/06/2024;16:10:26;RODOVIAS DAS COLINAS S.A;SP 280, 110.4, OESTE, BOITUVA - SP;12,4;Debito;Passagem Dentro SLA;;;;7;4;;24;1013;false;80d4ed0c-39f5-415d-9bcf-4e07d49d2f19
05437537000137;AUTO GERAL AUTOPECAS LTDA;229258;1411850557;GFQ2C31;2 eixos rodagem simples;2 eixos rodagem simples;1156088112;17/06/2024;15:18:47;;;;17/06/2024;15:19:35;CONCESSIONARIA DE RODOVIAS DO OESTE DE SAO PAULO VIAOESTE S.A;SP 075, 12.5, SUL, ITU - SP;8,6;Debito;Passagem Dentro SLA;;;;154;112;ARTESP;286;1012;true;d7ead771-3216-4877-bfdb-9f5d6b39df80
05437537000137;AUTO GERAL AUTOPECAS LTDA;229258;1411279145;BQU4D69;2 eixos, rodagem simples;2 eixos, rodagem simples;1130525385;17/06/2024;14:07:50;01/01/2000;00:00:00;;17/06/2024;15:55:16;RODOVIAS INTEGRADAS DO OESTE S.A;SP 127, 128.9, NORTE, TATUI - SP;14,3;Debito;Passagem Fora SLA;;;;163;102;;305;1020;false;d7300bdf-5197-4417-ab5b-fe665d9d54fb
05437537000137;AUTO GERAL AUTOPECAS LTDA;229258;1411166950;FEA0472;2 eixos, rodagem simples;2 eixos, rodagem simples;1168495145;17/06/2024;13:59:31;01/01/2000;00:00:00;;17/06/2024;13:59:47;RODOVIAS DAS COLINAS S.A;SP 300, 137.722, OESTE, PORTO FELIZ - SP;9,9;Debito;Passagem Dentro SLA;;;;5;2;;24;1013;false;10c1dc96-15a4-440f-84ad-d27abdd10c6b
05437537000137;AUTO GERAL AUTOPECAS LTDA;229258;1411146150;BQU4D69;2 eixos, rodagem simples;2 eixos, rodagem simples;1130525385;17/06/2024;12:25:29;01/01/2000;00:00:00;;17/06/2024;13:36:42;RODOVIAS INTEGRADAS DO OESTE S.A;SP 127, 133.9, SUL, ITAPETININGA - SP;14,3;Debito;Passagem Fora SLA;;;;174;102;;305;1020;false;824e182f-3427-4db6-b4a1-39d72188e44d
05437537000137;AUTO GERAL AUTOPECAS LTDA;229258;1411830190;FEA0472;2 eixos rodagem simples;2 eixos rodagem simples;1168495145;17/06/2024;12:19:39;;;;17/06/2024;12:44:39;RODOVIAS DAS COLINAS S.A;SP 280, 111.3, LESTE, BOITUVA - SP;12,4;Debito;Passagem Fora SLA;;;;2;17;ARTESP;24;1013;true;1ddc90d0-bf6d-4c9e-b7fe-b4ae316672c6
05437537000137;AUTO GERAL AUTOPECAS LTDA;229258;1411131564;GFQ2C31;2 eixos, rodagem simples;2 eixos, rodagem simples;1156088112;17/06/2024;11:20:51;01/01/2000;00:00:00;;17/06/2024;13:25:23;CONCESSIONARIA DE RODOVIAS DO OESTE DE SAO PAULO VIAOESTE S.A;SP 075, 12.5, SUL, ITU - SP;8,6;Debito;Passagem Fora SLA;;;;154;112;;286;1012;false;da6454e5-6d5d-4522-b8a9-254f7938d71d
05437537000137;AUTO GERAL AUTOPECAS LTDA;229258;1411806086;FEA0472;2 eixos rodagem simples;2 eixos rodagem simples;1168495145;17/06/2024;10:45:01;;;;17/06/2024;10:45:20;RODOVIAS DAS COLINAS S.A;SP 300, 137.722, OESTE, PORTO FELIZ - SP;9,9;Debito;Passagem Dentro SLA;;;;5;2;ARTESP;24;1013;true;82256351-a2f1-425e-be41-7db6b4f58840
05437537000137;AUTO GERAL AUTOPECAS LTDA;229258;1410883757;FEA0472;2 eixos, rodagem simples;2 eixos, rodagem simples;1168495145;17/06/2024;09:02:04;01/01/2000;00:00:00;;17/06/2024;09:02:22;RODOVIAS DAS COLINAS S.A;SP 280, 111.3, LESTE, BOITUVA - SP;12,4;Debito;Passagem Dentro SLA;;;;2;16;;24;1013;false;ed3b35b2-7252-4e12-a6bf-56045b5bb09d
05437537000137;AUTO GERAL AUTOPECAS LTDA;229258;1411137918;GFQ2C31;2 eixos, rodagem simples;2 eixos, rodagem simples;1156088112;17/06/2024;08:16:07;01/01/2000;00:00:00;;17/06/2024;13:27:11;CONCESSIONARIA DE RODOVIAS DO OESTE DE SAO PAULO VIAOESTE S.A;SP 075, 12.5, SUL, ITU - SP;8,6;Debito;Passagem Fora SLA;;;;154;112;;286;1012;false;b5004ead-a967-48f2-a9c1-6999ed2ffb09
05437537000137;AUTO GERAL AUTOPECAS LTDA;229258;1410796847;DWH6543;2 eixos, rodagem simples;2 eixos, rodagem simples;1129701211;17/06/2024;07:32:10;01/01/2000;00:00:00;;17/06/2024;07:32:26;RODOVIAS DAS COLINAS S.A;SP 300, 137.722, OESTE, PORTO FELIZ - SP;9,9;Debito;Passagem Dentro SLA;;;;5;9;;24;1013;false;99ad273f-b6a0-4963-b0cf-8d7b7cc1ef63
05437537000137;AUTO GERAL AUTOPECAS LTDA;229258;1408786399;GIG7685;2 eixos, rodagem simples;2 eixos, rodagem simples;1148968566;15/06/2024;12:23:18;01/01/2000;00:00:00;;15/06/2024;12:23:24;RODOVIAS DAS COLINAS S.A;SP 300, 137.722, OESTE, PORTO FELIZ - SP;9,9;Debito;Passagem Dentro SLA;;;;5;2;;24;1013;false;03c4550e-4226-44d9-8370-f76c8341a6dc
05437537000137;AUTO GERAL AUTOPECAS LTDA;229258;1407748651;GIG7685;2 eixos, rodagem simples;2 eixos, rodagem simples;1148968566;14/06/2024;17:51:04;01/01/2000;00:00:00;;14/06/2024;17:51:18;RODOVIAS DAS COLINAS S.A;SP 300, 137.722, OESTE, PORTO FELIZ - SP;9,9;Debito;Passagem Dentro SLA;;;;5;2;;24;1013;false;2f67a9f8-f4e0-472a-bf75-1f6f300869df
05437537000137;AUTO GERAL AUTOPECAS LTDA;229258;1408674116;FEA0472;2 eixos rodagem simples;2 eixos rodagem simples;1168495145;14/06/2024;17:35:54;;;;14/06/2024;17:36:13;RODOVIAS DAS COLINAS S.A;SP 300, 137.722, OESTE, PORTO FELIZ - SP;9,9;Debito;Passagem Dentro SLA;;;;5;2;ARTESP;24;1013;true;7f9d634c-8985-47a3-9c64-a99d40b3c8a7
05437537000137;AUTO GERAL AUTOPECAS LTDA;229258;1407718218;DFJ9195;2 eixos, rodagem simples;2 eixos, rodagem simples;2199910708;14/06/2024;17:00:54;01/01/2000;00:00:00;;14/06/2024;17:02:51;CONCESSIONARIA DE RODOVIAS DO OESTE DE SAO PAULO VIAOESTE S.A;SP 075, 12.5, SUL, ITU - SP;8,6;Debito;Passagem Dentro SLA;;;;154;111;;286;1012;false;ed8422dd-0a64-4e49-96b0-2e5f7e2a4ee3
05437537000137;AUTO GERAL AUTOPECAS LTDA;229258;1407691694;FEA0472;2 eixos, rodagem simples;2 eixos, rodagem simples;1168495145;14/06/2024;16:06:13;01/01/2000;00:00:00;;14/06/2024;16:06:17;RODOVIAS DAS COLINAS S.A;SP 280, 110.4, OESTE, BOITUVA - SP;12,4;Debito;Passagem Dentro SLA;;;;7;4;;24;1013;false;1f9ee1dc-9008-4847-9656-9ad153268d0f
05437537000137;AUTO GERAL AUTOPECAS LTDA;229258;1407641287;GIA7B06;2 eixos, rodagem simples;2 eixos, rodagem simples;2132631068;14/06/2024;15:17:32;01/01/2000;00:00:00;;14/06/2024;15:18:15;CONCESSIONARIA DE RODOVIAS DO OESTE DE SAO PAULO VIAOESTE S.A;SP 075, 12.5, SUL, ITU - SP;8,6;Debito;Passagem Dentro SLA;;;;154;111;;286;1012;false;b42f5866-6876-4bd5-ba3f-a14b9c20d0c0
05437537000137;AUTO GERAL AUTOPECAS LTDA;229258;1407612385;GIY1B04;2 eixos, rodagem simples;2 eixos, rodagem simples;1172923315;14/06/2024;14:52:46;01/01/2000;00:00:00;;14/06/2024;14:52:58;CONCESSIONARIA DE RODOVIAS DO OESTE DE SAO PAULO VIAOESTE S.A;SP 280, 74.0, LESTE, ITU - SP;15,2;Debito;Passagem Dentro SLA;;;;143;115;;286;1012;false;317e380b-e6f0-4441-9da5-f6dc0a0f355b
05437537000137;AUTO GERAL AUTOPECAS LTDA;229258;1408541703;FEA0472;2 eixos rodagem simples;2 eixos rodagem simples;1168495145;14/06/2024;13:50:05;;;;14/06/2024;13:50:12;RODOVIAS DAS COLINAS S.A;SP 300, 137.722, OESTE, PORTO FELIZ - SP;9,9;Debito;Passagem Dentro SLA;;;;5;2;ARTESP;24;1013;true;b7db8a38-8bdf-4393-b121-55b2fb7f075f
05437537000137;AUTO GERAL AUTOPECAS LTDA;229258;1407474206;DWH6543;2 eixos, rodagem simples;2 eixos, rodagem simples;1129701211;14/06/2024;12:50:46;01/01/2000;00:00:00;;14/06/2024;12:51:03;RODOVIAS DAS COLINAS S.A;SP 300, 137.722, OESTE, PORTO FELIZ - SP;9,9;Debito;Passagem Dentro SLA;;;;5;2;;24;1013;false;29ecee2f-9b52-405e-8d8e-7b9fc3ac790d
05437537000137;AUTO GERAL AUTOPECAS LTDA;229258;1407425467;FEA0472;2 eixos, rodagem simples;2 eixos, rodagem simples;1168495145;14/06/2024;11:58:46;01/01/2000;00:00:00;;14/06/2024;11:59:05;RODOVIAS DAS COLINAS S.A;SP 280, 110.4, OESTE, BOITUVA - SP;12,4;Debito;Passagem Dentro SLA;;;;7;4;;24;1013;false;6c7b52f9-0d92-4a14-bb7d-f4f9bc2e4a21
05437537000137;AUTO GERAL AUTOPECAS LTDA;229258;1407402101;GIA7B06;2 eixos, rodagem simples;2 eixos, rodagem simples;2132631068;14/06/2024;11:17:15;01/01/2000;00:00:00;;14/06/2024;11:17:56;CONCESSIONARIA DE RODOVIAS DO OESTE DE SAO PAULO VIAOESTE S.A;SP 075, 12.5, SUL, ITU - SP;8,6;Debito;Passagem Dentro SLA;;;;154;112;;286;1012;false;d968bdbf-7c1a-4915-9291-cc67f7eecd23
05437537000137;AUTO GERAL AUTOPECAS LTDA;229258;1407382594;PXD7G42;2 eixos, rodagem simples;2 eixos, rodagem simples;2167066407;14/06/2024;10:48:56;01/01/2000;00:00:00;;14/06/2024;10:49:08;RODOVIAS DAS COLINAS S.A;SP 300, 137.722, OESTE, PORTO FELIZ - SP;9,9;Debito;Passagem Dentro SLA;;;;5;2;;24;1013;false;45331eb1-bdca-48ad-a837-80f6bcf8a394
05437537000137;AUTO GERAL AUTOPECAS LTDA;229258;1407232001;GIA7B06;2 eixos, rodagem simples;2 eixos, rodagem simples;2132631068;14/06/2024;08:08:42;01/01/2000;00:00:00;;14/06/2024;08:10:37;CONCESSIONARIA DE RODOVIAS DO OESTE DE SAO PAULO VIAOESTE S.A;SP 075, 12.5, SUL, ITU - SP;8,6;Debito;Passagem Dentro SLA;;;;154;112;;286;1012;false;115edde0-20bd-419b-8b0e-814bf6f51525
05437537000137;AUTO GERAL AUTOPECAS LTDA;229258;1407196015;DWH6543;2 eixos, rodagem simples;2 eixos, rodagem simples;1129701211;14/06/2024;07:33:25;01/01/2000;00:00:00;;14/06/2024;07:33:30;RODOVIAS DAS COLINAS S.A;SP 300, 137.722, OESTE, PORTO FELIZ - SP;9,9;Debito;Passagem Dentro SLA;;;;5;9;;24;1013;false;57526cc1-188f-4ff0-b799-41c5a90329f8
05437537000137;AUTO GERAL AUTOPECAS LTDA;229258;1407194253;QUA2G54;2 eixos, rodagem simples;2 eixos, rodagem simples;1131434587;14/06/2024;07:30:50;01/01/2000;00:00:00;;14/06/2024;07:31:31;CONCESSIONARIA DE RODOVIAS DO OESTE DE SAO PAULO VIAOESTE S.A;SP 075, 12.5, SUL, ITU - SP;8,6;Debito;Passagem Dentro SLA;;;;154;112;;286;1012;false;d2071c3e-b212-483a-a35a-c1d1a8ddedfa
05437537000137;AUTO GERAL AUTOPECAS LTDA;229258;1406550390;DWH6543;2 eixos, rodagem simples;2 eixos, rodagem simples;1129701211;13/06/2024;18:30:10;01/01/2000;00:00:00;;13/06/2024;18:30:35;RODOVIAS DAS COLINAS S.A;SP 300, 137.722, OESTE, PORTO FELIZ - SP;9,9;Debito;Passagem Dentro SLA;;;;5;2;;24;1013;false;72e9ad4c-ce5f-4f52-ba44-6c28c8237bdf
05437537000137;AUTO GERAL AUTOPECAS LTDA;229258;1406513358;GIG7685;2 eixos, rodagem simples;2 eixos, rodagem simples;1148968566;13/06/2024;17:55:55;01/01/2000;00:00:00;;13/06/2024;17:56:08;RODOVIAS DAS COLINAS S.A;SP 300, 137.722, OESTE, PORTO FELIZ - SP;9,9;Debito;Passagem Dentro SLA;;;;5;2;;24;1013;false;bb14d829-2763-47ae-9d84-c5f609a96d20
05437537000137;AUTO GERAL AUTOPECAS LTDA;229258;1406498683;PXD7G42;2 eixos, rodagem simples;2 eixos, rodagem simples;2167066407;13/06/2024;17:42:37;01/01/2000;00:00:00;;13/06/2024;17:42:44;RODOVIAS DAS COLINAS S.A;SP 300, 137.722, OESTE, PORTO FELIZ - SP;9,9;Debito;Passagem Dentro SLA;;;;5;2;;24;1013;false;dd435ad0-4cff-4e45-9391-8af4b67f26f5
05437537000137;AUTO GERAL AUTOPECAS LTDA;229258;1406370837;GIA7B06;2 eixos, rodagem simples;2 eixos, rodagem simples;2132631068;13/06/2024;15:27:22;01/01/2000;00:00:00;;13/06/2024;15:29:16;CONCESSIONARIA DE RODOVIAS DO OESTE DE SAO PAULO VIAOESTE S.A;SP 075, 12.5, SUL, ITU - SP;8,6;Debito;Passagem Dentro SLA;;;;154;112;;286;1012;false;9fd7d2c3-1efb-4726-a544-d6971d472755
05437537000137;AUTO GERAL AUTOPECAS LTDA;229258;1406277874;PXD7G42;2 eixos, rodagem simples;2 eixos, rodagem simples;2167066407;13/06/2024;13:41:57;01/01/2000;00:00:00;;13/06/2024;13:42:12;RODOVIAS DAS COLINAS S.A;SP 300, 137.722, OESTE, PORTO FELIZ - SP;9,9;Debito;Passagem Dentro SLA;;;;5;2;;24;1013;false;63d00fcc-e725-40de-b2b9-ca2b5cc268f3
05437537000137;AUTO GERAL AUTOPECAS LTDA;229258;1406146685;GIA7B06;2 eixos, rodagem simples;2 eixos, rodagem simples;2132631068;13/06/2024;11:19:21;01/01/2000;00:00:00;;13/06/2024;11:20:00;CONCESSIONARIA DE RODOVIAS DO OESTE DE SAO PAULO VIAOESTE S.A;SP 075, 12.5, SUL, ITU - SP;8,6;Debito;Passagem Dentro SLA;;;;154;112;;286;1012;false;64b5535d-2575-4692-b551-df5539d12843
05437537000137;AUTO GERAL AUTOPECAS LTDA;229258;1406115068;PXD7G42;2 eixos, rodagem simples;2 eixos, rodagem simples;2167066407;13/06/2024;10:55:08;01/01/2000;00:00:00;;13/06/2024;10:55:21;RODOVIAS DAS COLINAS S.A;SP 300, 137.722, OESTE, PORTO FELIZ - SP;9,9;Debito;Passagem Dentro SLA;;;;5;2;;24;1013;false;558e9561-550b-490d-aa68-426f128e923c
05437537000137;AUTO GERAL AUTOPECAS LTDA;229258;1405954115;GIA7B06;2 eixos, rodagem simples;2 eixos, rodagem simples;2132631068;13/06/2024;08:06:20;01/01/2000;00:00:00;;13/06/2024;08:06:59;CONCESSIONARIA DE RODOVIAS DO OESTE DE SAO PAULO VIAOESTE S.A;SP 075, 12.5, SUL, ITU - SP;8,6;Debito;Passagem Dentro SLA;;;;154;112;;286;1012;false;1f22b962-f225-41dd-8462-9911452241ad
05437537000137;AUTO GERAL AUTOPECAS LTDA;229258;1406886003;DWH6543;2 eixos rodagem simples;2 eixos rodagem simples;1129701211;13/06/2024;07:41:43;;;;13/06/2024;07:41:48;RODOVIAS DAS COLINAS S.A;SP 300, 137.722, OESTE, PORTO FELIZ - SP;9,9;Debito;Passagem Dentro SLA;;;;5;9;ARTESP;24;1013;true;01830cd3-2429-4f79-9ac3-e3fe2a4800ec
05437537000137;AUTO GERAL AUTOPECAS LTDA;229258;1405914536;QUA2G54;2 eixos, rodagem simples;2 eixos, rodagem simples;1131434587;13/06/2024;07:27:17;01/01/2000;00:00:00;;13/06/2024;07:29:08;CONCESSIONARIA DE RODOVIAS DO OESTE DE SAO PAULO VIAOESTE S.A;SP 075, 12.5, SUL, ITU - SP;8,6;Debito;Passagem Dentro SLA;;;;154;112;;286;1012;false;d7c02969-2c7c-4666-aa10-6a91cf23dfff
05437537000137;AUTO GERAL AUTOPECAS LTDA;229258;1405292201;GIG7685;2 eixos, rodagem simples;2 eixos, rodagem simples;1148968566;12/06/2024;18:04:27;01/01/2000;00:00:00;;12/06/2024;18:04:47;RODOVIAS DAS COLINAS S.A;SP 300, 137.722, OESTE, PORTO FELIZ - SP;9,9;Debito;Passagem Dentro SLA;;;;5;2;;24;1013;false;d4405603-58ce-4acb-9ad3-9cb5b8f38778
05437537000137;AUTO GERAL AUTOPECAS LTDA;229258;1405282886;DWH6543;2 eixos, rodagem simples;2 eixos, rodagem simples;1129701211;12/06/2024;17:56:12;01/01/2000;00:00:00;;12/06/2024;17:56:29;RODOVIAS DAS COLINAS S.A;SP 300, 137.722, OESTE, PORTO FELIZ - SP;9,9;Debito;Passagem Dentro SLA;;;;5;2;;24;1013;false;8ffe00ad-dfde-405c-9239-f3e2219cf3da
05437537000137;AUTO GERAL AUTOPECAS LTDA;229258;1405252545;PXD7G42;2 eixos, rodagem simples;2 eixos, rodagem simples;2167066407;12/06/2024;17:31:02;01/01/2000;00:00:00;;12/06/2024;17:31:19;RODOVIAS DAS COLINAS S.A;SP 300, 137.722, OESTE, PORTO FELIZ - SP;9,9;Debito;Passagem Dentro SLA;;;;5;2;;24;1013;false;9341e701-ffdd-4a18-b45f-b9815ce29db3
05437537000137;AUTO GERAL AUTOPECAS LTDA;229258;1405104684;GIA7B06;2 eixos, rodagem simples;2 eixos, rodagem simples;2132631068;12/06/2024;15:21:38;01/01/2000;00:00:00;;12/06/2024;15:22:13;CONCESSIONARIA DE RODOVIAS DO OESTE DE SAO PAULO VIAOESTE S.A;SP 075, 12.5, SUL, ITU - SP;8,6;Debito;Passagem Dentro SLA;;;;154;112;;286;1012;false;59459cdf-e819-4dd2-86fa-7ceb27119ccb
05437537000137;AUTO GERAL AUTOPECAS LTDA;229258;1405005465;PXD7G42;2 eixos, rodagem simples;2 eixos, rodagem simples;2167066407;12/06/2024;13:49:06;01/01/2000;00:00:00;;12/06/2024;13:49:21;RODOVIAS DAS COLINAS S.A;SP 300, 137.722, OESTE, PORTO FELIZ - SP;9,9;Debito;Passagem Dentro SLA;;;;5;2;;24;1013;false;20f70b72-87f3-4675-856c-09e1f32d835a
05437537000137;AUTO GERAL AUTOPECAS LTDA;229258;1404856932;GIA7B06;2 eixos, rodagem simples;2 eixos, rodagem simples;2132631068;12/06/2024;11:18:23;01/01/2000;00:00:00;;12/06/2024;11:19:00;CONCESSIONARIA DE RODOVIAS DO OESTE DE SAO PAULO VIAOESTE S.A;SP 075, 12.5, SUL, ITU - SP;8,6;Debito;Passagem Dentro SLA;;;;154;112;;286;1012;false;2c5254ef-a2ad-4f9f-90be-f95af6deefd9
05437537000137;AUTO GERAL AUTOPECAS LTDA;229258;1404830432;PXD7G42;2 eixos, rodagem simples;2 eixos, rodagem simples;2167066407;12/06/2024;10:48:31;01/01/2000;00:00:00;;12/06/2024;10:48:47;RODOVIAS DAS COLINAS S.A;SP 300, 137.722, OESTE, PORTO FELIZ - SP;9,9;Debito;Passagem Dentro SLA;;;;5;2;;24;1013;false;13782c1d-6ac6-4380-bb93-e70b32e18c7d
05437537000137;AUTO GERAL AUTOPECAS LTDA;229258;1404678715;FYX6I43;2 eixos, rodagem simples;2 eixos, rodagem simples;1182838201;12/06/2024;08:11:22;01/01/2000;00:00:00;;12/06/2024;08:13:11;CONCESSIONARIA DE RODOVIAS DO OESTE DE SAO PAULO VIAOESTE S.A;SP 075, 12.5, SUL, ITU - SP;8,6;Debito;Passagem Dentro SLA;;;;154;112;;286;1012;false;4544578c-29fc-422e-8d8f-7f7ba84aa639
05437537000137;AUTO GERAL AUTOPECAS LTDA;229258;1404648781;DWH6543;2 eixos, rodagem simples;2 eixos, rodagem simples;1129701211;12/06/2024;07:42:58;01/01/2000;00:00:00;;12/06/2024;07:43:06;RODOVIAS DAS COLINAS S.A;SP 300, 137.722, OESTE, PORTO FELIZ - SP;9,9;Debito;Passagem Dentro SLA;;;;5;8;;24;1013;false;62405a0b-ddf5-46a6-b251-4cda37c4c395
05437537000137;AUTO GERAL AUTOPECAS LTDA;229258;1404635873;QUA2G54;2 eixos, rodagem simples;2 eixos, rodagem simples;1131434587;12/06/2024;07:32:09;01/01/2000;00:00:00;;12/06/2024;07:32:47;CONCESSIONARIA DE RODOVIAS DO OESTE DE SAO PAULO VIAOESTE S.A;SP 075, 12.5, SUL, ITU - SP;8,6;Debito;Passagem Dentro SLA;;;;154;111;;286;1012;false;dbfae741-2d98-4798-9f60-7aba802bb725
05437537000137;AUTO GERAL AUTOPECAS LTDA;229258;1404088283;DWH6543;2 eixos, rodagem simples;2 eixos, rodagem simples;1129701211;11/06/2024;18:36:05;01/01/2000;00:00:00;;11/06/2024;18:36:32;RODOVIAS DAS COLINAS S.A;SP 300, 137.722, OESTE, PORTO FELIZ - SP;9,9;Debito;Passagem Dentro SLA;;;;5;2;;24;1013;false;04e9fb59-4173-4388-a54f-d9fba0f13f40
05437537000137;AUTO GERAL AUTOPECAS LTDA;229258;1404046346;GIG7685;2 eixos, rodagem simples;2 eixos, rodagem simples;1148968566;11/06/2024;17:59:59;01/01/2000;00:00:00;;11/06/2024;18:00:20;RODOVIAS DAS COLINAS S.A;SP 300, 137.722, OESTE, PORTO FELIZ - SP;9,9;Debito;Passagem Dentro SLA;;;;5;2;;24;1013;false;dd58d679-7dd0-4297-ad80-cdea5dd22dd9
05437537000137;AUTO GERAL AUTOPECAS LTDA;229258;1404015565;PXD7G42;2 eixos, rodagem simples;2 eixos, rodagem simples;2167066407;11/06/2024;17:34:49;01/01/2000;00:00:00;;11/06/2024;17:34:59;RODOVIAS DAS COLINAS S.A;SP 300, 137.722, OESTE, PORTO FELIZ - SP;9,9;Debito;Passagem Dentro SLA;;;;5;2;;24;1013;false;bd45433c-4d05-4dab-b470-8a21b4ccc317
05437537000137;AUTO GERAL AUTOPECAS LTDA;229258;1403972608;DFJ9195;2 eixos, rodagem simples;2 eixos, rodagem simples;2199910708;11/06/2024;16:58:04;01/01/2000;00:00:00;;11/06/2024;16:59:51;CONCESSIONARIA DE RODOVIAS DO OESTE DE SAO PAULO VIAOESTE S.A;SP 075, 12.5, SUL, ITU - SP;8,6;Debito;Passagem Dentro SLA;;;;154;111;;286;1012;false;0f6b83dc-719f-4f18-8ea6-be1780400b84
05437537000137;AUTO GERAL AUTOPECAS LTDA;229258;1403958615;GIY1B04;2 eixos, rodagem simples;2 eixos, rodagem simples;1172923315;11/06/2024;16:47:11;01/01/2000;00:00:00;;11/06/2024;16:47:42;CONCESSIONARIA DE RODOVIAS DO OESTE DE SAO PAULO VIAOESTE S.A;SP 280, 74.0, LESTE, ITU - SP;15,2;Debito;Passagem Dentro SLA;;;;143;116;;286;1012;false;b5777e62-f6f7-4f85-ad97-4796e678274f
05437537000137;AUTO GERAL AUTOPECAS LTDA;229258;1403945157;FLL4673;2 eixos, rodagem simples;2 eixos, rodagem simples;1156734683;11/06/2024;16:36:57;01/01/2000;00:00:00;;11/06/2024;16:37:21;CONCESSIONARIA RODOVIAS DO TIETE S.A;SP 300 - RODOVIA MARECHAL RONDON, 192.1, LESTE, CONCHAS - SP;8,9;Debito;Passagem Dentro SLA;;;;3001;7;;3;1021;false;06037281-c624-4e98-aa46-bd832dfc9c2e
05437537000137;AUTO GERAL AUTOPECAS LTDA;229258;1403919696;FLL4673;2 eixos, rodagem simples;2 eixos, rodagem simples;1156734683;11/06/2024;16:13:18;01/01/2000;00:00:00;;11/06/2024;16:13:39;CONCESSIONARIA RODOVIAS DO TIETE S.A;SP 300 - RODOVIA MARECHAL RONDON, 192.1, OESTE, CONCHAS - SP;8,9;Debito;Passagem Dentro SLA;;;;3002;2;;3;1021;false;29acc98a-74f3-4f2a-9daf-eb1b22320cbc
05437537000137;AUTO GERAL AUTOPECAS LTDA;229258;1403856514;GIA7B06;2 eixos, rodagem simples;2 eixos, rodagem simples;2132631068;11/06/2024;15:16:30;01/01/2000;00:00:00;;11/06/2024;15:17:02;CONCESSIONARIA DE RODOVIAS DO OESTE DE SAO PAULO VIAOESTE S.A;SP 075, 12.5, SUL, ITU - SP;8,6;Debito;Passagem Dentro SLA;;;;154;112;;286;1012;false;4a1b3846-487c-4d18-b3a1-9d37fd39f8b4
05437537000137;AUTO GERAL AUTOPECAS LTDA;229258;1403768547;PXD7G42;2 eixos, rodagem simples;2 eixos, rodagem simples;2167066407;11/06/2024;13:54:17;01/01/2000;00:00:00;;11/06/2024;13:54:37;RODOVIAS DAS COLINAS S.A;SP 300, 137.722, OESTE, PORTO FELIZ - SP;9,9;Debito;Passagem Dentro SLA;;;;5;2;;24;1013;false;6c7f90e2-9073-4407-b0f7-2e42fa4063c0
05437537000137;AUTO GERAL AUTOPECAS LTDA;229258;1403709683;FLL4673;2 eixos, rodagem simples;2 eixos, rodagem simples;1156734683;11/06/2024;12:57:21;01/01/2000;00:00:00;;11/06/2024;12:57:42;CONCESSIONARIA RODOVIAS DO TIETE S.A;SP 300 - RODOVIA MARECHAL RONDON, 192.1, LESTE, CONCHAS - SP;8,9;Debito;Passagem Dentro SLA;;;;3001;7;;3;1021;false;29142cb1-99c2-4d66-8365-e3e042a7858e
05437537000137;AUTO GERAL AUTOPECAS LTDA;229258;1403695497;FLL4673;2 eixos, rodagem simples;2 eixos, rodagem simples;1156734683;11/06/2024;12:42:51;01/01/2000;00:00:00;;11/06/2024;12:43:02;CONCESSIONARIA RODOVIAS DO TIETE S.A;SP 300 - RODOVIA MARECHAL RONDON, 192.1, OESTE, CONCHAS - SP;8,9;Debito;Passagem Dentro SLA;;;;3002;2;;3;1021;false;84ee64d7-740e-4373-b7eb-764c01b8368d
05437537000137;AUTO GERAL AUTOPECAS LTDA;229258;1403621751;GIA7B06;2 eixos, rodagem simples;2 eixos, rodagem simples;2132631068;11/06/2024;11:14:00;01/01/2000;00:00:00;;11/06/2024;11:15:47;CONCESSIONARIA DE RODOVIAS DO OESTE DE SAO PAULO VIAOESTE S.A;SP 075, 12.5, SUL, ITU - SP;8,6;Debito;Passagem Dentro SLA;;;;154;112;;286;1012;false;263a2a6c-b113-497c-9ea6-7cc794f281db
05437537000137;AUTO GERAL AUTOPECAS LTDA;229258;1403599331;PXD7G42;2 eixos, rodagem simples;2 eixos, rodagem simples;2167066407;11/06/2024;10:51:18;01/01/2000;00:00:00;;11/06/2024;10:51:38;RODOVIAS DAS COLINAS S.A;SP 300, 137.722, OESTE, PORTO FELIZ - SP;9,9;Debito;Passagem Dentro SLA;;;;5;3;;24;1013;false;f560ee7f-57a5-4d97-a48d-58aab4784399
05437537000137;AUTO GERAL AUTOPECAS LTDA;229258;1403434921;GIA7B06;2 eixos, rodagem simples;2 eixos, rodagem simples;2132631068;11/06/2024;08:09:01;01/01/2000;00:00:00;;11/06/2024;08:10:47;CONCESSIONARIA DE RODOVIAS DO OESTE DE SAO PAULO VIAOESTE S.A;SP 075, 12.5, SUL, ITU - SP;8,6;Debito;Passagem Dentro SLA;;;;154;111;;286;1012;false;fd4ba995-a80e-426b-9cc6-9c4f34e2a227
05437537000137;AUTO GERAL AUTOPECAS LTDA;229258;1403405016;DWH6543;2 eixos, rodagem simples;2 eixos, rodagem simples;1129701211;11/06/2024;07:40:27;01/01/2000;00:00:00;;11/06/2024;07:40:44;RODOVIAS DAS COLINAS S.A;SP 300, 137.722, OESTE, PORTO FELIZ - SP;9,9;Debito;Passagem Dentro SLA;;;;5;9;;24;1013;false;cc6fb861-8832-4453-bf2b-ff26bd4d2ca6
05437537000137;AUTO GERAL AUTOPECAS LTDA;229258;1403391752;QUA2G54;2 eixos, rodagem simples;2 eixos, rodagem simples;1131434587;11/06/2024;07:29:09;01/01/2000;00:00:00;;11/06/2024;07:29:44;CONCESSIONARIA DE RODOVIAS DO OESTE DE SAO PAULO VIAOESTE S.A;SP 075, 12.5, SUL, ITU - SP;8,6;Debito;Passagem Dentro SLA;;;;154;112;;286;1012;false;b89ab04a-41fb-4159-811a-5f5f6d1defe2
05437537000137;AUTO GERAL AUTOPECAS LTDA;229258;1402843944;DWH6543;2 eixos, rodagem simples;2 eixos, rodagem simples;1129701211;10/06/2024;18:23:37;01/01/2000;00:00:00;;10/06/2024;18:23:42;RODOVIAS DAS COLINAS S.A;SP 300, 137.722, OESTE, PORTO FELIZ - SP;9,9;Debito;Passagem Dentro SLA;;;;5;2;;24;1013;false;c83b1619-4785-42da-8648-9fdd94b0da3d
05437537000137;AUTO GERAL AUTOPECAS LTDA;229258;1402814128;GIG7685;2 eixos, rodagem simples;2 eixos, rodagem simples;1148968566;10/06/2024;17:53:16;01/01/2000;00:00:00;;10/06/2024;17:53:35;RODOVIAS DAS COLINAS S.A;SP 300, 137.722, OESTE, PORTO FELIZ - SP;9,9;Debito;Passagem Dentro SLA;;;;5;2;;24;1013;false;b81aa4f9-fb34-44a1-bc6e-dcd7a9997d04
05437537000137;AUTO GERAL AUTOPECAS LTDA;229258;1403255002;PXD7G42;2 eixos rodagem simples;2 eixos rodagem simples;2167066407;10/06/2024;17:36:37;;;;10/06/2024;17:36:56;RODOVIAS DAS COLINAS S.A;SP 300, 137.722, OESTE, PORTO FELIZ - SP;9,9;Debito;Passagem Dentro SLA;;;;5;2;ARTESP;24;1013;true;f05c1235-f61c-48a2-afc0-25838dd7293f
05437537000137;AUTO GERAL AUTOPECAS LTDA;229258;1402631986;GIA7B06;2 eixos, rodagem simples;2 eixos, rodagem simples;2132631068;10/06/2024;15:12:34;01/01/2000;00:00:00;;10/06/2024;15:14:21;CONCESSIONARIA DE RODOVIAS DO OESTE DE SAO PAULO VIAOESTE S.A;SP 075, 12.5, SUL, ITU - SP;8,6;Debito;Passagem Dentro SLA;;;;154;112;;286;1012;false;744ecc64-5479-4c0d-9e31-087a75bc936d
05437537000137;AUTO GERAL AUTOPECAS LTDA;229258;1402553933;PXD7G42;2 eixos, rodagem simples;2 eixos, rodagem simples;2167066407;10/06/2024;13:59:38;01/01/2000;00:00:00;;10/06/2024;13:59:53;RODOVIAS DAS COLINAS S.A;SP 300, 137.722, OESTE, PORTO FELIZ - SP;9,9;Debito;Passagem Dentro SLA;;;;5;2;;24;1013;false;4ec71a05-8740-49f6-b69f-eb94756f7b7a
05437537000137;AUTO GERAL AUTOPECAS LTDA;229258;1402393458;GIA7B06;2 eixos, rodagem simples;2 eixos, rodagem simples;2132631068;10/06/2024;11:21:48;01/01/2000;00:00:00;;10/06/2024;11:22:19;CONCESSIONARIA DE RODOVIAS DO OESTE DE SAO PAULO VIAOESTE S.A;SP 075, 12.5, SUL, ITU - SP;8,6;Debito;Passagem Dentro SLA;;;;154;112;;286;1012;false;6c4ed3e5-fcad-47ea-a0f0-606a0aafdbe3
05437537000137;AUTO GERAL AUTOPECAS LTDA;229258;1403213926;PXD7G42;2 eixos rodagem simples;2 eixos rodagem simples;2167066407;10/06/2024;11:00:27;;;;10/06/2024;11:00:46;RODOVIAS DAS COLINAS S.A;SP 300, 137.722, OESTE, PORTO FELIZ - SP;9,9;Debito;Passagem Dentro SLA;;;;5;2;ARTESP;24;1013;true;d6fa20dc-2036-4b78-a25f-b3ac23f858ec
05437537000137;AUTO GERAL AUTOPECAS LTDA;229258;1403179771;GIA7B06;2 eixos rodagem simples;2 eixos rodagem simples;2132631068;10/06/2024;08:03:13;;;;10/06/2024;08:03:44;CONCESSIONARIA DE RODOVIAS DO OESTE DE SAO PAULO VIAOESTE S.A;SP 075, 12.5, SUL, ITU - SP;8,6;Debito;Passagem Dentro SLA;;;;154;112;ARTESP;286;1012;true;72e35800-52f2-4ffc-89af-18c9416f634f
05437537000137;AUTO GERAL AUTOPECAS LTDA;229258;1403165872;DWH6543;2 eixos rodagem simples;2 eixos rodagem simples;1129701211;10/06/2024;07:42:46;;;;10/06/2024;07:43:03;RODOVIAS DAS COLINAS S.A;SP 300, 137.722, OESTE, PORTO FELIZ - SP;9,9;Debito;Passagem Dentro SLA;;;;5;9;ARTESP;24;1013;true;46a9a6b2-7ad8-4caa-97d6-30faa345c4c3
05437537000137;AUTO GERAL AUTOPECAS LTDA;229258;1400162801;GIY1B04;2 eixos, rodagem simples;2 eixos, rodagem simples;1172923315;08/06/2024;11:11:18;01/01/2000;00:00:00;;08/06/2024;11:11:41;CONCESSIONARIA DE RODOVIAS DO OESTE DE SAO PAULO VIAOESTE S.A;SP 280, 74.0, LESTE, ITU - SP;15,2;Debito;Passagem Dentro SLA;;;;143;115;;286;1012;false;0782a903-a900-4609-9b50-a3c14fe9fce1
05437537000137;AUTO GERAL AUTOPECAS LTDA;229258;1399846418;DWH6543;2 eixos rodagem simples;2 eixos rodagem simples;1129701211;07/06/2024;18:22:00;;;;07/06/2024;18:22:09;RODOVIAS DAS COLINAS S.A;SP 300, 137.722, OESTE, PORTO FELIZ - SP;9,9;Debito;Passagem Dentro SLA;;;;5;2;ARTESP;24;1013;true;ca191a42-d6f7-4480-baa6-3289f237779b
05437537000137;AUTO GERAL AUTOPECAS LTDA;229258;1399348796;478432;;;;07/06/2024;17:34:57;01/01/2000;00:00:00;;07/06/2024;17:34:57;;Automatica-CARTAO_DE_CREDITO;1000;Credito;Recarga Automatica;;;;;;;;;;8e66c81b-61a1-4176-8fdd-34e7280360bf
05437537000137;AUTO GERAL AUTOPECAS LTDA;229258;1399347938;PXD7G42;2 eixos, rodagem simples;2 eixos, rodagem simples;2167066407;07/06/2024;17:34:03;01/01/2000;00:00:00;;07/06/2024;17:34:16;RODOVIAS DAS COLINAS S.A;SP 300, 137.722, OESTE, PORTO FELIZ - SP;9,9;Debito;Passagem Dentro SLA;;;;5;2;;24;1013;false;2d6a4a08-e290-48c7-a8eb-f2062c0b7e52
05437537000137;AUTO GERAL AUTOPECAS LTDA;229258;1399165374;FYX6I43;2 eixos, rodagem simples;2 eixos, rodagem simples;1182838201;07/06/2024;15:14:59;01/01/2000;00:00:00;;07/06/2024;15:15:25;CONCESSIONARIA DE RODOVIAS DO OESTE DE SAO PAULO VIAOESTE S.A;SP 075, 12.5, SUL, ITU - SP;8,6;Debito;Passagem Dentro SLA;;;;154;112;;286;1012;false;638684b4-755c-40c2-a5b2-3572160502e0
05437537000137;AUTO GERAL AUTOPECAS LTDA;229258;1399077044;PXD7G42;2 eixos, rodagem simples;2 eixos, rodagem simples;2167066407;07/06/2024;14:01:53;01/01/2000;00:00:00;;07/06/2024;14:02:10;RODOVIAS DAS COLINAS S.A;SP 300, 137.722, OESTE, PORTO FELIZ - SP;9,9;Debito;Passagem Dentro SLA;;;;5;2;;24;1013;false;5eff4118-9a86-4e5d-8f71-c5d5bda2da55
05437537000137;AUTO GERAL AUTOPECAS LTDA;229258;1398910287;FYX6I43;2 eixos, rodagem simples;2 eixos, rodagem simples;1182838201;07/06/2024;11:20:05;01/01/2000;00:00:00;;07/06/2024;11:20:34;CONCESSIONARIA DE RODOVIAS DO OESTE DE SAO PAULO VIAOESTE S.A;SP 075, 12.5, SUL, ITU - SP;8,6;Debito;Passagem Dentro SLA;;;;154;112;;286;1012;false;8c69b81c-31d4-45a3-840a-c21bb6e2373d
05437537000137;AUTO GERAL AUTOPECAS LTDA;229258;1398878192;PXD7G42;2 eixos, rodagem simples;2 eixos, rodagem simples;2167066407;07/06/2024;10:53:01;01/01/2000;00:00:00;;07/06/2024;10:53:20;RODOVIAS DAS COLINAS S.A;SP 300, 137.722, OESTE, PORTO FELIZ - SP;9,9;Debito;Passagem Dentro SLA;;;;5;2;;24;1013;false;75e8fc58-874c-4ebb-b255-3d96431caa2f
05437537000137;AUTO GERAL AUTOPECAS LTDA;229258;1398705985;FYX6I43;2 eixos, rodagem simples;2 eixos, rodagem simples;1182838201;07/06/2024;08:12:10;01/01/2000;00:00:00;;07/06/2024;08:14:23;CONCESSIONARIA DE RODOVIAS DO OESTE DE SAO PAULO VIAOESTE S.A;SP 075, 12.5, SUL, ITU - SP;8,6;Debito;Passagem Fora SLA;;;;154;112;;286;1012;false;ad235743-548e-4072-a197-e7ca3da63fae
05437537000137;AUTO GERAL AUTOPECAS LTDA;229258;1398474744;DWH6543;2 eixos, rodagem simples;2 eixos, rodagem simples;1129701211;07/06/2024;07:39:38;01/01/2000;00:00:00;;07/06/2024;07:40:00;RODOVIAS DAS COLINAS S.A;SP 300, 137.722, OESTE, PORTO FELIZ - SP;9,9;Debito;Passagem Dentro SLA;;;;5;9;;24;1013;false;d96fad94-40ed-444a-bbc1-499cd5c7f69b
05437537000137;AUTO GERAL AUTOPECAS LTDA;229258;1398474749;QUA2G54;2 eixos, rodagem simples;2 eixos, rodagem simples;1131434587;07/06/2024;07:37:14;01/01/2000;00:00:00;;07/06/2024;07:39:28;CONCESSIONARIA DE RODOVIAS DO OESTE DE SAO PAULO VIAOESTE S.A;SP 075, 12.5, SUL, ITU - SP;8,6;Debito;Passagem Fora SLA;;;;154;112;;286;1012;false;3060aead-7b3b-443c-ae98-a294d7b3eb69
05437537000137;AUTO GERAL AUTOPECAS LTDA;229258;1398089415;DWH6543;2 eixos, rodagem simples;2 eixos, rodagem simples;1129701211;06/06/2024;18:24:47;01/01/2000;00:00:00;;06/06/2024;18:25:04;RODOVIAS DAS COLINAS S.A;SP 300, 137.722, OESTE, PORTO FELIZ - SP;9,9;Debito;Passagem Dentro SLA;;;;5;2;;24;1013;false;457ece3e-bdd9-430c-b462-5c7cb0615dc0
05437537000137;AUTO GERAL AUTOPECAS LTDA;229258;1398025423;PXD7G42;2 eixos, rodagem simples;2 eixos, rodagem simples;2167066407;06/06/2024;17:33:50;01/01/2000;00:00:00;;06/06/2024;17:33:53;RODOVIAS DAS COLINAS S.A;SP 300, 137.722, OESTE, PORTO FELIZ - SP;9,9;Debito;Passagem Dentro SLA;;;;5;2;;24;1013;false;c90f6ee6-1d25-4603-81f8-f4955849e1b1
05437537000137;AUTO GERAL AUTOPECAS LTDA;229258;1397889971;GFB8C62;2 eixos, rodagem simples;2 eixos, rodagem simples;2172222668;06/06/2024;15:36:45;01/01/2000;00:00:00;;06/06/2024;15:37:25;RODOVIAS INTEGRADAS DO OESTE S.A;SP 127, 128.9, NORTE, TATUI - SP;14,3;Debito;Passagem Dentro SLA;;;;163;102;;305;1020;false;a548c8ac-e7f6-41cb-9b2d-77120430116f
05437537000137;AUTO GERAL AUTOPECAS LTDA;229258;1397868085;FYX6I43;2 eixos, rodagem simples;2 eixos, rodagem simples;1182838201;06/06/2024;15:17:20;01/01/2000;00:00:00;;06/06/2024;15:18:23;CONCESSIONARIA DE RODOVIAS DO OESTE DE SAO PAULO VIAOESTE S.A;SP 075, 12.5, SUL, ITU - SP;8,6;Debito;Passagem Dentro SLA;;;;154;112;;286;1012;false;731e227e-4408-46d7-8848-2b724e61a8d4
05437537000137;AUTO GERAL AUTOPECAS LTDA;229258;1397825965;GFB8C62;2 eixos, rodagem simples;2 eixos, rodagem simples;2172222668;06/06/2024;14:34:58;01/01/2000;00:00:00;;06/06/2024;14:35:29;RODOVIAS INTEGRADAS DO OESTE S.A;SP 127, 133.9, SUL, ITAPETININGA - SP;14,3;Debito;Passagem Dentro SLA;;;;174;102;;305;1020;false;541ad151-43c2-49ea-b58d-4599f659f408
05437537000137;AUTO GERAL AUTOPECAS LTDA;229258;1397789798;PXD7G42;2 eixos, rodagem simples;2 eixos, rodagem simples;2167066407;06/06/2024;14:01:14;01/01/2000;00:00:00;;06/06/2024;14:01:25;RODOVIAS DAS COLINAS S.A;SP 300, 137.722, OESTE, PORTO FELIZ - SP;9,9;Debito;Passagem Dentro SLA;;;;5;2;;24;1013;false;f3c5f519-dc9e-4513-9393-468e99ace300
05437537000137;AUTO GERAL AUTOPECAS LTDA;229258;1397636362;FYX6I43;2 eixos, rodagem simples;2 eixos, rodagem simples;1182838201;06/06/2024;11:16:44;01/01/2000;00:00:00;;06/06/2024;11:18:55;CONCESSIONARIA DE RODOVIAS DO OESTE DE SAO PAULO VIAOESTE S.A;SP 075, 12.5, SUL, ITU - SP;8,6;Debito;Passagem Fora SLA;;;;154;112;;286;1012;false;3eff9591-af4f-4af5-80c2-4b4ed5c762f0
05437537000137;AUTO GERAL AUTOPECAS LTDA;229258;1397625438;FLX6991;2 eixos, rodagem dupla;2 eixos, rodagem dupla;1183931411;06/06/2024;11:06:07;01/01/2000;00:00:00;;06/06/2024;11:06:29;RODOVIAS DAS COLINAS S.A;SP 280, 111.3, LESTE, BOITUVA - SP;24,8;Debito;Passagem Dentro SLA;;;;2;2;;24;1013;false;698ea726-a0ad-4769-aded-2994d34468f8
05437537000137;AUTO GERAL AUTOPECAS LTDA;229258;1398534204;PXD7G42;2 eixos rodagem simples;2 eixos rodagem simples;2167066407;06/06/2024;10:57:42;;;;06/06/2024;10:57:49;RODOVIAS DAS COLINAS S.A;SP 300, 137.722, OESTE, PORTO FELIZ - SP;9,9;Debito;Passagem Dentro SLA;;;;5;2;ARTESP;24;1013;true;9fe7ea4a-cadc-43a6-a175-b6e6f5cd213f
05437537000137;AUTO GERAL AUTOPECAS LTDA;229258;1397579957;GIY1B04;2 eixos, rodagem simples;2 eixos, rodagem simples;1172923315;06/06/2024;10:13:32;01/01/2000;00:00:00;;06/06/2024;10:13:48;CONCESSIONARIA DE RODOVIAS DO OESTE DE SAO PAULO VIAOESTE S.A;SP 280, 74.0, LESTE, ITU - SP;15,2;Debito;Passagem Dentro SLA;;;;143;116;;286;1012;false;35579367-78fb-4e6d-8899-c7fe267ca941
05437537000137;AUTO GERAL AUTOPECAS LTDA;229258;1397516836;FLX6991;2 eixos, rodagem dupla;2 eixos, rodagem dupla;1183931411;06/06/2024;09:09:16;01/01/2000;00:00:00;;06/06/2024;09:09:40;RODOVIAS DAS COLINAS S.A;SP 280, 111.3, LESTE, BOITUVA - SP;24,8;Debito;Passagem Dentro SLA;;;;2;17;;24;1013;false;4297dc54-db53-4cbb-9370-3d3ab84c82cf
05437537000137;AUTO GERAL AUTOPECAS LTDA;229258;1397453037;FYX6I43;2 eixos, rodagem simples;2 eixos, rodagem simples;1182838201;06/06/2024;08:04:18;01/01/2000;00:00:00;;06/06/2024;08:06:30;CONCESSIONARIA DE RODOVIAS DO OESTE DE SAO PAULO VIAOESTE S.A;SP 075, 12.5, SUL, ITU - SP;8,6;Debito;Passagem Fora SLA;;;;154;112;;286;1012;false;d6d29745-1049-4fd5-835d-1243e7f300b1
05437537000137;AUTO GERAL AUTOPECAS LTDA;229258;1397429510;DWH6543;2 eixos, rodagem simples;2 eixos, rodagem simples;1129701211;06/06/2024;07:41:30;01/01/2000;00:00:00;;06/06/2024;07:41:52;RODOVIAS DAS COLINAS S.A;SP 300, 137.722, OESTE, PORTO FELIZ - SP;9,9;Debito;Passagem Dentro SLA;;;;5;9;;24;1013;false;25e3c5d9-63a2-4ca6-9c4d-8994fda82262
05437537000137;AUTO GERAL AUTOPECAS LTDA;229258;1397416204;PWS9889;2 eixos, rodagem simples;2 eixos, rodagem simples;2139267956;06/06/2024;07:28:26;01/01/2000;00:00:00;;06/06/2024;07:29:28;CONCESSIONARIA DE RODOVIAS DO OESTE DE SAO PAULO VIAOESTE S.A;SP 075, 12.5, SUL, ITU - SP;8,6;Debito;Passagem Dentro SLA;;;;154;112;;286;1012;false;c0e9845c-64c0-4160-a4ee-6883f1ac9e3e
05437537000137;AUTO GERAL AUTOPECAS LTDA;229258;1396792447;DWH6543;2 eixos, rodagem simples;2 eixos, rodagem simples;1129701211;05/06/2024;18:22:28;01/01/2000;00:00:00;;05/06/2024;18:22:36;RODOVIAS DAS COLINAS S.A;SP 300, 137.722, OESTE, PORTO FELIZ - SP;9,9;Debito;Passagem Dentro SLA;;;;5;2;;24;1013;false;0b728efb-ab36-4197-b31a-b7da0a50f24d
05437537000137;AUTO GERAL AUTOPECAS LTDA;229258;1397224665;PXD7G42;2 eixos rodagem simples;2 eixos rodagem simples;2167066407;05/06/2024;17:36:27;;;;05/06/2024;17:36:35;RODOVIAS DAS COLINAS S.A;SP 300, 137.722, OESTE, PORTO FELIZ - SP;9,9;Debito;Passagem Dentro SLA;;;;5;2;ARTESP;24;1013;true;d9884986-63bd-438b-b842-262c64bfe51f
05437537000137;AUTO GERAL AUTOPECAS LTDA;229258;1396578464;FYX6I43;2 eixos, rodagem simples;2 eixos, rodagem simples;1182838201;05/06/2024;15:14:47;01/01/2000;00:00:00;;05/06/2024;15:15:48;CONCESSIONARIA DE RODOVIAS DO OESTE DE SAO PAULO VIAOESTE S.A;SP 075, 12.5, SUL, ITU - SP;8,6;Debito;Passagem Dentro SLA;;;;154;112;;286;1012;false;5a548cea-cf12-4edb-b260-82cfc317c263
05437537000137;AUTO GERAL AUTOPECAS LTDA;229258;1396507749;PXD7G42;2 eixos, rodagem simples;2 eixos, rodagem simples;2167066407;05/06/2024;14:02:30;01/01/2000;00:00:00;;05/06/2024;14:02:49;RODOVIAS DAS COLINAS S.A;SP 300, 137.722, OESTE, PORTO FELIZ - SP;9,9;Debito;Passagem Dentro SLA;;;;5;2;;24;1013;false;e9863b25-0c9d-4068-8a1a-3b23c25fbfda
05437537000137;AUTO GERAL AUTOPECAS LTDA;229258;1396339037;FYX6I43;2 eixos, rodagem simples;2 eixos, rodagem simples;1182838201;05/06/2024;11:20:52;01/01/2000;00:00:00;;05/06/2024;11:21:53;CONCESSIONARIA DE RODOVIAS DO OESTE DE SAO PAULO VIAOESTE S.A;SP 075, 12.5, SUL, ITU - SP;8,6;Debito;Passagem Dentro SLA;;;;154;112;;286;1012;false;29b81187-8b36-420b-8815-57d2c622f679
05437537000137;AUTO GERAL AUTOPECAS LTDA;229258;1397181133;PXD7G42;2 eixos rodagem simples;2 eixos rodagem simples;2167066407;05/06/2024;11:01:20;;;;05/06/2024;11:01:41;RODOVIAS DAS COLINAS S.A;SP 300, 137.722, OESTE, PORTO FELIZ - SP;9,9;Debito;Passagem Dentro SLA;;;;5;2;ARTESP;24;1013;true;5422cdf2-28dc-41b6-b749-a37fcefc6d55
05437537000137;AUTO GERAL AUTOPECAS LTDA;229258;1396260912;GIY1B04;2 eixos, rodagem simples;2 eixos, rodagem simples;1172923315;05/06/2024;10:00:47;01/01/2000;00:00:00;;05/06/2024;10:01:01;CONCESSIONARIA DE RODOVIAS DO OESTE DE SAO PAULO VIAOESTE S.A;SP 280, 74.0, LESTE, ITU - SP;15,2;Debito;Passagem Dentro SLA;;;;143;115;;286;1012;false;551604de-a683-42ab-9f46-6be6c0f2d3a4
05437537000137;AUTO GERAL AUTOPECAS LTDA;229258;1396158381;FYX6I43;2 eixos, rodagem simples;2 eixos, rodagem simples;1182838201;05/06/2024;08:08:46;01/01/2000;00:00:00;;05/06/2024;08:09:47;CONCESSIONARIA DE RODOVIAS DO OESTE DE SAO PAULO VIAOESTE S.A;SP 075, 12.5, SUL, ITU - SP;8,6;Debito;Passagem Dentro SLA;;;;154;112;;286;1012;false;14fdae0a-f31d-4604-8c6a-4609e866d341
05437537000137;AUTO GERAL AUTOPECAS LTDA;229258;1397158646;DWH6543;2 eixos rodagem simples;2 eixos rodagem simples;1129701211;05/06/2024;07:41:28;;;;05/06/2024;07:41:55;RODOVIAS DAS COLINAS S.A;SP 300, 137.722, OESTE, PORTO FELIZ - SP;9,9;Debito;Passagem Dentro SLA;;;;5;9;ARTESP;24;1013;true;cb181f7b-5ec0-4c96-8936-14610908949e
05437537000137;AUTO GERAL AUTOPECAS LTDA;229258;1396117627;QUA2G54;2 eixos, rodagem simples;2 eixos, rodagem simples;1131434587;05/06/2024;07:29:59;01/01/2000;00:00:00;;05/06/2024;07:30:58;CONCESSIONARIA DE RODOVIAS DO OESTE DE SAO PAULO VIAOESTE S.A;SP 075, 12.5, SUL, ITU - SP;8,6;Debito;Passagem Dentro SLA;;;;154;112;;286;1012;false;27526863-1c04-47d3-a574-0541904f65a0
05437537000137;AUTO GERAL AUTOPECAS LTDA;229258;1395751429;;;;;04/06/2024;21:00:00;04/06/2024;21:00:00;;05/06/2024;01:25:35;;Referente a 06/2024;378,1;Debito;Mensalidade Pre-Paga;;;;;;;;;;9c7f3ebc-b5fc-4a6d-9f66-61cc91434cab
05437537000137;AUTO GERAL AUTOPECAS LTDA;229258;1395971127;DWH6543;2 eixos rodagem simples;2 eixos rodagem simples;1129701211;04/06/2024;18:20:28;;;;04/06/2024;18:20:48;RODOVIAS DAS COLINAS S.A;SP 300, 137.722, OESTE, PORTO FELIZ - SP;9,9;Debito;Passagem Dentro SLA;;;;5;2;ARTESP;24;1013;true;ec3e8bad-15ba-47c1-8d21-c4c2ad70bb15
05437537000137;AUTO GERAL AUTOPECAS LTDA;229258;1395421778;PXD7G42;2 eixos, rodagem simples;2 eixos, rodagem simples;2167066407;04/06/2024;17:33:16;01/01/2000;00:00:00;;04/06/2024;17:33:39;RODOVIAS DAS COLINAS S.A;SP 300, 137.722, OESTE, PORTO FELIZ - SP;9,9;Debito;Passagem Dentro SLA;;;;5;2;;24;1013;false;1c30ec82-9d70-4bfe-959c-8abc6fc860f2
05437537000137;AUTO GERAL AUTOPECAS LTDA;229258;1395287322;FYX6I43;2 eixos, rodagem simples;2 eixos, rodagem simples;1182838201;04/06/2024;15:17:26;01/01/2000;00:00:00;;04/06/2024;15:18:23;CONCESSIONARIA DE RODOVIAS DO OESTE DE SAO PAULO VIAOESTE S.A;SP 075, 12.5, SUL, ITU - SP;8,6;Debito;Passagem Dentro SLA;;;;154;112;;286;1012;false;f4c57049-6680-4140-b69a-69c2242eb846
05437537000137;AUTO GERAL AUTOPECAS LTDA;229258;1395221301;PXD7G42;2 eixos, rodagem simples;2 eixos, rodagem simples;2167066407;04/06/2024;14:05:20;01/01/2000;00:00:00;;04/06/2024;14:05:40;RODOVIAS DAS COLINAS S.A;SP 300, 137.722, OESTE, PORTO FELIZ - SP;9,9;Debito;Passagem Dentro SLA;;;;5;2;;24;1013;false;16878d28-caae-4b3d-95c6-4868c7f8f9ee
05437537000137;AUTO GERAL AUTOPECAS LTDA;229258;1395075882;FYX6I43;2 eixos, rodagem simples;2 eixos, rodagem simples;1182838201;04/06/2024;11:15:15;01/01/2000;00:00:00;;04/06/2024;11:16:14;CONCESSIONARIA DE RODOVIAS DO OESTE DE SAO PAULO VIAOESTE S.A;SP 075, 12.5, SUL, ITU - SP;8,6;Debito;Passagem Dentro SLA;;;;154;112;;286;1012;false;ba9490a4-1ae8-4c9f-a94a-9837b1f6d6ee
05437537000137;AUTO GERAL AUTOPECAS LTDA;229258;1395063555;PXD7G42;2 eixos, rodagem simples;2 eixos, rodagem simples;2167066407;04/06/2024;11:01:02;01/01/2000;00:00:00;;04/06/2024;11:01:17;RODOVIAS DAS COLINAS S.A;SP 300, 137.722, OESTE, PORTO FELIZ - SP;9,9;Debito;Passagem Dentro SLA;;;;5;2;;24;1013;false;75450979-19e6-4b2c-9cfe-7cfddef56ec3
05437537000137;AUTO GERAL AUTOPECAS LTDA;229258;1394990078;BQU4D69;2 eixos, rodagem simples;2 eixos, rodagem simples;1130525385;04/06/2024;09:32:26;01/01/2000;00:00:00;;04/06/2024;09:33:07;RODOVIAS INTEGRADAS DO OESTE S.A;SP 127, 128.9, NORTE, TATUI - SP;14,3;Debito;Passagem Dentro SLA;;;;163;103;;305;1020;false;ae3d48bf-05e4-4758-b110-b029e6dbce8b
05437537000137;AUTO GERAL AUTOPECAS LTDA;229258;1394902304;FYX6I43;2 eixos, rodagem simples;2 eixos, rodagem simples;1182838201;04/06/2024;08:03:03;01/01/2000;00:00:00;;04/06/2024;08:03:59;CONCESSIONARIA DE RODOVIAS DO OESTE DE SAO PAULO VIAOESTE S.A;SP 075, 12.5, SUL, ITU - SP;8,6;Debito;Passagem Dentro SLA;;;;154;112;;286;1012;false;bcc4d575-485d-412d-8186-9aa9003ed875
05437537000137;AUTO GERAL AUTOPECAS LTDA;229258;1394876780;DWH6543;2 eixos, rodagem simples;2 eixos, rodagem simples;1129701211;04/06/2024;07:40:04;01/01/2000;00:00:00;;04/06/2024;07:40:23;RODOVIAS DAS COLINAS S.A;SP 300, 137.722, OESTE, PORTO FELIZ - SP;9,9;Debito;Passagem Dentro SLA;;;;5;9;;24;1013;false;8e475341-06f7-458d-a9ae-3e0f57370a88
05437537000137;AUTO GERAL AUTOPECAS LTDA;229258;1394864376;QUA2G54;2 eixos, rodagem simples;2 eixos, rodagem simples;1131434587;04/06/2024;07:26:53;01/01/2000;00:00:00;;04/06/2024;07:27:49;CONCESSIONARIA DE RODOVIAS DO OESTE DE SAO PAULO VIAOESTE S.A;SP 075, 12.5, SUL, ITU - SP;8,6;Debito;Passagem Dentro SLA;;;;154;112;;286;1012;false;16017a09-6234-4f7b-ad33-0931d3ba4900
05437537000137;AUTO GERAL AUTOPECAS LTDA;229258;1394383931;DWH6543;2 eixos, rodagem simples;2 eixos, rodagem simples;1129701211;03/06/2024;18:23:19;01/01/2000;00:00:00;;03/06/2024;18:24:56;RODOVIAS DAS COLINAS S.A;SP 300, 137.722, OESTE, PORTO FELIZ - SP;9,9;Debito;Passagem Dentro SLA;;;;5;2;;24;1013;false;df38fdb2-1b16-4d7a-9287-2b9b401daeac
05437537000137;AUTO GERAL AUTOPECAS LTDA;229258;1394336288;PXD7G42;2 eixos, rodagem simples;2 eixos, rodagem simples;2167066407;03/06/2024;17:37:17;01/01/2000;00:00:00;;03/06/2024;17:37:24;RODOVIAS DAS COLINAS S.A;SP 300, 137.722, OESTE, PORTO FELIZ - SP;9,9;Debito;Passagem Dentro SLA;;;;5;2;;24;1013;false;2ff59e96-3cc1-4aaf-846d-db7861368973
05437537000137;AUTO GERAL AUTOPECAS LTDA;229258;1394294186;DFJ9195;2 eixos, rodagem simples;2 eixos, rodagem simples;2199910708;03/06/2024;16:58:06;01/01/2000;00:00:00;;03/06/2024;16:59:00;CONCESSIONARIA DE RODOVIAS DO OESTE DE SAO PAULO VIAOESTE S.A;SP 075, 12.5, SUL, ITU - SP;8,6;Debito;Passagem Dentro SLA;;;;154;112;;286;1012;false;ce901f85-24e7-410a-8a89-4b5cef8ad462
05437537000137;AUTO GERAL AUTOPECAS LTDA;229258;1394191387;FYX6I43;2 eixos, rodagem simples;2 eixos, rodagem simples;1182838201;03/06/2024;15:16:54;01/01/2000;00:00:00;;03/06/2024;15:18:55;CONCESSIONARIA DE RODOVIAS DO OESTE DE SAO PAULO VIAOESTE S.A;SP 075, 12.5, SUL, ITU - SP;8,6;Debito;Passagem Fora SLA;;;;154;112;;286;1012;false;f614faf6-935d-4ee9-be1c-62d45d38c7ee
05437537000137;AUTO GERAL AUTOPECAS LTDA;229258;1394110209;PXD7G42;2 eixos, rodagem simples;2 eixos, rodagem simples;2167066407;03/06/2024;14:03:31;01/01/2000;00:00:00;;03/06/2024;14:03:46;RODOVIAS DAS COLINAS S.A;SP 300, 137.722, OESTE, PORTO FELIZ - SP;9,9;Debito;Passagem Dentro SLA;;;;5;2;;24;1013;false;a27eb4d1-aa84-4699-a9c0-214883e8785f
05437537000137;AUTO GERAL AUTOPECAS LTDA;229258;1393955259;FYX6I43;2 eixos, rodagem simples;2 eixos, rodagem simples;1182838201;03/06/2024;11:18:03;01/01/2000;00:00:00;;03/06/2024;11:19:00;CONCESSIONARIA DE RODOVIAS DO OESTE DE SAO PAULO VIAOESTE S.A;SP 075, 12.5, SUL, ITU - SP;8,6;Debito;Passagem Dentro SLA;;;;154;112;;286;1012;false;1d4117bb-ba79-4db3-b4c4-d43fb43c452e
05437537000137;AUTO GERAL AUTOPECAS LTDA;229258;1393923834;PXD7G42;2 eixos, rodagem simples;2 eixos, rodagem simples;2167066407;03/06/2024;10:53:34;01/01/2000;00:00:00;;03/06/2024;10:53:57;RODOVIAS DAS COLINAS S.A;SP 300, 137.722, OESTE, PORTO FELIZ - SP;9,9;Debito;Passagem Dentro SLA;;;;5;2;;24;1013;false;3a2c0d32-bd81-43d5-af4e-ced004ccda65
05437537000137;AUTO GERAL AUTOPECAS LTDA;229258;1393712983;FYX6I43;2 eixos, rodagem simples;2 eixos, rodagem simples;1182838201;03/06/2024;08:01:07;01/01/2000;00:00:00;;03/06/2024;08:02:00;CONCESSIONARIA DE RODOVIAS DO OESTE DE SAO PAULO VIAOESTE S.A;SP 075, 12.5, SUL, ITU - SP;8,6;Debito;Passagem Dentro SLA;;;;154;112;;286;1012;false;dbb6d776-7f40-4e75-a766-cfe649d45737
05437537000137;AUTO GERAL AUTOPECAS LTDA;229258;1393693998;DWH6543;2 eixos, rodagem simples;2 eixos, rodagem simples;1129701211;03/06/2024;07:42:36;01/01/2000;00:00:00;;03/06/2024;07:42:57;RODOVIAS DAS COLINAS S.A;SP 300, 137.722, OESTE, PORTO FELIZ - SP;9,9;Debito;Passagem Dentro SLA;;;;5;9;;24;1013;false;b83f7d88-a0b3-48b7-8595-2cec6b051576
05437537000137;AUTO GERAL AUTOPECAS LTDA;229258;1394735047;QUA2G54;2 eixos rodagem simples;2 eixos rodagem simples;1131434587;03/06/2024;07:34:54;;;;03/06/2024;07:36:55;CONCESSIONARIA DE RODOVIAS DO OESTE DE SAO PAULO VIAOESTE S.A;SP 075, 12.5, SUL, ITU - SP;8,6;Debito;Passagem Fora SLA;;;;154;112;ARTESP;286;1012;true;0a4de287-91f6-459a-b31e-29b81d999623
05437537000137;AUTO GERAL AUTOPECAS LTDA;229258;1391529440;DWH6543;2 eixos, rodagem simples;2 eixos, rodagem simples;1129701211;01/06/2024;12:19:41;01/01/2000;00:00:00;;01/06/2024;12:19:55;RODOVIAS DAS COLINAS S.A;SP 300, 137.722, OESTE, PORTO FELIZ - SP;9,9;Debito;Passagem Dentro SLA;;;;5;2;;24;1013;false;0991cc98-717b-4896-9b36-636deb4640df
05437537000137;AUTO GERAL AUTOPECAS LTDA;229258;1391302762;DWH6543;2 eixos, rodagem simples;2 eixos, rodagem simples;1129701211;01/06/2024;07:37:09;01/01/2000;00:00:00;;01/06/2024;07:37:14;RODOVIAS DAS COLINAS S.A;SP 300, 137.722, OESTE, PORTO FELIZ - SP;9,9;Debito;Passagem Dentro SLA;;;;5;9;;24;1013;false;79c819e9-9d43-4344-9b15-41d689ffc63e
05437537000137;AUTO GERAL AUTOPECAS LTDA;229258;1391300820;QUA2G54;2 eixos, rodagem simples;2 eixos, rodagem simples;1131434587;01/06/2024;07:32:07;01/01/2000;00:00:00;;01/06/2024;07:33:24;CONCESSIONARIA DE RODOVIAS DO OESTE DE SAO PAULO VIAOESTE S.A;SP 075, 12.5, SUL, ITU - SP;8,6;Debito;Passagem Dentro SLA;;;;154;112;;286;1012;false;4dea30b0-6c1f-4541-a782-7cf3054ea7fb