CPF/CNPJ;Razao Social;Conta;ID Transacao;Placa;Eixo Cadastrado;Eixo Cobrado;VeloeTag;Data de Utilizacao;Hora de Untrada;Data Fim de Utilizacao;Hora Fim de Utilizacao;Permanencia;Data de Processamento;Hora de Processamento;Nome do Estabelecimento;Endereco do Estabelecimento;Valor Cobrado;Tipo do Movimento;Tipo de Transacao;Informacao 1;Informacao 2;Informacao 3;Praca;Pista;Agencia;ID Concessionaria DTO;Concessionaria ID;Vale Pedagio;FastId
05437537000137;AUTO GERAL AUTOPECAS LTDA;229258;1391111263;DWH6543;2 eixos rodagem simples;2 eixos rodagem simples;1129701211;31/05/2024;18:35:31;;;;31/05/2024;18:35:39;RODOVIAS DAS COLINAS S.A;SP 280, 111.3, LESTE, BOITUVA - SP;12,4;Debito;Passagem Dentro SLA;;;;2;3;ARTESP;24;1013;true;ae944aea-076a-4c89-bc13-2ce2032face4
05437537000137;AUTO GERAL AUTOPECAS LTDA;229258;1390666249;PXD7G42;2 eixos, rodagem simples;2 eixos, rodagem simples;2167066407;31/05/2024;17:32:41;01/01/2000;00:00:00;;31/05/2024;17:32:51;RODOVIAS DAS COLINAS S.A;SP 300, 137.722, OESTE, PORTO FELIZ - SP;9,9;Debito;Passagem Dentro SLA;;;;5;2;;24;1013;false;0b287ccb-0368-42e0-ae16-d1473bf277e3
05437537000137;AUTO GERAL AUTOPECAS LTDA;229258;1390574643;DFJ9195;2 eixos, rodagem simples;2 eixos, rodagem simples;2199910708;31/05/2024;16:16:46;01/01/2000;00:00:00;;31/05/2024;16:18:01;CONCESSIONARIA DE RODOVIAS DO OESTE DE SAO PAULO VIAOESTE S.A;SP 075, 12.5, SUL, ITU - SP;8,6;Debito;Passagem Dentro SLA;;;;154;112;;286;1012;false;f3084357-3687-42d3-a606-f760e1641a10
05437537000137;AUTO GERAL AUTOPECAS LTDA;229258;1390573258;ERF3783;2 eixos, rodagem simples;2 eixos, rodagem simples;2130205569;31/05/2024;16:16:30;01/01/2000;00:00:00;;31/05/2024;16:16:40;CONCESSIONARIA DE RODOVIAS DO OESTE DE SAO PAULO VIAOESTE S.A;SP 280, 74.0, LESTE, ITU - SP;15,2;Debito;Passagem Dentro SLA;;;;143;115;;286;1012;false;a070f7af-6ff2-4649-85ec-ebdc3d9d5217
05437537000137;AUTO GERAL AUTOPECAS LTDA;229258;1390506857;FYX6I43;2 eixos, rodagem simples;2 eixos, rodagem simples;1182838201;31/05/2024;15:15:36;01/01/2000;00:00:00;;31/05/2024;15:16:51;CONCESSIONARIA DE RODOVIAS DO OESTE DE SAO PAULO VIAOESTE S.A;SP 075, 12.5, SUL, ITU - SP;8,6;Debito;Passagem Dentro SLA;;;;154;112;;286;1012;false;55de3bfc-cf25-4676-aa84-5c1d141f9e56
05437537000137;AUTO GERAL AUTOPECAS LTDA;229258;1390417561;401676;;;;31/05/2024;13:58:18;01/01/2000;00:00:00;;31/05/2024;13:58:18;;Automatica-CARTAO_DE_CREDITO;1000;Credito;Recarga Automatica;;;;;;;;;;19d2fdba-cd8d-4b3e-a505-146148360cb6
05437537000137;AUTO GERAL AUTOPECAS LTDA;229258;1390416999;PXD7G42;2 eixos, rodagem simples;2 eixos, rodagem simples;2167066407;31/05/2024;13:56:31;01/01/2000;00:00:00;;31/05/2024;13:57:37;RODOVIAS DAS COLINAS S.A;SP 300, 137.722, OESTE, PORTO FELIZ - SP;9,9;Debito;Passagem Dentro SLA;;;;5;2;;24;1013;false;90e56280-d6c5-4798-9d61-c58631930099
05437537000137;AUTO GERAL AUTOPECAS LTDA;229258;1390264699;FYX6I43;2 eixos, rodagem simples;2 eixos, rodagem simples;1182838201;31/05/2024;11:16:34;01/01/2000;00:00:00;;31/05/2024;11:17:48;CONCESSIONARIA DE RODOVIAS DO OESTE DE SAO PAULO VIAOESTE S.A;SP 075, 12.5, SUL, ITU - SP;8,6;Debito;Passagem Dentro SLA;;;;154;112;;286;1012;false;9222f9bd-1cb2-4f5c-8ee2-679596b7cf11
05437537000137;AUTO GERAL AUTOPECAS LTDA;229258;1390247332;PXD7G42;2 eixos, rodagem simples;2 eixos, rodagem simples;2167066407;31/05/2024;10:58:23;01/01/2000;00:00:00;;31/05/2024;10:58:31;RODOVIAS DAS COLINAS S.A;SP 300, 137.722, OESTE, PORTO FELIZ - SP;9,9;Debito;Passagem Dentro SLA;;;;5;2;;24;1013;false;0209ed4f-cc2f-4910-9606-181fb327fad1
05437537000137;AUTO GERAL AUTOPECAS LTDA;229258;1390136615;FEA0472;2 eixos, rodagem simples;2 eixos, rodagem simples;1168495145;31/05/2024;08:57:00;01/01/2000;00:00:00;;31/05/2024;08:57:06;RODOVIAS DAS COLINAS S.A;SP 300, 137.722, OESTE, PORTO FELIZ - SP;9,9;Debito;Passagem Dentro SLA;;;;5;2;;24;1013;false;7d0babcb-1ad3-4eb7-8ce3-68890e5a5878
05437537000137;AUTO GERAL AUTOPECAS LTDA;229258;1390118124;FEA0472;2 eixos, rodagem simples;2 eixos, rodagem simples;1168495145;31/05/2024;08:37:26;01/01/2000;00:00:00;;31/05/2024;08:37:37;RODOVIAS DAS COLINAS S.A;SP 300, 137.722, OESTE, PORTO FELIZ - SP;9,9;Debito;Passagem Dentro SLA;;;;5;9;;24;1013;false;3683da69-e6a2-4246-b701-6f5bb851c7cf
05437537000137;AUTO GERAL AUTOPECAS LTDA;229258;1390104725;FYX6I43;2 eixos, rodagem simples;2 eixos, rodagem simples;1182838201;31/05/2024;08:15:07;01/01/2000;00:00:00;;31/05/2024;08:17:25;CONCESSIONARIA DE RODOVIAS DO OESTE DE SAO PAULO VIAOESTE S.A;SP 075, 12.5, SUL, ITU - SP;8,6;Debito;Passagem Fora SLA;;;;154;112;;286;1012;false;b2e2a8d8-d679-40bc-9077-0628aecc8d6b
05437537000137;AUTO GERAL AUTOPECAS LTDA;229258;1390074227;DWH6543;2 eixos, rodagem simples;2 eixos, rodagem simples;1129701211;31/05/2024;07:41:40;01/01/2000;00:00:00;;31/05/2024;07:41:59;RODOVIAS DAS COLINAS S.A;SP 300, 137.722, OESTE, PORTO FELIZ - SP;9,9;Debito;Passagem Dentro SLA;;;;5;9;;24;1013;false;0d852d77-b9ca-4a6b-82a6-f703d64e6421
05437537000137;AUTO GERAL AUTOPECAS LTDA;229258;1388730727;DWH6543;2 eixos rodagem simples;2 eixos rodagem simples;1129701211;29/05/2024;18:24:23;;;;29/05/2024;18:24:33;RODOVIAS DAS COLINAS S.A;SP 300, 137.722, OESTE, PORTO FELIZ - SP;9,9;Debito;Passagem Dentro SLA;;;;5;2;ARTESP;24;1013;true;171cdf7f-a5b9-4d5f-8144-78ffea01478a
05437537000137;AUTO GERAL AUTOPECAS LTDA;229258;1388720648;FEA0472;2 eixos rodagem simples;2 eixos rodagem simples;1168495145;29/05/2024;17:37:04;;;;29/05/2024;17:37:23;RODOVIAS DAS COLINAS S.A;SP 300, 137.722, OESTE, PORTO FELIZ - SP;9,9;Debito;Passagem Dentro SLA;;;;5;2;ARTESP;24;1013;true;950b3b93-bc4a-436d-9692-91a2ca4d916c
05437537000137;AUTO GERAL AUTOPECAS LTDA;229258;1388053049;FEA0472;2 eixos, rodagem simples;2 eixos, rodagem simples;1168495145;29/05/2024;16:07:08;01/01/2000;00:00:00;;29/05/2024;16:07:24;RODOVIAS DAS COLINAS S.A;SP 280, 110.4, OESTE, BOITUVA - SP;12,4;Debito;Passagem Dentro SLA;;;;7;4;;24;1013;false;c40550dd-a776-491b-91b0-bc22e2775fda
05437537000137;AUTO GERAL AUTOPECAS LTDA;229258;1387992698;FYX6I43;2 eixos, rodagem simples;2 eixos, rodagem simples;1182838201;29/05/2024;15:17:57;01/01/2000;00:00:00;;29/05/2024;15:19:08;CONCESSIONARIA DE RODOVIAS DO OESTE DE SAO PAULO VIAOESTE S.A;SP 075, 12.5, SUL, ITU - SP;8,6;Debito;Passagem Dentro SLA;;;;154;112;;286;1012;false;0e1a603d-b524-451a-91d3-70bd1db55043
05437537000137;AUTO GERAL AUTOPECAS LTDA;229258;1387903713;FEA0472;2 eixos, rodagem simples;2 eixos, rodagem simples;1168495145;29/05/2024;14:01:18;01/01/2000;00:00:00;;29/05/2024;14:01:37;RODOVIAS DAS COLINAS S.A;SP 300, 137.722, OESTE, PORTO FELIZ - SP;9,9;Debito;Passagem Dentro SLA;;;;5;2;;24;1013;false;c5dc24f6-71d8-4873-a937-bc06480258d0
05437537000137;AUTO GERAL AUTOPECAS LTDA;229258;1387793418;ERF3783;2 eixos, rodagem simples;2 eixos, rodagem simples;2130205569;29/05/2024;12:20:02;01/01/2000;00:00:00;;29/05/2024;12:20:12;CONCESSIONARIA DE RODOVIAS DO OESTE DE SAO PAULO VIAOESTE S.A;SP 280, 74.0, LESTE, ITU - SP;15,2;Debito;Passagem Dentro SLA;;;;143;115;;286;1012;false;1784afcc-125a-4a8c-a2c3-00fc1ba17768
05437537000137;AUTO GERAL AUTOPECAS LTDA;229258;1387778178;FEA0472;2 eixos, rodagem simples;2 eixos, rodagem simples;1168495145;29/05/2024;12:01:56;01/01/2000;00:00:00;;29/05/2024;12:02:07;RODOVIAS DAS COLINAS S.A;SP 280, 110.4, OESTE, BOITUVA - SP;12,4;Debito;Passagem Dentro SLA;;;;7;4;;24;1013;false;e9ba56ed-dd0d-4be2-bc2a-4dcec586f871
05437537000137;AUTO GERAL AUTOPECAS LTDA;229258;1387739649;FYX6I43;2 eixos, rodagem simples;2 eixos, rodagem simples;1182838201;29/05/2024;11:17:15;01/01/2000;00:00:00;;29/05/2024;11:18:29;CONCESSIONARIA DE RODOVIAS DO OESTE DE SAO PAULO VIAOESTE S.A;SP 075, 12.5, SUL, ITU - SP;8,6;Debito;Passagem Dentro SLA;;;;154;112;;286;1012;false;63927d51-b6eb-45fb-9339-8d177af5412e
05437537000137;AUTO GERAL AUTOPECAS LTDA;229258;1387721187;PXD7G42;2 eixos, rodagem simples;2 eixos, rodagem simples;2167066407;29/05/2024;10:57:18;01/01/2000;00:00:00;;29/05/2024;10:57:29;RODOVIAS DAS COLINAS S.A;SP 300, 137.722, OESTE, PORTO FELIZ - SP;9,9;Debito;Passagem Dentro SLA;;;;5;2;;24;1013;false;6f4b4382-b50c-4df7-bd0e-0048a7a2a35c
05437537000137;AUTO GERAL AUTOPECAS LTDA;229258;1387574347;FYX6I43;2 eixos, rodagem simples;2 eixos, rodagem simples;1182838201;29/05/2024;08:27:20;01/01/2000;00:00:00;;29/05/2024;08:28:34;CONCESSIONARIA DE RODOVIAS DO OESTE DE SAO PAULO VIAOESTE S.A;SP 075, 12.5, SUL, ITU - SP;8,6;Debito;Passagem Dentro SLA;;;;154;112;;286;1012;false;5a59b48f-0768-4aa2-ba5d-3bb8e03bfb2e
05437537000137;AUTO GERAL AUTOPECAS LTDA;229258;1388638863;DWH6543;2 eixos rodagem simples;2 eixos rodagem simples;1129701211;29/05/2024;07:39:59;;;;29/05/2024;07:40:06;RODOVIAS DAS COLINAS S.A;SP 300, 137.722, OESTE, PORTO FELIZ - SP;9,9;Debito;Passagem Dentro SLA;;;;5;9;ARTESP;24;1013;true;b5ae6143-5dbc-400e-97c6-48f1e92b11c6
05437537000137;AUTO GERAL AUTOPECAS LTDA;229258;1387513585;QUA2G54;2 eixos, rodagem simples;2 eixos, rodagem simples;1131434587;29/05/2024;07:26:48;01/01/2000;00:00:00;;29/05/2024;07:27:59;CONCESSIONARIA DE RODOVIAS DO OESTE DE SAO PAULO VIAOESTE S.A;SP 075, 12.5, SUL, ITU - SP;8,6;Debito;Passagem Dentro SLA;;;;154;112;;286;1012;false;5c7ffa48-dc79-4512-9836-360ca1ad94e2
05437537000137;AUTO GERAL AUTOPECAS LTDA;229258;1386902807;PXD7G42;2 eixos, rodagem simples;2 eixos, rodagem simples;2167066407;28/05/2024;17:31:51;01/01/2000;00:00:00;;28/05/2024;17:32:17;RODOVIAS DAS COLINAS S.A;SP 300, 137.722, OESTE, PORTO FELIZ - SP;9,9;Debito;Passagem Dentro SLA;;;;5;2;;24;1013;false;18a3064c-00e8-4630-8612-6807c808a586
05437537000137;AUTO GERAL AUTOPECAS LTDA;229258;1386755997;FYX6I43;2 eixos, rodagem simples;2 eixos, rodagem simples;1182838201;28/05/2024;15:19:00;01/01/2000;00:00:00;;28/05/2024;15:20:09;CONCESSIONARIA DE RODOVIAS DO OESTE DE SAO PAULO VIAOESTE S.A;SP 075, 12.5, SUL, ITU - SP;8,6;Debito;Passagem Dentro SLA;;;;154;111;;286;1012;false;dc1d5e62-92a7-4983-9872-6c43b0801425
05437537000137;AUTO GERAL AUTOPECAS LTDA;229258;1386726819;DWH6543;2 eixos, rodagem simples;2 eixos, rodagem simples;1129701211;28/05/2024;14:49:48;01/01/2000;00:00:00;;28/05/2024;14:50:17;CONCESSIONARIA DE RODOVIAS DO OESTE DE SAO PAULO VIAOESTE S.A;SP 270, 111.0, LESTE, ARACOIABA DA SERRA - SP;5,1;Debito;Passagem Dentro SLA;;;;183;102;;286;1012;false;d4892038-3702-4705-bbd0-6ae35519952c
05437537000137;AUTO GERAL AUTOPECAS LTDA;229258;1386670978;PXD7G42;2 eixos, rodagem simples;2 eixos, rodagem simples;2167066407;28/05/2024;13:51:36;01/01/2000;00:00:00;;28/05/2024;13:51:49;RODOVIAS DAS COLINAS S.A;SP 300, 137.722, OESTE, PORTO FELIZ - SP;9,9;Debito;Passagem Dentro SLA;;;;5;2;;24;1013;false;68438b1d-1bd5-4a41-8e5a-7d6732e04967
05437537000137;AUTO GERAL AUTOPECAS LTDA;229258;1386532447;FYX6I43;2 eixos, rodagem simples;2 eixos, rodagem simples;1182838201;28/05/2024;11:12:49;01/01/2000;00:00:00;;28/05/2024;11:14:55;CONCESSIONARIA DE RODOVIAS DO OESTE DE SAO PAULO VIAOESTE S.A;SP 075, 12.5, SUL, ITU - SP;8,6;Debito;Passagem Fora SLA;;;;154;112;;286;1012;false;19e0865f-3711-479e-ac2d-e1f59e37a4d4
05437537000137;AUTO GERAL AUTOPECAS LTDA;229258;1386505639;ERF3783;2 eixos, rodagem simples;2 eixos, rodagem simples;2130205569;28/05/2024;10:49:14;01/01/2000;00:00:00;;28/05/2024;10:49:23;CONCESSIONARIA DE RODOVIAS DO OESTE DE SAO PAULO VIAOESTE S.A;SP 280, 74.0, LESTE, ITU - SP;15,2;Debito;Passagem Dentro SLA;;;;143;115;;286;1012;false;0b1e8dd6-001f-44fc-8779-e801c6d613d7
05437537000137;AUTO GERAL AUTOPECAS LTDA;229258;1386502954;PXD7G42;2 eixos, rodagem simples;2 eixos, rodagem simples;2167066407;28/05/2024;10:46:08;01/01/2000;00:00:00;;28/05/2024;10:46:24;RODOVIAS DAS COLINAS S.A;SP 300, 137.722, OESTE, PORTO FELIZ - SP;9,9;Debito;Passagem Dentro SLA;;;;5;2;;24;1013;false;50a39c18-ea26-4ab7-8cec-9e9b01c9c472
05437537000137;AUTO GERAL AUTOPECAS LTDA;229258;1386365482;FYX6I43;2 eixos, rodagem simples;2 eixos, rodagem simples;1182838201;28/05/2024;08:20:02;01/01/2000;00:00:00;;28/05/2024;08:21:11;CONCESSIONARIA DE RODOVIAS DO OESTE DE SAO PAULO VIAOESTE S.A;SP 075, 12.5, SUL, ITU - SP;8,6;Debito;Passagem Dentro SLA;;;;154;112;;286;1012;false;7e000a16-4a6c-4b16-9c43-6171a3d3bec3
05437537000137;AUTO GERAL AUTOPECAS LTDA;229258;1386322567;DWH6543;2 eixos, rodagem simples;2 eixos, rodagem simples;1129701211;28/05/2024;07:40:48;01/01/2000;00:00:00;;28/05/2024;07:41:00;RODOVIAS DAS COLINAS S.A;SP 300, 137.722, OESTE, PORTO FELIZ - SP;9,9;Debito;Passagem Dentro SLA;;;;5;9;;24;1013;false;05136820-f2bb-4dc7-8999-c8beda9a3ec4
05437537000137;AUTO GERAL AUTOPECAS LTDA;229258;1386176110;QUA2G54;2 eixos, rodagem simples;2 eixos, rodagem simples;1131434587;28/05/2024;07:24:29;01/01/2000;00:00:00;;28/05/2024;07:25:38;CONCESSIONARIA DE RODOVIAS DO OESTE DE SAO PAULO VIAOESTE S.A;SP 075, 12.5, SUL, ITU - SP;8,6;Debito;Passagem Dentro SLA;;;;154;112;;286;1012;false;33718c12-0c37-4937-ad72-60559980ba4f
05437537000137;AUTO GERAL AUTOPECAS LTDA;229258;1385806880;DWH6543;2 eixos, rodagem simples;2 eixos, rodagem simples;1129701211;27/05/2024;18:37:27;01/01/2000;00:00:00;;27/05/2024;18:37:37;RODOVIAS DAS COLINAS S.A;SP 300, 137.722, OESTE, PORTO FELIZ - SP;9,9;Debito;Passagem Dentro SLA;;;;5;2;;24;1013;false;d87b515f-81c2-45f4-abf2-ba2bb36d2de9
05437537000137;AUTO GERAL AUTOPECAS LTDA;229258;1386236994;PXD7G42;2 eixos rodagem simples;2 eixos rodagem simples;2167066407;27/05/2024;17:28:27;;;;27/05/2024;17:28:31;RODOVIAS DAS COLINAS S.A;SP 300, 137.722, OESTE, PORTO FELIZ - SP;9,9;Debito;Passagem Dentro SLA;;;;5;2;ARTESP;24;1013;true;d2756833-37f6-4788-ab4a-6d578bc1a961
05437537000137;AUTO GERAL AUTOPECAS LTDA;229258;1385708943;PWS9889;2 eixos, rodagem simples;2 eixos, rodagem simples;2139267956;27/05/2024;17:05:47;01/01/2000;00:00:00;;27/05/2024;17:07:11;CONCESSIONARIA DE RODOVIAS DO OESTE DE SAO PAULO VIAOESTE S.A;SP 270, 111.0, LESTE, ARACOIABA DA SERRA - SP;5,1;Debito;Passagem Dentro SLA;;;;183;102;;286;1012;false;1df8229a-b562-4158-8789-b0b44bce3011
05437537000137;AUTO GERAL AUTOPECAS LTDA;229258;1385656230;PWS9889;2 eixos, rodagem simples;2 eixos, rodagem simples;2139267956;27/05/2024;16:18:46;01/01/2000;00:00:00;;27/05/2024;16:19:14;CONCESSIONARIA DE RODOVIAS DO OESTE DE SAO PAULO VIAOESTE S.A;SP 270, 111.0, OESTE, ARACOIABA DA SERRA - SP;5,1;Debito;Passagem Dentro SLA;;;;184;102;;286;1012;false;3d14b813-c790-4786-bca0-f0bc058500cb
05437537000137;AUTO GERAL AUTOPECAS LTDA;229258;1385622782;FLL4673;2 eixos, rodagem simples;2 eixos, rodagem simples;1156734683;27/05/2024;15:42:15;01/01/2000;00:00:00;;27/05/2024;15:42:21;CONCESSIONARIA RODOVIAS DO TIETE S.A;SP 300 - RODOVIA MARECHAL RONDON, 192.1, LESTE, CONCHAS - SP;8,9;Debito;Passagem Dentro SLA;;;;3001;7;;3;1021;false;6feafdbd-c774-42e5-9b39-f8a8f88c3524
05437537000137;AUTO GERAL AUTOPECAS LTDA;229258;1385606365;FLL4673;2 eixos, rodagem simples;2 eixos, rodagem simples;1156734683;27/05/2024;15:23:35;01/01/2000;00:00:00;;27/05/2024;15:23:47;CONCESSIONARIA RODOVIAS DO TIETE S.A;SP 300 - RODOVIA MARECHAL RONDON, 192.1, OESTE, CONCHAS - SP;8,9;Debito;Passagem Dentro SLA;;;;3002;3;;3;1021;false;d5402072-4cc1-4a88-879f-6c2bd8665375
05437537000137;AUTO GERAL AUTOPECAS LTDA;229258;1385598780;FYX6I43;2 eixos, rodagem simples;2 eixos, rodagem simples;1182838201;27/05/2024;15:16:54;01/01/2000;00:00:00;;27/05/2024;15:17:59;CONCESSIONARIA DE RODOVIAS DO OESTE DE SAO PAULO VIAOESTE S.A;SP 075, 12.5, SUL, ITU - SP;8,6;Debito;Passagem Dentro SLA;;;;154;112;;286;1012;false;c725ab87-3acf-4589-b200-aaad74142e4b
05437537000137;AUTO GERAL AUTOPECAS LTDA;229258;1385511323;PXD7G42;2 eixos, rodagem simples;2 eixos, rodagem simples;2167066407;27/05/2024;13:41:55;01/01/2000;00:00:00;;27/05/2024;13:42:11;RODOVIAS DAS COLINAS S.A;SP 300, 137.722, OESTE, PORTO FELIZ - SP;9,9;Debito;Passagem Dentro SLA;;;;5;2;;24;1013;false;855beb66-4994-44ab-8e5a-a4a41b9fe10c
05437537000137;AUTO GERAL AUTOPECAS LTDA;229258;1385383181;FYX6I43;2 eixos, rodagem simples;2 eixos, rodagem simples;1182838201;27/05/2024;11:14:40;01/01/2000;00:00:00;;27/05/2024;11:15:47;CONCESSIONARIA DE RODOVIAS DO OESTE DE SAO PAULO VIAOESTE S.A;SP 075, 12.5, SUL, ITU - SP;8,6;Debito;Passagem Dentro SLA;;;;154;112;;286;1012;false;05b75b82-b2c4-4cbb-970b-d5b810ca79c4
05437537000137;AUTO GERAL AUTOPECAS LTDA;229258;1385351842;PXD7G42;2 eixos, rodagem simples;2 eixos, rodagem simples;2167066407;27/05/2024;10:46:41;01/01/2000;00:00:00;;27/05/2024;10:46:46;RODOVIAS DAS COLINAS S.A;SP 300, 137.722, OESTE, PORTO FELIZ - SP;9,9;Debito;Passagem Dentro SLA;;;;5;2;;24;1013;false;f0894208-bf4c-4df9-9211-9a2162ecbe07
05437537000137;AUTO GERAL AUTOPECAS LTDA;229258;1385321930;GIY1B04;2 eixos, rodagem simples;2 eixos, rodagem simples;1172923315;27/05/2024;10:13:21;01/01/2000;00:00:00;;27/05/2024;10:14:08;CONCESSIONARIA DE RODOVIAS DO OESTE DE SAO PAULO VIAOESTE S.A;SP 280, 74.0, LESTE, ITU - SP;15,2;Debito;Passagem Dentro SLA;;;;143;116;;286;1012;false;25d8af8e-9c5f-420a-a740-a55e5b0152d7
05437537000137;AUTO GERAL AUTOPECAS LTDA;229258;1385213165;FYX6I43;2 eixos, rodagem simples;2 eixos, rodagem simples;1182838201;27/05/2024;08:21:50;01/01/2000;00:00:00;;27/05/2024;08:23:00;CONCESSIONARIA DE RODOVIAS DO OESTE DE SAO PAULO VIAOESTE S.A;SP 075, 12.5, SUL, ITU - SP;8,6;Debito;Passagem Dentro SLA;;;;154;112;;286;1012;false;cd7d7117-9641-4507-bdc4-129f743ac2d8
05437537000137;AUTO GERAL AUTOPECAS LTDA;229258;1386190425;DWH6543;2 eixos rodagem simples;2 eixos rodagem simples;1129701211;27/05/2024;07:40:31;;;;27/05/2024;07:40:53;RODOVIAS DAS COLINAS S.A;SP 300, 137.722, OESTE, PORTO FELIZ - SP;9,9;Debito;Passagem Dentro SLA;;;;5;9;ARTESP;24;1013;true;8ec1d915-a12a-4a92-a6fd-d74e0f15948e
05437537000137;AUTO GERAL AUTOPECAS LTDA;229258;1385161033;QUA2G54;2 eixos, rodagem simples;2 eixos, rodagem simples;1131434587;27/05/2024;07:26:03;01/01/2000;00:00:00;;27/05/2024;07:28:07;CONCESSIONARIA DE RODOVIAS DO OESTE DE SAO PAULO VIAOESTE S.A;SP 075, 12.5, SUL, ITU - SP;8,6;Debito;Passagem Fora SLA;;;;154;111;;286;1012;false;1b4b3c57-951f-4450-9556-a7826cacbae5
05437537000137;AUTO GERAL AUTOPECAS LTDA;229258;1382679378;DWH6543;2 eixos, rodagem simples;2 eixos, rodagem simples;1129701211;24/05/2024;18:25:04;01/01/2000;00:00:00;;24/05/2024;18:25:16;RODOVIAS DAS COLINAS S.A;SP 300, 137.722, OESTE, PORTO FELIZ - SP;9,9;Debito;Passagem Dentro SLA;;;;5;2;;24;1013;false;8cbbc22a-88e3-4160-b0bd-e53b11b527cb
05437537000137;AUTO GERAL AUTOPECAS LTDA;229258;1383117091;PXD7G42;2 eixos rodagem simples;2 eixos rodagem simples;2167066407;24/05/2024;17:33:11;;;;24/05/2024;17:48:53;RODOVIAS DAS COLINAS S.A;SP 300, 137.722, OESTE, PORTO FELIZ - SP;9,9;Debito;Passagem Fora SLA;;;;5;2;ARTESP;24;1013;true;a076f930-4068-4d76-93eb-79cd63f016c5
05437537000137;AUTO GERAL AUTOPECAS LTDA;229258;1382597329;DFJ9195;2 eixos, rodagem simples;2 eixos, rodagem simples;2199910708;24/05/2024;17:17:57;01/01/2000;00:00:00;;24/05/2024;17:19:56;CONCESSIONARIA DE RODOVIAS DO OESTE DE SAO PAULO VIAOESTE S.A;SP 075, 12.5, SUL, ITU - SP;8,6;Debito;Passagem Dentro SLA;;;;154;111;;286;1012;false;1dbae8d9-edd7-4a39-9745-5a036b4d519f
05437537000137;AUTO GERAL AUTOPECAS LTDA;229258;1382353486;PXD7G42;2 eixos, rodagem simples;2 eixos, rodagem simples;2167066407;24/05/2024;14:06:40;01/01/2000;00:00:00;;24/05/2024;14:07:00;RODOVIAS DAS COLINAS S.A;SP 300, 137.722, OESTE, PORTO FELIZ - SP;9,9;Debito;Passagem Dentro SLA;;;;5;2;;24;1013;false;da76cde9-8163-4547-a03f-4b6d35d462f7
05437537000137;AUTO GERAL AUTOPECAS LTDA;229258;1382184286;GIA7B06;2 eixos, rodagem simples;2 eixos, rodagem simples;2132631068;24/05/2024;11:18:18;01/01/2000;00:00:00;;24/05/2024;11:20:13;CONCESSIONARIA DE RODOVIAS DO OESTE DE SAO PAULO VIAOESTE S.A;SP 075, 12.5, SUL, ITU - SP;8,6;Debito;Passagem Dentro SLA;;;;154;111;;286;1012;false;2aa64b1a-1e98-4c07-b82d-30245c8122ae
05437537000137;AUTO GERAL AUTOPECAS LTDA;229258;1382151771;PXD7G42;2 eixos, rodagem simples;2 eixos, rodagem simples;2167066407;24/05/2024;10:47:53;01/01/2000;00:00:00;;24/05/2024;10:48:07;RODOVIAS DAS COLINAS S.A;SP 300, 137.722, OESTE, PORTO FELIZ - SP;9,9;Debito;Passagem Dentro SLA;;;;5;2;;24;1013;false;5f115b8b-acec-4881-9136-2901a0a7cec3
05437537000137;AUTO GERAL AUTOPECAS LTDA;229258;1383057313;FYX6I43;2 eixos rodagem simples;2 eixos rodagem simples;1182838201;24/05/2024;08:21:05;;;;24/05/2024;08:22:09;CONCESSIONARIA DE RODOVIAS DO OESTE DE SAO PAULO VIAOESTE S.A;SP 075, 12.5, SUL, ITU - SP;8,6;Debito;Passagem Dentro SLA;;;;154;112;ARTESP;286;1012;true;1463c3a2-e4fb-46c6-b152-2719117ceee5
05437537000137;AUTO GERAL AUTOPECAS LTDA;229258;1381955551;QUA2G54;2 eixos, rodagem simples;2 eixos, rodagem simples;1131434587;24/05/2024;07:30:34;01/01/2000;00:00:00;;24/05/2024;07:31:34;CONCESSIONARIA DE RODOVIAS DO OESTE DE SAO PAULO VIAOESTE S.A;SP 075, 12.5, SUL, ITU - SP;8,6;Debito;Passagem Dentro SLA;;;;154;112;;286;1012;false;90a1137d-a693-4a7b-acd1-b3d1d3db69eb
05437537000137;AUTO GERAL AUTOPECAS LTDA;229258;1381809908;DWH6543;2 eixos, rodagem simples;2 eixos, rodagem simples;1129701211;24/05/2024;07:15:11;01/01/2000;00:00:00;;24/05/2024;07:15:27;RODOVIAS DAS COLINAS S.A;SP 300, 137.722, OESTE, PORTO FELIZ - SP;9,9;Debito;Passagem Dentro SLA;;;;5;9;;24;1013;false;83fe32cd-b166-460a-942b-8171127a95cc
05437537000137;AUTO GERAL AUTOPECAS LTDA;229258;1381395238;DFJ9195;2 eixos, rodagem simples;2 eixos, rodagem simples;2199910708;23/05/2024;17:38:50;01/01/2000;00:00:00;;23/05/2024;17:40:45;CONCESSIONARIA DE RODOVIAS DO OESTE DE SAO PAULO VIAOESTE S.A;SP 075, 12.5, SUL, ITU - SP;8,6;Debito;Passagem Dentro SLA;;;;154;112;;286;1012;false;88a2ba7d-6049-4815-9fd0-a40e0070936a
05437537000137;AUTO GERAL AUTOPECAS LTDA;229258;1381390389;PXD7G42;2 eixos, rodagem simples;2 eixos, rodagem simples;2167066407;23/05/2024;17:35:00;01/01/2000;00:00:00;;23/05/2024;17:35:07;RODOVIAS DAS COLINAS S.A;SP 300, 137.722, OESTE, PORTO FELIZ - SP;9,9;Debito;Passagem Dentro SLA;;;;5;2;;24;1013;false;53daa6ed-6ee9-4a6e-9a05-09d88b93c109
05437537000137;AUTO GERAL AUTOPECAS LTDA;229258;1381230708;FYX6I43;2 eixos, rodagem simples;2 eixos, rodagem simples;1182838201;23/05/2024;15:15:51;01/01/2000;00:00:00;;23/05/2024;15:16:51;CONCESSIONARIA DE RODOVIAS DO OESTE DE SAO PAULO VIAOESTE S.A;SP 075, 12.5, SUL, ITU - SP;8,6;Debito;Passagem Dentro SLA;;;;154;112;;286;1012;false;c6edad33-5f59-4826-8385-0995911a4a06
05437537000137;AUTO GERAL AUTOPECAS LTDA;229258;1381144337;PXD7G42;2 eixos, rodagem simples;2 eixos, rodagem simples;2167066407;23/05/2024;13:51:34;01/01/2000;00:00:00;;23/05/2024;13:51:51;RODOVIAS DAS COLINAS S.A;SP 300, 137.722, OESTE, PORTO FELIZ - SP;9,9;Debito;Passagem Dentro SLA;;;;5;2;;24;1013;false;00089c1d-ecd2-460d-ad28-01abe54abf01
05437537000137;AUTO GERAL AUTOPECAS LTDA;229258;1381008910;FYX6I43;2 eixos, rodagem simples;2 eixos, rodagem simples;1182838201;23/05/2024;11:16:48;01/01/2000;00:00:00;;23/05/2024;11:17:47;CONCESSIONARIA DE RODOVIAS DO OESTE DE SAO PAULO VIAOESTE S.A;SP 075, 12.5, SUL, ITU - SP;8,6;Debito;Passagem Dentro SLA;;;;154;111;;286;1012;false;c098f532-5c99-49cb-a58f-e45b29beefca
05437537000137;AUTO GERAL AUTOPECAS LTDA;229258;1381853155;PXD7G42;2 eixos rodagem simples;2 eixos rodagem simples;2167066407;23/05/2024;10:47:48;;;;23/05/2024;11:28:37;RODOVIAS DAS COLINAS S.A;SP 300, 137.722, OESTE, PORTO FELIZ - SP;9,9;Debito;Passagem Fora SLA;;;;5;2;ARTESP;24;1013;true;971c7bb9-7c35-4683-bf68-7b4aae479ac1
05437537000137;AUTO GERAL AUTOPECAS LTDA;229258;1381836094;GIA7B06;2 eixos rodagem simples;2 eixos rodagem simples;2132631068;23/05/2024;08:19:26;;;;23/05/2024;08:20:27;CONCESSIONARIA DE RODOVIAS DO OESTE DE SAO PAULO VIAOESTE S.A;SP 075, 12.5, SUL, ITU - SP;8,6;Debito;Passagem Dentro SLA;;;;154;112;ARTESP;286;1012;true;e499165b-e389-4567-bad3-a1f9756dfc07
05437537000137;AUTO GERAL AUTOPECAS LTDA;229258;1380808570;FLL4673;2 eixos, rodagem simples;2 eixos, rodagem simples;1156734683;23/05/2024;07:36:19;01/01/2000;00:00:00;;23/05/2024;07:36:38;RODOVIAS DAS COLINAS S.A;SP 300, 137.722, OESTE, PORTO FELIZ - SP;9,9;Debito;Passagem Dentro SLA;;;;5;9;;24;1013;false;db21a8af-cc77-468f-9f11-cc16a46e726c
05437537000137;AUTO GERAL AUTOPECAS LTDA;229258;1380802023;QUA2G54;2 eixos, rodagem simples;2 eixos, rodagem simples;1131434587;23/05/2024;07:28:55;01/01/2000;00:00:00;;23/05/2024;07:29:57;CONCESSIONARIA DE RODOVIAS DO OESTE DE SAO PAULO VIAOESTE S.A;SP 075, 12.5, SUL, ITU - SP;8,6;Debito;Passagem Dentro SLA;;;;154;112;;286;1012;false;e368c38b-6961-42aa-8e0d-9e936213b8c3
05437537000137;AUTO GERAL AUTOPECAS LTDA;229258;1380328373;DWH6543;2 eixos, rodagem simples;2 eixos, rodagem simples;1129701211;22/05/2024;18:31:52;01/01/2000;00:00:00;;22/05/2024;18:32:04;RODOVIAS DAS COLINAS S.A;SP 280, 111.3, LESTE, BOITUVA - SP;12,4;Debito;Passagem Dentro SLA;;;;2;3;;24;1013;false;e1e6e849-ea97-4040-bacd-4b6e8d0eb13a
05437537000137;AUTO GERAL AUTOPECAS LTDA;229258;1380312834;FLL4673;2 eixos, rodagem simples;2 eixos, rodagem simples;1156734683;22/05/2024;18:20:39;01/01/2000;00:00:00;;22/05/2024;18:21:02;RODOVIAS DAS COLINAS S.A;SP 300, 137.722, OESTE, PORTO FELIZ - SP;9,9;Debito;Passagem Dentro SLA;;;;5;2;;24;1013;false;32bff874-2182-4620-adec-7b3476cdcef4
05437537000137;AUTO GERAL AUTOPECAS LTDA;229258;1380276602;DFJ9195;2 eixos, rodagem simples;2 eixos, rodagem simples;2199910708;22/05/2024;17:50:03;01/01/2000;00:00:00;;22/05/2024;17:51:02;CONCESSIONARIA DE RODOVIAS DO OESTE DE SAO PAULO VIAOESTE S.A;SP 075, 12.5, SUL, ITU - SP;8,6;Debito;Passagem Dentro SLA;;;;154;112;;286;1012;false;8f708d17-25b0-4344-aeb1-7b0edb28434d
05437537000137;AUTO GERAL AUTOPECAS LTDA;229258;1380256699;PXD7G42;2 eixos, rodagem simples;2 eixos, rodagem simples;2167066407;22/05/2024;17:32:25;01/01/2000;00:00:00;;22/05/2024;17:32:40;RODOVIAS DAS COLINAS S.A;SP 300, 137.722, OESTE, PORTO FELIZ - SP;9,9;Debito;Passagem Dentro SLA;;;;5;2;;24;1013;false;4ceebb03-1571-4370-8ac9-c4918800c1e2
05437537000137;AUTO GERAL AUTOPECAS LTDA;229258;1380119338;GIA7B06;2 eixos, rodagem simples;2 eixos, rodagem simples;2132631068;22/05/2024;15:25:43;01/01/2000;00:00:00;;22/05/2024;15:26:41;CONCESSIONARIA DE RODOVIAS DO OESTE DE SAO PAULO VIAOESTE S.A;SP 075, 12.5, SUL, ITU - SP;8,6;Debito;Passagem Dentro SLA;;;;154;112;;286;1012;false;c3403a9f-2c5d-4b57-9be2-499bca50d2e5
05437537000137;AUTO GERAL AUTOPECAS LTDA;229258;1380076311;GIY1B04;2 eixos, rodagem simples;2 eixos, rodagem simples;1172923315;22/05/2024;14:42:06;01/01/2000;00:00:00;;22/05/2024;14:42:40;CONCESSIONARIA DE RODOVIAS DO OESTE DE SAO PAULO VIAOESTE S.A;SP 280, 74.0, LESTE, ITU - SP;15,2;Debito;Passagem Dentro SLA;;;;143;116;;286;1012;false;9ceacb62-514b-4abc-ba76-10ea99c09dfb
05437537000137;AUTO GERAL AUTOPECAS LTDA;229258;1380032416;PXD7G42;2 eixos, rodagem simples;2 eixos, rodagem simples;2167066407;22/05/2024;13:56:31;01/01/2000;00:00:00;;22/05/2024;13:57:50;RODOVIAS DAS COLINAS S.A;SP 300, 137.722, OESTE, PORTO FELIZ - SP;9,9;Debito;Passagem Dentro SLA;;;;5;2;;24;1013;false;382cc7ec-5315-4c36-b7f0-5266904237bb
05437537000137;AUTO GERAL AUTOPECAS LTDA;229258;1379890520;GIA7B06;2 eixos, rodagem simples;2 eixos, rodagem simples;2132631068;22/05/2024;11:20:09;01/01/2000;00:00:00;;22/05/2024;11:21:07;CONCESSIONARIA DE RODOVIAS DO OESTE DE SAO PAULO VIAOESTE S.A;SP 075, 12.5, SUL, ITU - SP;8,6;Debito;Passagem Dentro SLA;;;;154;112;;286;1012;false;ef4b5b58-33d9-4ae4-8a36-6fd05b2e6ae7
05437537000137;AUTO GERAL AUTOPECAS LTDA;229258;1379862801;PXD7G42;2 eixos, rodagem simples;2 eixos, rodagem simples;2167066407;22/05/2024;10:50:17;01/01/2000;00:00:00;;22/05/2024;10:50:24;RODOVIAS DAS COLINAS S.A;SP 300, 137.722, OESTE, PORTO FELIZ - SP;9,9;Debito;Passagem Dentro SLA;;;;5;2;;24;1013;false;827f0890-cbb8-4710-be25-77d81dc375aa
05437537000137;AUTO GERAL AUTOPECAS LTDA;229258;1379828667;GIY1B04;2 eixos, rodagem simples;2 eixos, rodagem simples;1172923315;22/05/2024;10:13:50;01/01/2000;00:00:00;;22/05/2024;10:14:24;CONCESSIONARIA DE RODOVIAS DO OESTE DE SAO PAULO VIAOESTE S.A;SP 280, 74.0, LESTE, ITU - SP;15,2;Debito;Passagem Dentro SLA;;;;143;115;;286;1012;false;610f28d2-3fee-4c63-8053-44b4a5ee0369
05437537000137;AUTO GERAL AUTOPECAS LTDA;229258;1379588816;GIA7B06;2 eixos, rodagem simples;2 eixos, rodagem simples;2132631068;22/05/2024;08:20:15;01/01/2000;00:00:00;;22/05/2024;08:22:05;CONCESSIONARIA DE RODOVIAS DO OESTE DE SAO PAULO VIAOESTE S.A;SP 075, 12.5, SUL, ITU - SP;8,6;Debito;Passagem Dentro SLA;;;;154;112;;286;1012;false;d6ed1313-232f-4292-8a54-44a570c0fff6
05437537000137;AUTO GERAL AUTOPECAS LTDA;229258;1379549535;FLL4673;2 eixos, rodagem simples;2 eixos, rodagem simples;1156734683;22/05/2024;07:41:16;01/01/2000;00:00:00;;22/05/2024;07:41:38;RODOVIAS DAS COLINAS S.A;SP 300, 137.722, OESTE, PORTO FELIZ - SP;9,9;Debito;Passagem Dentro SLA;;;;5;9;;24;1013;false;dd452a02-969a-4ff3-aa37-ac5d6b921ccd
05437537000137;AUTO GERAL AUTOPECAS LTDA;229258;1379548559;DWH6543;2 eixos, rodagem simples;2 eixos, rodagem simples;1129701211;22/05/2024;07:40:11;01/01/2000;00:00:00;;22/05/2024;07:40:35;RODOVIAS DAS COLINAS S.A;SP 280, 111.3, LESTE, BOITUVA - SP;12,4;Debito;Passagem Dentro SLA;;;;2;16;;24;1013;false;b3eceb1b-e1e2-4d53-b3a8-9bbcd7da4ced
05437537000137;AUTO GERAL AUTOPECAS LTDA;229258;1379540029;QUA2G54;2 eixos, rodagem simples;2 eixos, rodagem simples;1131434587;22/05/2024;07:32:21;01/01/2000;00:00:00;;22/05/2024;07:33:18;CONCESSIONARIA DE RODOVIAS DO OESTE DE SAO PAULO VIAOESTE S.A;SP 075, 12.5, SUL, ITU - SP;8,6;Debito;Passagem Dentro SLA;;;;154;112;;286;1012;false;9935d1ba-708c-47be-b47d-734a78cd6014
05437537000137;AUTO GERAL AUTOPECAS LTDA;229258;1379196649;FLL4673;2 eixos, rodagem simples;2 eixos, rodagem simples;1156734683;21/05/2024;18:21:05;01/01/2000;00:00:00;;21/05/2024;18:21:16;RODOVIAS DAS COLINAS S.A;SP 300, 137.722, OESTE, PORTO FELIZ - SP;9,9;Debito;Passagem Dentro SLA;;;;5;2;;24;1013;false;43492403-a2a4-4b35-a38d-3c8a7dab921e
05437537000137;AUTO GERAL AUTOPECAS LTDA;229258;1379186722;DWH6543;2 eixos, rodagem simples;2 eixos, rodagem simples;1129701211;21/05/2024;18:13:39;01/01/2000;00:00:00;;21/05/2024;18:13:48;RODOVIAS DAS COLINAS S.A;SP 280, 111.3, LESTE, BOITUVA - SP;12,4;Debito;Passagem Dentro SLA;;;;2;3;;24;1013;false;62fba082-8d71-4508-9643-7ea8a3defe62
05437537000137;AUTO GERAL AUTOPECAS LTDA;229258;1379138472;DFJ9195;2 eixos, rodagem simples;2 eixos, rodagem simples;2199910708;21/05/2024;17:30:21;01/01/2000;00:00:00;;21/05/2024;17:31:20;CONCESSIONARIA DE RODOVIAS DO OESTE DE SAO PAULO VIAOESTE S.A;SP 075, 12.5, SUL, ITU - SP;8,6;Debito;Passagem Dentro SLA;;;;154;111;;286;1012;false;e51eea3d-3f17-4af6-9755-b5266dc8544b
05437537000137;AUTO GERAL AUTOPECAS LTDA;229258;1379136877;PXD7G42;2 eixos, rodagem simples;2 eixos, rodagem simples;2167066407;21/05/2024;17:29:36;01/01/2000;00:00:00;;21/05/2024;17:29:43;RODOVIAS DAS COLINAS S.A;SP 300, 137.722, OESTE, PORTO FELIZ - SP;9,9;Debito;Passagem Dentro SLA;;;;5;2;;24;1013;false;19008166-3253-4273-aab7-43ee65bd9156
05437537000137;AUTO GERAL AUTOPECAS LTDA;229258;1379054557;DWH6543;2 eixos, rodagem simples;2 eixos, rodagem simples;1129701211;21/05/2024;16:17:43;01/01/2000;00:00:00;;21/05/2024;16:17:59;RODOVIAS DAS COLINAS S.A;SP 280, 111.3, LESTE, BOITUVA - SP;12,4;Debito;Passagem Dentro SLA;;;;2;16;;24;1013;false;ce8e9398-f9c0-4a61-90e5-7d1cd3fa576c
05437537000137;AUTO GERAL AUTOPECAS LTDA;229258;1379691538;GIA7B06;2 eixos rodagem simples;2 eixos rodagem simples;2132631068;21/05/2024;15:19:55;;;;21/05/2024;15:21:44;CONCESSIONARIA DE RODOVIAS DO OESTE DE SAO PAULO VIAOESTE S.A;SP 075, 12.5, SUL, ITU - SP;8,6;Debito;Passagem Dentro SLA;;;;154;112;ARTESP;286;1012;true;404f8e4b-f493-440c-8ba3-c16531db3fcb
05437537000137;AUTO GERAL AUTOPECAS LTDA;229258;1378974635;GIY1B04;2 eixos, rodagem simples;2 eixos, rodagem simples;1172923315;21/05/2024;15:02:50;01/01/2000;00:00:00;;21/05/2024;15:04:09;CONCESSIONARIA DE RODOVIAS DO OESTE DE SAO PAULO VIAOESTE S.A;SP 280, 74.0, LESTE, ITU - SP;15,2;Debito;Passagem Dentro SLA;;;;143;115;;286;1012;false;ac163243-59ed-4a40-a13e-9303eb37bcf7
05437537000137;AUTO GERAL AUTOPECAS LTDA;229258;1378912630;PXD7G42;2 eixos, rodagem simples;2 eixos, rodagem simples;2167066407;21/05/2024;14:00:14;01/01/2000;00:00:00;;21/05/2024;14:00:18;RODOVIAS DAS COLINAS S.A;SP 300, 137.722, OESTE, PORTO FELIZ - SP;9,9;Debito;Passagem Dentro SLA;;;;5;2;;24;1013;false;c3cee7c9-86e2-42a0-9b32-afb8f283376f
05437537000137;AUTO GERAL AUTOPECAS LTDA;229258;1378840207;FLL4673;2 eixos, rodagem simples;2 eixos, rodagem simples;1156734683;21/05/2024;12:37:28;01/01/2000;00:00:00;;21/05/2024;12:37:38;CONCESSIONARIA RODOVIAS DO TIETE S.A;SP 300 - RODOVIA MARECHAL RONDON, 192.1, LESTE, CONCHAS - SP;8,9;Debito;Passagem Dentro SLA;;;;3001;7;;3;1021;false;22efae26-4fc8-4b52-9c2c-be3edeeb498c
05437537000137;AUTO GERAL AUTOPECAS LTDA;229258;1378803242;GIY1B04;2 eixos, rodagem simples;2 eixos, rodagem simples;1172923315;21/05/2024;11:59:02;01/01/2000;00:00:00;;21/05/2024;12:00:22;CONCESSIONARIA DE RODOVIAS DO OESTE DE SAO PAULO VIAOESTE S.A;SP 280, 74.0, LESTE, ITU - SP;15,2;Debito;Passagem Dentro SLA;;;;143;115;;286;1012;false;afbcdb1e-3b45-4cee-a1e2-dad169328e87
05437537000137;AUTO GERAL AUTOPECAS LTDA;229258;1378801587;FLL4673;2 eixos, rodagem simples;2 eixos, rodagem simples;1156734683;21/05/2024;11:56:54;01/01/2000;00:00:00;;21/05/2024;11:57:02;CONCESSIONARIA RODOVIAS DO TIETE S.A;SP 300 - RODOVIA MARECHAL RONDON, 192.1, OESTE, CONCHAS - SP;8,9;Debito;Passagem Dentro SLA;;;;3002;3;;3;1021;false;061f1c96-2b52-44fe-9fd7-d2fa6f4a6cab
05437537000137;AUTO GERAL AUTOPECAS LTDA;229258;1378776982;GIA7B06;2 eixos, rodagem simples;2 eixos, rodagem simples;2132631068;21/05/2024;11:26:40;01/01/2000;00:00:00;;21/05/2024;11:27:36;CONCESSIONARIA DE RODOVIAS DO OESTE DE SAO PAULO VIAOESTE S.A;SP 075, 12.5, SUL, ITU - SP;8,6;Debito;Passagem Dentro SLA;;;;154;112;;286;1012;false;3b981e61-c7a7-411a-b5f1-568de3d2f5c8
05437537000137;AUTO GERAL AUTOPECAS LTDA;229258;1378749094;PXD7G42;2 eixos, rodagem simples;2 eixos, rodagem simples;2167066407;21/05/2024;10:54:49;01/01/2000;00:00:00;;21/05/2024;10:55:01;RODOVIAS DAS COLINAS S.A;SP 300, 137.722, OESTE, PORTO FELIZ - SP;9,9;Debito;Passagem Dentro SLA;;;;5;2;;24;1013;false;022349aa-55f0-49d7-af95-74f243a20317
05437537000137;AUTO GERAL AUTOPECAS LTDA;229258;1378698743;GIY1B04;2 eixos, rodagem simples;2 eixos, rodagem simples;1172923315;21/05/2024;10:00:41;01/01/2000;00:00:00;;21/05/2024;10:02:03;CONCESSIONARIA DE RODOVIAS DO OESTE DE SAO PAULO VIAOESTE S.A;SP 280, 74.0, LESTE, ITU - SP;15,2;Debito;Passagem Dentro SLA;;;;143;101;;286;1012;false;c9e96466-0fd0-417e-acf8-ff35c9db6b79
05437537000137;AUTO GERAL AUTOPECAS LTDA;229258;1378657923;DWH6543;2 eixos, rodagem simples;2 eixos, rodagem simples;1129701211;21/05/2024;08:39:21;01/01/2000;00:00:00;;21/05/2024;09:15:09;RODOVIAS DAS COLINAS S.A;SP 280, 111.3, LESTE, BOITUVA - SP;12,4;Debito;Passagem Fora SLA;;;;2;3;;24;1013;false;7869d67c-1920-417c-87dc-c3ec83b90951
05437537000137;AUTO GERAL AUTOPECAS LTDA;229258;1379665346;FLL4673;2 eixos rodagem simples;2 eixos rodagem simples;1156734683;21/05/2024;07:37:56;;;;21/05/2024;09:15:09;RODOVIAS DAS COLINAS S.A;SP 300, 137.722, OESTE, PORTO FELIZ - SP;9,9;Debito;Passagem Fora SLA;;;;5;9;ARTESP;24;1013;true;55b559da-6f94-4611-846d-557252334def
05437537000137;AUTO GERAL AUTOPECAS LTDA;229258;1378662636;DWH6543;2 eixos, rodagem simples;2 eixos, rodagem simples;1129701211;21/05/2024;07:37:09;01/01/2000;00:00:00;;21/05/2024;09:16:54;RODOVIAS DAS COLINAS S.A;SP 280, 111.3, LESTE, BOITUVA - SP;12,4;Debito;Passagem Fora SLA;;;;2;16;;24;1013;false;63095be0-fd08-49a5-a947-8c617f8ed5dd
05437537000137;AUTO GERAL AUTOPECAS LTDA;229258;1378546004;QUA2G54;2 eixos, rodagem simples;2 eixos, rodagem simples;1131434587;21/05/2024;07:20:12;01/01/2000;00:00:00;;21/05/2024;07:21:07;CONCESSIONARIA DE RODOVIAS DO OESTE DE SAO PAULO VIAOESTE S.A;SP 075, 12.5, SUL, ITU - SP;8,6;Debito;Passagem Dentro SLA;;;;154;112;;286;1012;false;fdc359c2-d727-4b3a-a162-1710e5c19885
05437537000137;AUTO GERAL AUTOPECAS LTDA;229258;1378074344;FLL4673;2 eixos, rodagem simples;2 eixos, rodagem simples;1156734683;20/05/2024;18:19:55;01/01/2000;00:00:00;;20/05/2024;18:20:12;RODOVIAS DAS COLINAS S.A;SP 300, 137.722, OESTE, PORTO FELIZ - SP;9,9;Debito;Passagem Dentro SLA;;;;5;2;;24;1013;false;76bec149-72e8-4d25-ab6d-b1c0a83721b5
05437537000137;AUTO GERAL AUTOPECAS LTDA;229258;1378036440;DWH6543;2 eixos, rodagem simples;2 eixos, rodagem simples;1129701211;20/05/2024;17:44:02;01/01/2000;00:00:00;;20/05/2024;17:44:19;RODOVIAS DAS COLINAS S.A;SP 280, 111.3, LESTE, BOITUVA - SP;12,4;Debito;Passagem Dentro SLA;;;;2;3;;24;1013;false;810d9c38-68b7-410c-b829-8340d59db425
05437537000137;AUTO GERAL AUTOPECAS LTDA;229258;1378027023;PXD7G42;2 eixos, rodagem simples;2 eixos, rodagem simples;2167066407;20/05/2024;17:34:39;01/01/2000;00:00:00;;20/05/2024;17:35:05;RODOVIAS DAS COLINAS S.A;SP 300, 137.722, OESTE, PORTO FELIZ - SP;9,9;Debito;Passagem Dentro SLA;;;;5;2;;24;1013;false;3c518baf-9bc0-47f2-b098-ae7edce93c32
05437537000137;AUTO GERAL AUTOPECAS LTDA;229258;1377948874;DFJ9195;2 eixos, rodagem simples;2 eixos, rodagem simples;2199910708;20/05/2024;16:28:23;01/01/2000;00:00:00;;20/05/2024;16:28:39;RODOVIAS DAS COLINAS S.A;SP 280, 111.3, LESTE, BOITUVA - SP;12,4;Debito;Passagem Dentro SLA;;;;2;3;;24;1013;false;4f5f474d-9f27-418d-a230-6b069ffd2707
05437537000137;AUTO GERAL AUTOPECAS LTDA;229258;1378433798;DFJ9195;2 eixos rodagem simples;2 eixos rodagem simples;2199910708;20/05/2024;14:35:02;;;;20/05/2024;14:37:55;RODOVIAS DAS COLINAS S.A;SP 280, 111.3, LESTE, BOITUVA - SP;12,4;Debito;Passagem Fora SLA;;;;2;15;ARTESP;24;1013;true;23f02c89-3768-4ba6-b8da-4aa765d79501
05437537000137;AUTO GERAL AUTOPECAS LTDA;229258;1377781612;PXD7G42;2 eixos, rodagem simples;2 eixos, rodagem simples;2167066407;20/05/2024;13:59:29;01/01/2000;00:00:00;;20/05/2024;13:59:46;RODOVIAS DAS COLINAS S.A;SP 300, 137.722, OESTE, PORTO FELIZ - SP;9,9;Debito;Passagem Dentro SLA;;;;5;2;;24;1013;false;4cefbbbe-99c4-434d-9db7-3724f10cff42
05437537000137;AUTO GERAL AUTOPECAS LTDA;229258;1377626836;GIA7B06;2 eixos, rodagem simples;2 eixos, rodagem simples;2132631068;20/05/2024;11:20:04;01/01/2000;00:00:00;;20/05/2024;11:21:22;CONCESSIONARIA DE RODOVIAS DO OESTE DE SAO PAULO VIAOESTE S.A;SP 075, 12.5, SUL, ITU - SP;8,6;Debito;Passagem Dentro SLA;;;;154;112;;286;1012;false;8f4a9716-acdd-4da7-b770-45f6438f723c
05437537000137;AUTO GERAL AUTOPECAS LTDA;229258;1377603372;046151;;;;20/05/2024;11:01:52;01/01/2000;00:00:00;;20/05/2024;11:01:52;;Automatica-CARTAO_DE_CREDITO;1000;Credito;Recarga Automatica;;;;;;;;;;6900ea14-94ae-465f-bdd0-3e5ba818b951
05437537000137;AUTO GERAL AUTOPECAS LTDA;229258;1378417505;PXD7G42;2 eixos rodagem simples;2 eixos rodagem simples;2167066407;20/05/2024;11:00:49;;;;20/05/2024;11:01:11;RODOVIAS DAS COLINAS S.A;SP 300, 137.722, OESTE, PORTO FELIZ - SP;9,9;Debito;Passagem Dentro SLA;;;;5;2;ARTESP;24;1013;true;513b2226-86ad-4e39-b70d-eb61e58ccad9
05437537000137;AUTO GERAL AUTOPECAS LTDA;229258;1377421832;GIA7B06;2 eixos, rodagem simples;2 eixos, rodagem simples;2132631068;20/05/2024;08:18:12;01/01/2000;00:00:00;;20/05/2024;08:19:33;CONCESSIONARIA DE RODOVIAS DO OESTE DE SAO PAULO VIAOESTE S.A;SP 075, 12.5, SUL, ITU - SP;8,6;Debito;Passagem Dentro SLA;;;;154;112;;286;1012;false;11f8a4dd-948c-47f1-8c9e-595146c27263
05437537000137;AUTO GERAL AUTOPECAS LTDA;229258;1377374276;FLL4673;2 eixos, rodagem simples;2 eixos, rodagem simples;1156734683;20/05/2024;07:38:12;01/01/2000;00:00:00;;20/05/2024;07:55:56;RODOVIAS DAS COLINAS S.A;SP 300, 137.722, OESTE, PORTO FELIZ - SP;9,9;Debito;Passagem Fora SLA;;;;5;9;;24;1013;false;bef333e7-e341-4662-a1a4-6e613a43f890
05437537000137;AUTO GERAL AUTOPECAS LTDA;229258;1377335190;QUA2G54;2 eixos, rodagem simples;2 eixos, rodagem simples;1131434587;20/05/2024;07:25:52;01/01/2000;00:00:00;;20/05/2024;07:28:03;CONCESSIONARIA DE RODOVIAS DO OESTE DE SAO PAULO VIAOESTE S.A;SP 075, 12.5, SUL, ITU - SP;8,6;Debito;Passagem Fora SLA;;;;154;112;;286;1012;false;35b9eda0-93e3-4f12-b46a-e4b4023a2fbb
05437537000137;AUTO GERAL AUTOPECAS LTDA;229258;1377386618;DWH6543;2 eixos, rodagem simples;2 eixos, rodagem simples;1129701211;20/05/2024;07:23:56;01/01/2000;00:00:00;;20/05/2024;08:00:33;RODOVIAS DAS COLINAS S.A;SP 300, 137.722, OESTE, PORTO FELIZ - SP;9,9;Debito;Passagem Fora SLA;;;;5;9;;24;1013;false;57983c24-2196-49a6-92e5-08c821e9302a
05437537000137;AUTO GERAL AUTOPECAS LTDA;229258;1377430797;DWH6543;2 eixos, rodagem simples;2 eixos, rodagem simples;1129701211;18/05/2024;12:51:07;01/01/2000;00:00:00;;20/05/2024;08:17:05;RODOVIAS DAS COLINAS S.A;SP 300, 137.722, OESTE, PORTO FELIZ - SP;9,9;Debito;Passagem Fora SLA;;;;5;2;;24;1013;false;d2fab319-7fb6-48bd-ab8f-3439060178fb
05437537000137;AUTO GERAL AUTOPECAS LTDA;229258;1377411335;FLL4673;2 eixos, rodagem simples;2 eixos, rodagem simples;1156734683;18/05/2024;12:22:21;01/01/2000;00:00:00;;20/05/2024;08:11:39;RODOVIAS DAS COLINAS S.A;SP 300, 137.722, OESTE, PORTO FELIZ - SP;9,9;Debito;Passagem Fora SLA;;;;5;2;;24;1013;false;b6a72498-a66e-463f-afe6-397b15d46062
05437537000137;AUTO GERAL AUTOPECAS LTDA;229258;1377421342;DWH6543;2 eixos, rodagem simples;2 eixos, rodagem simples;1129701211;18/05/2024;07:34:16;01/01/2000;00:00:00;;20/05/2024;08:17:30;RODOVIAS DAS COLINAS S.A;SP 280, 111.3, LESTE, BOITUVA - SP;12,4;Debito;Passagem Fora SLA;;;;2;16;;24;1013;false;68ecf341-3337-4d0c-914c-fd76fb2eaec1
05437537000137;AUTO GERAL AUTOPECAS LTDA;229258;1377418770;FLL4673;2 eixos, rodagem simples;2 eixos, rodagem simples;1156734683;18/05/2024;07:30:31;01/01/2000;00:00:00;;20/05/2024;08:16:16;RODOVIAS DAS COLINAS S.A;SP 300, 137.722, OESTE, PORTO FELIZ - SP;9,9;Debito;Passagem Fora SLA;;;;5;9;;24;1013;false;734ee8ef-d76c-4f8e-bc73-1b92a9d08e13
05437537000137;AUTO GERAL AUTOPECAS LTDA;229258;1375240698;QUA2G54;2 eixos, rodagem simples;2 eixos, rodagem simples;1131434587;18/05/2024;07:26:16;01/01/2000;00:00:00;;18/05/2024;07:27:27;CONCESSIONARIA DE RODOVIAS DO OESTE DE SAO PAULO VIAOESTE S.A;SP 075, 12.5, SUL, ITU - SP;8,6;Debito;Passagem Dentro SLA;;;;154;112;;286;1012;false;622af736-aa87-4513-a2ea-c7b1d8b8b4b9
05437537000137;AUTO GERAL AUTOPECAS LTDA;229258;1374935182;DWH6543;2 eixos rodagem simples;2 eixos rodagem simples;1129701211;17/05/2024;18:24:51;;;;17/05/2024;18:25:08;RODOVIAS DAS COLINAS S.A;SP 280, 111.3, LESTE, BOITUVA - SP;12,4;Debito;Passagem Dentro SLA;;;;2;3;ARTESP;24;1013;true;b17e49dc-4d7b-46ca-9de7-cbf70bfcc7af
05437537000137;AUTO GERAL AUTOPECAS LTDA;229258;1374929869;FLL4673;2 eixos rodagem simples;2 eixos rodagem simples;1156734683;17/05/2024;18:20:12;;;;17/05/2024;18:20:31;RODOVIAS DAS COLINAS S.A;SP 300, 137.722, OESTE, PORTO FELIZ - SP;9,9;Debito;Passagem Dentro SLA;;;;5;2;ARTESP;24;1013;true;b6b4610f-e8ea-4dde-b5c9-6be7b22a4177
05437537000137;AUTO GERAL AUTOPECAS LTDA;229258;1374879616;PXD7G42;2 eixos rodagem simples;2 eixos rodagem simples;2167066407;17/05/2024;17:30:34;;;;17/05/2024;17:30:47;RODOVIAS DAS COLINAS S.A;SP 300, 137.722, OESTE, PORTO FELIZ - SP;9,9;Debito;Passagem Dentro SLA;;;;5;2;ARTESP;24;1013;true;58eed844-9ae7-4c71-986e-2782fee35470
05437537000137;AUTO GERAL AUTOPECAS LTDA;229258;1374870617;DFJ9195;2 eixos rodagem simples;2 eixos rodagem simples;2199910708;17/05/2024;17:16:43;;;;17/05/2024;17:17:54;CONCESSIONARIA DE RODOVIAS DO OESTE DE SAO PAULO VIAOESTE S.A;SP 075, 12.5, SUL, ITU - SP;8,6;Debito;Passagem Dentro SLA;;;;154;111;ARTESP;286;1012;true;57824168-8071-4e95-96bf-a2e38c97e27c
05437537000137;AUTO GERAL AUTOPECAS LTDA;229258;1374466427;FLL4673;2 eixos, rodagem simples;2 eixos, rodagem simples;1156734683;17/05/2024;15:39:59;01/01/2000;00:00:00;;17/05/2024;15:40:18;CONCESSIONARIA RODOVIAS DO TIETE S.A;SP 300 - RODOVIA MARECHAL RONDON, 192.1, LESTE, CONCHAS - SP;8,9;Debito;Passagem Dentro SLA;;;;3001;7;;3;1021;false;5b307aa2-406e-4734-8e96-ec3306e3d365
05437537000137;AUTO GERAL AUTOPECAS LTDA;229258;1374451758;GIA7B06;2 eixos, rodagem simples;2 eixos, rodagem simples;2132631068;17/05/2024;15:18:49;01/01/2000;00:00:00;;17/05/2024;15:19:59;CONCESSIONARIA DE RODOVIAS DO OESTE DE SAO PAULO VIAOESTE S.A;SP 075, 12.5, SUL, ITU - SP;8,6;Debito;Passagem Dentro SLA;;;;154;112;;286;1012;false;b89d3d68-e781-4936-90c7-ba233fcdb9af
05437537000137;AUTO GERAL AUTOPECAS LTDA;229258;1374441955;FLL4673;2 eixos, rodagem simples;2 eixos, rodagem simples;1156734683;17/05/2024;15:12:57;01/01/2000;00:00:00;;17/05/2024;15:13:19;CONCESSIONARIA RODOVIAS DO TIETE S.A;SP 300 - RODOVIA MARECHAL RONDON, 192.1, OESTE, CONCHAS - SP;8,9;Debito;Passagem Dentro SLA;;;;3002;3;;3;1021;false;52e1eb7a-6636-4de9-b134-556cd1a6d4b4
05437537000137;AUTO GERAL AUTOPECAS LTDA;229258;1374339676;PXD7G42;2 eixos, rodagem simples;2 eixos, rodagem simples;2167066407;17/05/2024;13:56:31;01/01/2000;00:00:00;;17/05/2024;13:57:52;RODOVIAS DAS COLINAS S.A;SP 300, 137.722, OESTE, PORTO FELIZ - SP;9,9;Debito;Passagem Dentro SLA;;;;5;2;;24;1013;false;5a6351a8-d12b-4ae2-b166-e9992ad9ad00
05437537000137;AUTO GERAL AUTOPECAS LTDA;229258;1374220640;GIY1B04;2 eixos, rodagem simples;2 eixos, rodagem simples;1172923315;17/05/2024;12:06:08;01/01/2000;00:00:00;;17/05/2024;12:06:27;CONCESSIONARIA DE RODOVIAS DO OESTE DE SAO PAULO VIAOESTE S.A;SP 280, 74.0, LESTE, ITU - SP;15,2;Debito;Passagem Dentro SLA;;;;143;115;;286;1012;false;5ed5a13b-81d9-4f5f-b5b3-ffffc0701cdb
05437537000137;AUTO GERAL AUTOPECAS LTDA;229258;1374182216;GIA7B06;2 eixos, rodagem simples;2 eixos, rodagem simples;2132631068;17/05/2024;11:22:27;01/01/2000;00:00:00;;17/05/2024;11:23:37;CONCESSIONARIA DE RODOVIAS DO OESTE DE SAO PAULO VIAOESTE S.A;SP 075, 12.5, SUL, ITU - SP;8,6;Debito;Passagem Dentro SLA;;;;154;112;;286;1012;false;8859fd76-215f-415e-b38d-edf84912e07a
05437537000137;AUTO GERAL AUTOPECAS LTDA;229258;1374146035;PXD7G42;2 eixos, rodagem simples;2 eixos, rodagem simples;2167066407;17/05/2024;10:44:04;01/01/2000;00:00:00;;17/05/2024;10:44:21;RODOVIAS DAS COLINAS S.A;SP 300, 137.722, OESTE, PORTO FELIZ - SP;9,9;Debito;Passagem Dentro SLA;;;;5;2;;24;1013;false;62262b95-3321-4063-8d35-492d870811e5
05437537000137;AUTO GERAL AUTOPECAS LTDA;229258;1374021822;GIA7B06;2 eixos, rodagem simples;2 eixos, rodagem simples;2132631068;17/05/2024;08:21:59;01/01/2000;00:00:00;;17/05/2024;08:23:07;CONCESSIONARIA DE RODOVIAS DO OESTE DE SAO PAULO VIAOESTE S.A;SP 075, 12.5, SUL, ITU - SP;8,6;Debito;Passagem Dentro SLA;;;;154;112;;286;1012;false;927ff02c-25c3-432f-b54d-14c27f132ab4
05437537000137;AUTO GERAL AUTOPECAS LTDA;229258;1373717714;DWH6543;2 eixos, rodagem simples;2 eixos, rodagem simples;1129701211;17/05/2024;07:39:26;01/01/2000;00:00:00;;17/05/2024;07:39:45;RODOVIAS DAS COLINAS S.A;SP 300, 137.722, OESTE, PORTO FELIZ - SP;9,9;Debito;Passagem Dentro SLA;;;;5;9;;24;1013;false;0885dffa-3afd-4322-ab03-80148be1f451
05437537000137;AUTO GERAL AUTOPECAS LTDA;229258;1373711283;QUA2G54;2 eixos, rodagem simples;2 eixos, rodagem simples;1131434587;17/05/2024;07:31:41;01/01/2000;00:00:00;;17/05/2024;07:32:52;CONCESSIONARIA DE RODOVIAS DO OESTE DE SAO PAULO VIAOESTE S.A;SP 075, 12.5, SUL, ITU - SP;8,6;Debito;Passagem Dentro SLA;;;;154;111;;286;1012;false;c70bdb5a-2d86-49cc-b520-befbf7914596
05437537000137;AUTO GERAL AUTOPECAS LTDA;229258;1374139733;FYX6I43;2 eixos, rodagem simples;4 eixos, rodagem simples;1182838201;16/05/2024;19:31:17;01/01/2000;00:00:00;;17/05/2024;10:35:28;CONCESSIONARIA ROTA DO ATLANTICO S.A;PE-009, 30.5, SUL, CABO DE STº AGOSTINHO - PE;53,5;Debito;Passagem Fora SLA;;;;1;1;;1373;45234;false;91db3bc9-ed0e-43ca-8261-cdee0bf20751
05437537000137;AUTO GERAL AUTOPECAS LTDA;229258;1373811638;DWH6543;2 eixos rodagem simples;2 eixos rodagem simples;1129701211;16/05/2024;18:21:01;;;;16/05/2024;18:21:08;RODOVIAS DAS COLINAS S.A;SP 300, 137.722, OESTE, PORTO FELIZ - SP;9,9;Debito;Passagem Dentro SLA;;;;5;2;ARTESP;24;1013;true;afa3b6dc-c891-4efd-8b36-6e9652270ac6
05437537000137;AUTO GERAL AUTOPECAS LTDA;229258;1373785080;PXD7G42;2 eixos rodagem simples;2 eixos rodagem simples;2167066407;16/05/2024;17:32:32;;;;16/05/2024;17:32:51;RODOVIAS DAS COLINAS S.A;SP 300, 137.722, OESTE, PORTO FELIZ - SP;9,9;Debito;Passagem Dentro SLA;;;;5;2;ARTESP;24;1013;true;c74429d8-ed9a-4deb-9d9a-3d9fe15af6f1
05437537000137;AUTO GERAL AUTOPECAS LTDA;229258;1373776657;PWS9889;2 eixos rodagem simples;2 eixos rodagem simples;2139267956;16/05/2024;17:17:52;;;;16/05/2024;17:17:55;CONCESSIONARIA DE RODOVIAS DO OESTE DE SAO PAULO VIAOESTE S.A;SP 270, 111.0, LESTE, ARACOIABA DA SERRA - SP;5,1;Debito;Passagem Dentro SLA;;;;183;102;ARTESP;286;1012;true;7aadfddc-f07d-4d20-915b-bdec2d68ee6e
05437537000137;AUTO GERAL AUTOPECAS LTDA;229258;1373751764;PWS9889;2 eixos rodagem simples;2 eixos rodagem simples;2139267956;16/05/2024;16:31:02;;;;16/05/2024;16:31:02;CONCESSIONARIA DE RODOVIAS DO OESTE DE SAO PAULO VIAOESTE S.A;SP 270, 111.0, OESTE, ARACOIABA DA SERRA - SP;5,1;Debito;Passagem Dentro SLA;;;;184;102;ARTESP;286;1012;true;e9766948-c96d-449c-bd72-3ff85d22d13f
05437537000137;AUTO GERAL AUTOPECAS LTDA;229258;1373401719;ERF3783;2 eixos, rodagem simples;2 eixos, rodagem simples;2130205569;16/05/2024;16:24:08;01/01/2000;00:00:00;;16/05/2024;16:24:22;CONCESSIONARIA DE RODOVIAS DO OESTE DE SAO PAULO VIAOESTE S.A;SP 280, 74.0, LESTE, ITU - SP;15,2;Debito;Passagem Dentro SLA;;;;143;115;;286;1012;false;04cde05f-ae0d-4c5d-b852-bba1681ae021
05437537000137;AUTO GERAL AUTOPECAS LTDA;229258;1373305009;GIA7B06;2 eixos, rodagem simples;2 eixos, rodagem simples;2132631068;16/05/2024;15:15:09;01/01/2000;00:00:00;;16/05/2024;15:16:18;CONCESSIONARIA DE RODOVIAS DO OESTE DE SAO PAULO VIAOESTE S.A;SP 075, 12.5, SUL, ITU - SP;8,6;Debito;Passagem Dentro SLA;;;;154;112;;286;1012;false;9a8e4dee-3229-4e2d-baff-27f41182dd00
05437537000137;AUTO GERAL AUTOPECAS LTDA;229258;1373221379;PXD7G42;2 eixos, rodagem simples;2 eixos, rodagem simples;2167066407;16/05/2024;13:45:37;01/01/2000;00:00:00;;16/05/2024;13:45:49;RODOVIAS DAS COLINAS S.A;SP 300, 137.722, OESTE, PORTO FELIZ - SP;9,9;Debito;Passagem Dentro SLA;;;;5;2;;24;1013;false;25c30634-40c8-4272-82ff-957892b29be7
05437537000137;AUTO GERAL AUTOPECAS LTDA;229258;1373081951;GIA7B06;2 eixos, rodagem simples;2 eixos, rodagem simples;2132631068;16/05/2024;11:18:29;01/01/2000;00:00:00;;16/05/2024;11:19:39;CONCESSIONARIA DE RODOVIAS DO OESTE DE SAO PAULO VIAOESTE S.A;SP 075, 12.5, SUL, ITU - SP;8,6;Debito;Passagem Dentro SLA;;;;154;101;;286;1012;false;3c6fb8ca-aa12-4d5b-be02-40d9aa7eab20
05437537000137;AUTO GERAL AUTOPECAS LTDA;229258;1373060631;PXD7G42;2 eixos, rodagem simples;2 eixos, rodagem simples;2167066407;16/05/2024;10:51:16;01/01/2000;00:00:00;;16/05/2024;10:51:30;RODOVIAS DAS COLINAS S.A;SP 300, 137.722, OESTE, PORTO FELIZ - SP;9,9;Debito;Passagem Dentro SLA;;;;5;2;;24;1013;false;b9391bd5-dacc-46c5-94f5-8c59fe2c05b6
05437537000137;AUTO GERAL AUTOPECAS LTDA;229258;1372947393;PWS9889;2 eixos, rodagem simples;2 eixos, rodagem simples;2139267956;16/05/2024;09:01:48;01/01/2000;00:00:00;;16/05/2024;09:02:33;CONCESSIONARIA DE RODOVIAS DO OESTE DE SAO PAULO VIAOESTE S.A;SP 270, 111.0, OESTE, ARACOIABA DA SERRA - SP;5,1;Debito;Passagem Dentro SLA;;;;184;102;;286;1012;false;dbaef4fb-3f42-4ee6-b18a-020489a91caa
05437537000137;AUTO GERAL AUTOPECAS LTDA;229258;1372916290;GIA7B06;2 eixos, rodagem simples;2 eixos, rodagem simples;2132631068;16/05/2024;08:25:31;01/01/2000;00:00:00;;16/05/2024;08:26:39;CONCESSIONARIA DE RODOVIAS DO OESTE DE SAO PAULO VIAOESTE S.A;SP 075, 12.5, SUL, ITU - SP;8,6;Debito;Passagem Dentro SLA;;;;154;112;;286;1012;false;22ab9a1a-40bf-42ac-8f3b-77041ed7997e
05437537000137;AUTO GERAL AUTOPECAS LTDA;229258;1372872238;QUA2G54;2 eixos, rodagem simples;2 eixos, rodagem simples;1131434587;16/05/2024;07:39:35;01/01/2000;00:00:00;;16/05/2024;07:40:44;CONCESSIONARIA DE RODOVIAS DO OESTE DE SAO PAULO VIAOESTE S.A;SP 075, 12.5, SUL, ITU - SP;8,6;Debito;Passagem Dentro SLA;;;;154;111;;286;1012;false;5a1273b9-0a64-4d24-9954-53d77de4478f
05437537000137;AUTO GERAL AUTOPECAS LTDA;229258;1372869981;DWH6543;2 eixos, rodagem simples;2 eixos, rodagem simples;1129701211;16/05/2024;07:37:18;01/01/2000;00:00:00;;16/05/2024;07:37:31;RODOVIAS DAS COLINAS S.A;SP 300, 137.722, OESTE, PORTO FELIZ - SP;9,9;Debito;Passagem Dentro SLA;;;;5;9;;24;1013;false;74a54517-c12a-4206-a466-a2bf306ec51b
05437537000137;AUTO GERAL AUTOPECAS LTDA;229258;1372578248;DWH6543;2 eixos rodagem simples;2 eixos rodagem simples;1129701211;15/05/2024;18:21:50;;;;15/05/2024;18:22:01;RODOVIAS DAS COLINAS S.A;SP 300, 137.722, OESTE, PORTO FELIZ - SP;9,9;Debito;Passagem Dentro SLA;;;;5;2;ARTESP;24;1013;true;aaeff032-47de-4d8b-97fd-06dd6cb64e4b
05437537000137;AUTO GERAL AUTOPECAS LTDA;229258;1372521932;PXD7G42;2 eixos rodagem simples;2 eixos rodagem simples;2167066407;15/05/2024;17:29:32;;;;15/05/2024;17:29:38;RODOVIAS DAS COLINAS S.A;SP 300, 137.722, OESTE, PORTO FELIZ - SP;9,9;Debito;Passagem Dentro SLA;;;;5;2;ARTESP;24;1013;true;3186f321-13d6-4168-922e-cecf8588c91c
05437537000137;AUTO GERAL AUTOPECAS LTDA;229258;1372502649;GIY1B04;2 eixos rodagem simples;2 eixos rodagem simples;1172923315;15/05/2024;16:54:43;;;;15/05/2024;16:55:42;CONCESSIONARIA DE RODOVIAS DO OESTE DE SAO PAULO VIAOESTE S.A;SP 280, 74.0, LESTE, ITU - SP;15,2;Debito;Passagem Dentro SLA;;;;143;116;ARTESP;286;1012;true;1d06e8e8-fe4e-41e0-882a-7377d810dde8
05437537000137;AUTO GERAL AUTOPECAS LTDA;229258;1372133993;GIA7B06;2 eixos, rodagem simples;2 eixos, rodagem simples;2132631068;15/05/2024;15:16:46;01/01/2000;00:00:00;;15/05/2024;15:17:51;CONCESSIONARIA DE RODOVIAS DO OESTE DE SAO PAULO VIAOESTE S.A;SP 075, 12.5, SUL, ITU - SP;8,6;Debito;Passagem Dentro SLA;;;;154;112;;286;1012;false;10fbe869-6fa6-40a9-85b3-d446256c6c9a
05437537000137;AUTO GERAL AUTOPECAS LTDA;229258;1372037922;PXD7G42;2 eixos, rodagem simples;2 eixos, rodagem simples;2167066407;15/05/2024;13:41:37;01/01/2000;00:00:00;;15/05/2024;13:41:48;RODOVIAS DAS COLINAS S.A;SP 300, 137.722, OESTE, PORTO FELIZ - SP;9,9;Debito;Passagem Dentro SLA;;;;5;2;;24;1013;false;ab00a0f5-e23a-4dbb-ad81-46c04190f396
05437537000137;AUTO GERAL AUTOPECAS LTDA;229258;1371868283;GIA7B06;2 eixos, rodagem simples;2 eixos, rodagem simples;2132631068;15/05/2024;11:18:01;01/01/2000;00:00:00;;15/05/2024;11:19:07;CONCESSIONARIA DE RODOVIAS DO OESTE DE SAO PAULO VIAOESTE S.A;SP 075, 12.5, SUL, ITU - SP;8,6;Debito;Passagem Dentro SLA;;;;154;112;;286;1012;false;b0c75d22-3002-4636-9c4b-dd29d6cf4141
05437537000137;AUTO GERAL AUTOPECAS LTDA;229258;1371863269;PXD7G42;2 eixos, rodagem simples;2 eixos, rodagem simples;2167066407;15/05/2024;10:42:49;01/01/2000;00:00:00;;15/05/2024;10:43:04;RODOVIAS DAS COLINAS S.A;SP 300, 137.722, OESTE, PORTO FELIZ - SP;9,9;Debito;Passagem Dentro SLA;;;;5;2;;24;1013;false;f43c28be-5f6e-4f6b-8b74-5d2cce182c1f
05437537000137;AUTO GERAL AUTOPECAS LTDA;229258;1371836816;GIY1B04;2 eixos, rodagem simples;2 eixos, rodagem simples;1172923315;15/05/2024;10:33:28;01/01/2000;00:00:00;;15/05/2024;10:33:41;CONCESSIONARIA DE RODOVIAS DO OESTE DE SAO PAULO VIAOESTE S.A;SP 280, 74.0, LESTE, ITU - SP;15,2;Debito;Passagem Dentro SLA;;;;143;115;;286;1012;false;f7db1dd7-cbe7-4680-af78-4c5f34bc7a53
05437537000137;AUTO GERAL AUTOPECAS LTDA;229258;1371804820;PWS9889;2 eixos, rodagem simples;2 eixos, rodagem simples;2139267956;15/05/2024;09:23:21;01/01/2000;00:00:00;;15/05/2024;09:24:18;CONCESSIONARIA DE RODOVIAS DO OESTE DE SAO PAULO VIAOESTE S.A;SP 270, 111.0, OESTE, ARACOIABA DA SERRA - SP;5,1;Debito;Passagem Dentro SLA;;;;184;101;;286;1012;false;32844dad-98a3-4d18-a0e0-7abd275f37b0
05437537000137;AUTO GERAL AUTOPECAS LTDA;229258;1371724104;GIA7B06;2 eixos, rodagem simples;2 eixos, rodagem simples;2132631068;15/05/2024;08:20:10;01/01/2000;00:00:00;;15/05/2024;08:21:17;CONCESSIONARIA DE RODOVIAS DO OESTE DE SAO PAULO VIAOESTE S.A;SP 075, 12.5, SUL, ITU - SP;8,6;Debito;Passagem Dentro SLA;;;;154;112;;286;1012;false;110b4260-21bd-4040-bb9b-4ab626d043ce
05437537000137;AUTO GERAL AUTOPECAS LTDA;229258;1371677488;DWH6543;2 eixos, rodagem simples;2 eixos, rodagem simples;1129701211;15/05/2024;07:40:22;01/01/2000;00:00:00;;15/05/2024;07:40:37;RODOVIAS DAS COLINAS S.A;SP 300, 137.722, OESTE, PORTO FELIZ - SP;9,9;Debito;Passagem Dentro SLA;;;;5;9;;24;1013;false;2b3c250c-5ccd-495c-ab9c-d25e05b4848b
05437537000137;AUTO GERAL AUTOPECAS LTDA;229258;1371665593;QUA2G54;2 eixos, rodagem simples;2 eixos, rodagem simples;1131434587;15/05/2024;07:29:00;01/01/2000;00:00:00;;15/05/2024;07:30:07;CONCESSIONARIA DE RODOVIAS DO OESTE DE SAO PAULO VIAOESTE S.A;SP 075, 12.5, SUL, ITU - SP;8,6;Debito;Passagem Dentro SLA;;;;154;111;;286;1012;false;a4b3cefd-76c5-44ed-9c19-d0bc73c330cf
05437537000137;AUTO GERAL AUTOPECAS LTDA;229258;1371446668;DWH6543;2 eixos rodagem simples;2 eixos rodagem simples;1129701211;14/05/2024;17:55:50;;;;14/05/2024;17:56:15;RODOVIAS DAS COLINAS S.A;SP 300, 137.722, OESTE, PORTO FELIZ - SP;9,9;Debito;Passagem Dentro SLA;;;;5;2;ARTESP;24;1013;true;c9ff11af-7c58-4d78-bfc1-420de7fd5e67
05437537000137;AUTO GERAL AUTOPECAS LTDA;229258;1370804303;PXD7G42;2 eixos, rodagem simples;2 eixos, rodagem simples;2167066407;14/05/2024;17:27:35;01/01/2000;00:00:00;;14/05/2024;17:27:55;RODOVIAS DAS COLINAS S.A;SP 300, 137.722, OESTE, PORTO FELIZ - SP;9,9;Debito;Passagem Dentro SLA;;;;5;2;;24;1013;false;02c1311a-9274-4281-8c8c-147c0d82f90b
05437537000137;AUTO GERAL AUTOPECAS LTDA;229258;1372143515;GIA7B06;2 eixos, rodagem simples;2 eixos, rodagem simples;2132631068;14/05/2024;15:19:20;01/01/2000;00:00:00;;14/05/2024;15:20:23;CONCESSIONARIA DE RODOVIAS DO OESTE DE SAO PAULO VIAOESTE S.A;SP 075, 12.5, SUL, ITU - SP;8,6;Debito;Passagem Dentro SLA;;;;154;112;;286;1012;false;a6392308-dd2e-437c-85e8-1a427f8c85cd
05437537000137;AUTO GERAL AUTOPECAS LTDA;229258;1372126388;EIB4306;2 eixos, rodagem simples;2 eixos, rodagem simples;2121444395;14/05/2024;14:40:55;01/01/2000;00:00:00;;14/05/2024;14:41:04;RODOVIAS DAS COLINAS S.A;SP 280, 111.3, LESTE, BOITUVA - SP;12,4;Debito;Passagem Dentro SLA;PLACA EIB4D06;;;2;2;;24;1013;false;09d3e1c4-4128-43af-9790-5e916b96ef16
05437537000137;AUTO GERAL AUTOPECAS LTDA;229258;1370615091;PXD7G42;2 eixos, rodagem simples;2 eixos, rodagem simples;2167066407;14/05/2024;13:50:10;01/01/2000;00:00:00;;14/05/2024;13:50:24;RODOVIAS DAS COLINAS S.A;SP 300, 137.722, OESTE, PORTO FELIZ - SP;9,9;Debito;Passagem Dentro SLA;;;;5;2;;24;1013;false;5a194f5a-b96c-4a59-a019-0d3df62b585c
05437537000137;AUTO GERAL AUTOPECAS LTDA;229258;1370493919;GIA7B06;2 eixos, rodagem simples;2 eixos, rodagem simples;2132631068;14/05/2024;11:23:12;01/01/2000;00:00:00;;14/05/2024;11:24:15;CONCESSIONARIA DE RODOVIAS DO OESTE DE SAO PAULO VIAOESTE S.A;SP 075, 12.5, SUL, ITU - SP;8,6;Debito;Passagem Dentro SLA;;;;154;112;;286;1012;false;ff06454f-142d-4220-80f5-04d6ab18037c
05437537000137;AUTO GERAL AUTOPECAS LTDA;229258;1370470005;PXD7G42;2 eixos, rodagem simples;2 eixos, rodagem simples;2167066407;14/05/2024;10:51:45;01/01/2000;00:00:00;;14/05/2024;10:51:55;RODOVIAS DAS COLINAS S.A;SP 300, 137.722, OESTE, PORTO FELIZ - SP;9,9;Debito;Passagem Dentro SLA;;;;5;2;;24;1013;false;e0051640-12a8-4452-9ce2-634d1a5e724a
05437537000137;AUTO GERAL AUTOPECAS LTDA;229258;1370341213;EIB4306;2 eixos, rodagem simples;2 eixos, rodagem simples;2121444395;14/05/2024;08:25:03;01/01/2000;00:00:00;;14/05/2024;08:25:19;RODOVIAS DAS COLINAS S.A;SP 300, 137.722, OESTE, PORTO FELIZ - SP;9,9;Debito;Passagem Dentro SLA;PLACA EIB4D06;;;5;9;;24;1013;false;bac3324e-e9c7-45f6-adbc-079cfe289064
05437537000137;AUTO GERAL AUTOPECAS LTDA;229258;1370335963;GIA7B06;2 eixos, rodagem simples;2 eixos, rodagem simples;2132631068;14/05/2024;08:19:51;01/01/2000;00:00:00;;14/05/2024;08:21:37;CONCESSIONARIA DE RODOVIAS DO OESTE DE SAO PAULO VIAOESTE S.A;SP 075, 12.5, SUL, ITU - SP;8,6;Debito;Passagem Dentro SLA;;;;154;112;;286;1012;false;9f3589e1-f2bc-47fc-943a-4aa51526b8ea
05437537000137;AUTO GERAL AUTOPECAS LTDA;229258;1370296608;QUA2G54;2 eixos, rodagem simples;2 eixos, rodagem simples;1131434587;14/05/2024;07:39:43;01/01/2000;00:00:00;;14/05/2024;07:40:47;CONCESSIONARIA DE RODOVIAS DO OESTE DE SAO PAULO VIAOESTE S.A;SP 075, 12.5, SUL, ITU - SP;8,6;Debito;Passagem Dentro SLA;;;;154;112;;286;1012;false;20c47b38-67be-4eb3-b293-e8c2197d6b44
05437537000137;AUTO GERAL AUTOPECAS LTDA;229258;1371384173;DWH6543;2 eixos rodagem simples;2 eixos rodagem simples;1129701211;14/05/2024;07:38:45;;;;14/05/2024;07:38:53;RODOVIAS DAS COLINAS S.A;SP 300, 137.722, OESTE, PORTO FELIZ - SP;9,9;Debito;Passagem Dentro SLA;;;;5;9;ARTESP;24;1013;true;0628cc03-3abd-42f1-bb2a-e657965d0083
05437537000137;AUTO GERAL AUTOPECAS LTDA;229258;1371211820;PXD7G42;2 eixos rodagem simples;2 eixos rodagem simples;2167066407;13/05/2024;17:35:08;;;;13/05/2024;17:35:20;RODOVIAS DAS COLINAS S.A;SP 300, 137.722, OESTE, PORTO FELIZ - SP;9,9;Debito;Passagem Dentro SLA;;;;5;2;ARTESP;24;1013;true;c0a0def8-0332-45a7-a46b-221224e870e5
05437537000137;AUTO GERAL AUTOPECAS LTDA;229258;1369910410;GIA7B06;2 eixos, rodagem simples;2 eixos, rodagem simples;2132631068;13/05/2024;15:17:32;01/01/2000;00:00:00;;13/05/2024;15:18:34;CONCESSIONARIA DE RODOVIAS DO OESTE DE SAO PAULO VIAOESTE S.A;SP 075, 12.5, SUL, ITU - SP;8,6;Debito;Passagem Dentro SLA;;;;154;112;;286;1012;false;a533182c-c20f-42a4-8e7c-f4754970df9e
05437537000137;AUTO GERAL AUTOPECAS LTDA;229258;1369830884;PXD7G42;2 eixos, rodagem simples;2 eixos, rodagem simples;2167066407;13/05/2024;13:50:39;01/01/2000;00:00:00;;13/05/2024;13:50:56;RODOVIAS DAS COLINAS S.A;SP 300, 137.722, OESTE, PORTO FELIZ - SP;9,9;Debito;Passagem Dentro SLA;;;;5;2;;24;1013;false;bb0ae4ed-59a9-49ba-9050-b89ef7cef0e7
05437537000137;AUTO GERAL AUTOPECAS LTDA;229258;1369703230;EIB4306;2 eixos, rodagem simples;2 eixos, rodagem simples;2121444395;13/05/2024;11:44:39;01/01/2000;00:00:00;;13/05/2024;11:44:47;RODOVIAS DAS COLINAS S.A;SP 280, 111.3, LESTE, BOITUVA - SP;12,4;Debito;Passagem Dentro SLA;PLACA EIB4D06;;;2;3;;24;1013;false;362899b0-cfd9-4e5c-8608-c4fe9db95dc6
05437537000137;AUTO GERAL AUTOPECAS LTDA;229258;1369676871;GIA7B06;2 eixos, rodagem simples;2 eixos, rodagem simples;2132631068;13/05/2024;11:16:13;01/01/2000;00:00:00;;13/05/2024;11:17:57;CONCESSIONARIA DE RODOVIAS DO OESTE DE SAO PAULO VIAOESTE S.A;SP 075, 12.5, SUL, ITU - SP;8,6;Debito;Passagem Dentro SLA;;;;154;112;;286;1012;false;161a87b2-be0e-4931-babd-7586b1a771b7
05437537000137;AUTO GERAL AUTOPECAS LTDA;229258;1369654669;PXD7G42;2 eixos, rodagem simples;2 eixos, rodagem simples;2167066407;13/05/2024;10:49:40;01/01/2000;00:00:00;;13/05/2024;10:50:06;RODOVIAS DAS COLINAS S.A;SP 300, 137.722, OESTE, PORTO FELIZ - SP;9,9;Debito;Passagem Dentro SLA;;;;5;2;;24;1013;false;d6177768-eeb3-41e3-9a10-9bd86b912581
05437537000137;AUTO GERAL AUTOPECAS LTDA;229258;1369614580;PWS9889;2 eixos, rodagem simples;2 eixos, rodagem simples;2139267956;13/05/2024;09:59:29;01/01/2000;00:00:00;;13/05/2024;10:00:26;CONCESSIONARIA DE RODOVIAS DO OESTE DE SAO PAULO VIAOESTE S.A;SP 270, 111.0, LESTE, ARACOIABA DA SERRA - SP;5,1;Debito;Passagem Dentro SLA;;;;183;101;;286;1012;false;1ba13bf0-45de-4f86-83be-db78c3fea1b7
05437537000137;AUTO GERAL AUTOPECAS LTDA;229258;1369595193;PWS9889;2 eixos, rodagem simples;2 eixos, rodagem simples;2139267956;13/05/2024;09:37:09;01/01/2000;00:00:00;;13/05/2024;09:38:49;CONCESSIONARIA DE RODOVIAS DO OESTE DE SAO PAULO VIAOESTE S.A;SP 270, 111.0, OESTE, ARACOIABA DA SERRA - SP;5,1;Debito;Passagem Dentro SLA;;;;184;102;;286;1012;false;1a120263-7df0-43ae-9d8f-c196877bee3c
05437537000137;AUTO GERAL AUTOPECAS LTDA;229258;1369541531;EIB4306;2 eixos, rodagem simples;2 eixos, rodagem simples;2121444395;13/05/2024;08:48:40;01/01/2000;00:00:00;;13/05/2024;08:48:49;RODOVIAS DAS COLINAS S.A;SP 280, 111.3, LESTE, BOITUVA - SP;12,4;Debito;Passagem Dentro SLA;PLACA EIB4D06;;;2;17;;24;1013;false;bd07594d-7f8f-4ad8-a1b7-f85385f809b9
05437537000137;AUTO GERAL AUTOPECAS LTDA;229258;1369508210;FYX6I43;2 eixos, rodagem simples;2 eixos, rodagem simples;1182838201;13/05/2024;08:14:10;01/01/2000;00:00:00;;13/05/2024;08:15:09;CONCESSIONARIA DE RODOVIAS DO OESTE DE SAO PAULO VIAOESTE S.A;SP 075, 12.5, SUL, ITU - SP;8,6;Debito;Passagem Dentro SLA;;;;154;112;;286;1012;false;713f9142-a156-4dba-83de-25189c32bcff
05437537000137;AUTO GERAL AUTOPECAS LTDA;229258;1369462618;PWS9889;2 eixos, rodagem simples;2 eixos, rodagem simples;2139267956;13/05/2024;07:32:08;01/01/2000;00:00:00;;13/05/2024;07:33:09;CONCESSIONARIA DE RODOVIAS DO OESTE DE SAO PAULO VIAOESTE S.A;SP 075, 12.5, SUL, ITU - SP;8,6;Debito;Passagem Dentro SLA;;;;154;112;;286;1012;false;5e0230ac-cff2-45e8-ba15-d4121aaee1ee
05437537000137;AUTO GERAL AUTOPECAS LTDA;229258;1368089326;DFJ9195;2 eixos rodagem simples;2 eixos rodagem simples;2199910708;10/05/2024;18:00:27;;;;10/05/2024;18:01:59;CONCESSIONARIA DE RODOVIAS DO OESTE DE SAO PAULO VIAOESTE S.A;SP 075, 12.5, SUL, ITU - SP;8,6;Debito;Passagem Dentro SLA;;;;154;111;ARTESP;286;1012;true;e22c4a44-c78b-4654-9d36-c924d905a4d6
05437537000137;AUTO GERAL AUTOPECAS LTDA;229258;1366198261;PXD7G42;2 eixos, rodagem simples;2 eixos, rodagem simples;2167066407;10/05/2024;17:32:36;01/01/2000;00:00:00;;10/05/2024;17:32:41;RODOVIAS DAS COLINAS S.A;SP 300, 137.722, OESTE, PORTO FELIZ - SP;9,9;Debito;Passagem Dentro SLA;;;;5;2;;24;1013;false;1dfb35e8-172d-4405-bca6-3fc0cce97727
05437537000137;AUTO GERAL AUTOPECAS LTDA;229258;1366128233;DWH6543;2 eixos, rodagem simples;2 eixos, rodagem simples;1129701211;10/05/2024;16:42:11;01/01/2000;00:00:00;;10/05/2024;16:42:21;RODOVIAS DAS COLINAS S.A;SP 300, 137.722, OESTE, PORTO FELIZ - SP;9,9;Debito;Passagem Dentro SLA;;;;5;2;;24;1013;false;2b4c10fc-376f-4650-9587-621d415e913f
05437537000137;AUTO GERAL AUTOPECAS LTDA;229258;1366010951;FYX6I43;2 eixos, rodagem simples;2 eixos, rodagem simples;1182838201;10/05/2024;15:15:26;01/01/2000;00:00:00;;10/05/2024;15:17:01;CONCESSIONARIA DE RODOVIAS DO OESTE DE SAO PAULO VIAOESTE S.A;SP 075, 12.5, SUL, ITU - SP;8,6;Debito;Passagem Dentro SLA;;;;154;112;;286;1012;false;395a4cad-7f3d-4615-8e7e-f18d20717a28
05437537000137;AUTO GERAL AUTOPECAS LTDA;229258;1365983352;GFB8C62;2 eixos, rodagem simples;2 eixos, rodagem simples;2172222668;10/05/2024;14:51:08;01/01/2000;00:00:00;;10/05/2024;14:51:58;RODOVIAS INTEGRADAS DO OESTE S.A;SP 270, 135.3, LESTE, SARAPUI - SP;10,9;Debito;Passagem Dentro SLA;;;;183;103;;305;1020;false;7443a05e-3d81-48e3-90b9-f09dc960d9cf
05437537000137;AUTO GERAL AUTOPECAS LTDA;229258;1365952913;PXD7G42;2 eixos, rodagem simples;2 eixos, rodagem simples;2167066407;10/05/2024;14:26:10;01/01/2000;00:00:00;;10/05/2024;14:26:31;RODOVIAS DAS COLINAS S.A;SP 300, 137.722, OESTE, PORTO FELIZ - SP;9,9;Debito;Passagem Dentro SLA;;;;5;3;;24;1013;false;df5f565b-68a1-4ad8-8115-05df1888b2ee
05437537000137;AUTO GERAL AUTOPECAS LTDA;229258;1365929937;GFB8C62;2 eixos, rodagem simples;2 eixos, rodagem simples;2172222668;10/05/2024;14:06:49;01/01/2000;00:00:00;;10/05/2024;14:07:42;RODOVIAS INTEGRADAS DO OESTE S.A;SP 270, 135.3, LESTE, SARAPUI - SP;10,9;Debito;Passagem Dentro SLA;;;;184;110;;305;1020;false;e5ab9e94-f0e7-4281-a43e-a52ff871a3ef
05437537000137;AUTO GERAL AUTOPECAS LTDA;229258;1368119830;FYX6I43;2 eixos rodagem simples;2 eixos rodagem simples;1182838201;10/05/2024;11:18:43;;;;10/05/2024;11:20:15;CONCESSIONARIA DE RODOVIAS DO OESTE DE SAO PAULO VIAOESTE S.A;SP 075, 12.5, SUL, ITU - SP;8,6;Debito;Passagem Dentro SLA;;;;154;112;ARTESP;286;1012;true;2e839b24-9d95-4b95-8ae9-6ef9e23c4f41
05437537000137;AUTO GERAL AUTOPECAS LTDA;229258;1365571044;PXD7G42;2 eixos, rodagem simples;2 eixos, rodagem simples;2167066407;10/05/2024;10:47:08;01/01/2000;00:00:00;;10/05/2024;10:47:27;RODOVIAS DAS COLINAS S.A;SP 300, 137.722, OESTE, PORTO FELIZ - SP;9,9;Debito;Passagem Dentro SLA;;;;5;2;;24;1013;false;19c56054-209a-475d-b61e-704c41de861e
05437537000137;AUTO GERAL AUTOPECAS LTDA;229258;1365552282;GFB8C62;2 eixos, rodagem simples;2 eixos, rodagem simples;2172222668;10/05/2024;10:30:03;01/01/2000;00:00:00;;10/05/2024;10:30:56;RODOVIAS INTEGRADAS DO OESTE S.A;SP 127, 128.9, NORTE, TATUI - SP;14,3;Debito;Passagem Dentro SLA;;;;163;102;;305;1020;false;435e32ba-99a7-4df8-8c1c-2af5619443e3
05437537000137;AUTO GERAL AUTOPECAS LTDA;229258;1365506245;GFB8C62;2 eixos, rodagem simples;2 eixos, rodagem simples;2172222668;10/05/2024;09:41:43;01/01/2000;00:00:00;;10/05/2024;09:42:34;RODOVIAS INTEGRADAS DO OESTE S.A;SP 270, 135.3, LESTE, SARAPUI - SP;10,9;Debito;Passagem Dentro SLA;;;;184;110;;305;1020;false;7fe75087-5414-44ed-a5d3-ce87ff1a981b
05437537000137;AUTO GERAL AUTOPECAS LTDA;229258;1368023664;FYX6I43;2 eixos rodagem simples;2 eixos rodagem simples;1182838201;10/05/2024;08:20:26;;;;10/05/2024;08:21:16;CONCESSIONARIA DE RODOVIAS DO OESTE DE SAO PAULO VIAOESTE S.A;SP 075, 12.5, SUL, ITU - SP;8,6;Debito;Passagem Dentro SLA;;;;154;112;ARTESP;286;1012;true;34da51bd-fbbd-408a-a594-0faad4ef5f15
05437537000137;AUTO GERAL AUTOPECAS LTDA;229258;1365427625;EIB4306;2 eixos, rodagem simples;2 eixos, rodagem simples;2121444395;10/05/2024;08:12:45;01/01/2000;00:00:00;;10/05/2024;08:13:36;CONCESSIONARIA DE RODOVIAS DO OESTE DE SAO PAULO VIAOESTE S.A;SP 075, 12.5, SUL, ITU - SP;8,6;Debito;Passagem Dentro SLA;PLACA EIB4D06;;;154;101;;286;1012;false;4ee062eb-d9e5-4646-a0fd-188f27f7c285
05437537000137;AUTO GERAL AUTOPECAS LTDA;229258;1368004396;DWH6543;2 eixos rodagem simples;2 eixos rodagem simples;1129701211;10/05/2024;07:39:46;;;;10/05/2024;07:40:02;RODOVIAS DAS COLINAS S.A;SP 300, 137.722, OESTE, PORTO FELIZ - SP;9,9;Debito;Passagem Dentro SLA;;;;5;9;ARTESP;24;1013;true;ba788fdd-a805-415d-9d0a-0eeb698f3789
05437537000137;AUTO GERAL AUTOPECAS LTDA;229258;1367999069;QUA2G54;2 eixos rodagem simples;2 eixos rodagem simples;1131434587;10/05/2024;07:28:25;;;;10/05/2024;07:29:59;CONCESSIONARIA DE RODOVIAS DO OESTE DE SAO PAULO VIAOESTE S.A;SP 075, 12.5, SUL, ITU - SP;8,6;Debito;Passagem Dentro SLA;;;;154;112;ARTESP;286;1012;true;d6017f9c-168a-42e6-838a-526e838d2fe5
05437537000137;AUTO GERAL AUTOPECAS LTDA;229258;1364993106;DWH6543;2 eixos, rodagem simples;2 eixos, rodagem simples;1129701211;09/05/2024;18:27:50;01/01/2000;00:00:00;;09/05/2024;18:28:04;RODOVIAS DAS COLINAS S.A;SP 300, 137.722, OESTE, PORTO FELIZ - SP;9,9;Debito;Passagem Dentro SLA;;;;5;2;;24;1013;false;2e1d9dc2-8612-4cb2-b0cf-d4f10f16cdc0
05437537000137;AUTO GERAL AUTOPECAS LTDA;229258;1364935597;PXD7G42;2 eixos, rodagem simples;2 eixos, rodagem simples;2167066407;09/05/2024;17:33:37;01/01/2000;00:00:00;;09/05/2024;17:47:33;RODOVIAS DAS COLINAS S.A;SP 300, 137.722, OESTE, PORTO FELIZ - SP;9,9;Debito;Passagem Fora SLA;;;;5;2;;24;1013;false;e928ad57-e667-4e64-bfb7-279ff6edfaa2
05437537000137;AUTO GERAL AUTOPECAS LTDA;229258;1364764065;FYX6I43;2 eixos, rodagem simples;2 eixos, rodagem simples;1182838201;09/05/2024;15:18:09;01/01/2000;00:00:00;;09/05/2024;15:18:59;CONCESSIONARIA DE RODOVIAS DO OESTE DE SAO PAULO VIAOESTE S.A;SP 075, 12.5, SUL, ITU - SP;8,6;Debito;Passagem Dentro SLA;;;;154;112;;286;1012;false;87e23652-150f-4c5c-b9bf-bfe217646e54
05437537000137;AUTO GERAL AUTOPECAS LTDA;229258;1364679260;PXD7G42;2 eixos, rodagem simples;2 eixos, rodagem simples;2167066407;09/05/2024;13:54:57;01/01/2000;00:00:00;;09/05/2024;13:55:20;RODOVIAS DAS COLINAS S.A;SP 300, 137.722, OESTE, PORTO FELIZ - SP;9,9;Debito;Passagem Dentro SLA;;;;5;2;;24;1013;false;86c9b9cf-efd7-4a40-b9e6-1eba59839260
05437537000137;AUTO GERAL AUTOPECAS LTDA;229258;1364538046;FYX6I43;2 eixos, rodagem simples;2 eixos, rodagem simples;1182838201;09/05/2024;11:17:30;01/01/2000;00:00:00;;09/05/2024;11:18:18;CONCESSIONARIA DE RODOVIAS DO OESTE DE SAO PAULO VIAOESTE S.A;SP 075, 12.5, SUL, ITU - SP;8,6;Debito;Passagem Dentro SLA;;;;154;112;;286;1012;false;e18b8cda-766d-4076-8f60-fc5eea0de862
05437537000137;AUTO GERAL AUTOPECAS LTDA;229258;1365770547;PXD7G42;2 eixos rodagem simples;2 eixos rodagem simples;2167066407;09/05/2024;10:49:33;;;;09/05/2024;10:49:44;RODOVIAS DAS COLINAS S.A;SP 300, 137.722, OESTE, PORTO FELIZ - SP;9,9;Debito;Passagem Dentro SLA;;;;5;2;ARTESP;24;1013;true;4ae2e772-950e-4671-aeae-fae48a8273ef
05437537000137;AUTO GERAL AUTOPECAS LTDA;229258;1364365372;FYX6I43;2 eixos, rodagem simples;2 eixos, rodagem simples;1182838201;09/05/2024;08:19:54;01/01/2000;00:00:00;;09/05/2024;08:20:43;CONCESSIONARIA DE RODOVIAS DO OESTE DE SAO PAULO VIAOESTE S.A;SP 075, 12.5, SUL, ITU - SP;8,6;Debito;Passagem Dentro SLA;;;;154;112;;286;1012;false;91c89bab-1f16-4dd6-9555-4b2d1425c46d
05437537000137;AUTO GERAL AUTOPECAS LTDA;229258;1364323865;DWH6543;2 eixos, rodagem simples;2 eixos, rodagem simples;1129701211;09/05/2024;07:38:14;01/01/2000;00:00:00;;09/05/2024;07:38:37;RODOVIAS DAS COLINAS S.A;SP 300, 137.722, OESTE, PORTO FELIZ - SP;9,9;Debito;Passagem Dentro SLA;;;;5;9;;24;1013;false;7e2dc765-8eaf-41fa-b3af-bc88d63605d0
05437537000137;AUTO GERAL AUTOPECAS LTDA;229258;1364319762;QUA2G54;2 eixos, rodagem simples;2 eixos, rodagem simples;1131434587;09/05/2024;07:35:04;01/01/2000;00:00:00;;09/05/2024;07:35:53;CONCESSIONARIA DE RODOVIAS DO OESTE DE SAO PAULO VIAOESTE S.A;SP 075, 12.5, SUL, ITU - SP;8,6;Debito;Passagem Dentro SLA;;;;154;112;;286;1012;false;bb4730e6-96be-4334-82d4-4875ffc13830
05437537000137;AUTO GERAL AUTOPECAS LTDA;229258;1363825110;035853;;;;08/05/2024;18:26:00;01/01/2000;00:00:00;;08/05/2024;18:26:00;;Automatica-CARTAO_DE_CREDITO;1000;Credito;Recarga Automatica;;;;;;;;;;2259f907-51c8-4d49-b3a3-f64defa9a1e1
05437537000137;AUTO GERAL AUTOPECAS LTDA;229258;1363824340;DWH6543;2 eixos, rodagem simples;2 eixos, rodagem simples;1129701211;08/05/2024;18:23:12;01/01/2000;00:00:00;;08/05/2024;18:23:33;RODOVIAS DAS COLINAS S.A;SP 300, 137.722, OESTE, PORTO FELIZ - SP;9,9;Debito;Passagem Dentro SLA;;;;5;2;;24;1013;false;b435dedc-2916-434c-99db-163c7169e621
05437537000137;AUTO GERAL AUTOPECAS LTDA;229258;1363759848;PXD7G42;2 eixos, rodagem simples;2 eixos, rodagem simples;2167066407;08/05/2024;17:32:27;01/01/2000;00:00:00;;08/05/2024;17:32:44;RODOVIAS DAS COLINAS S.A;SP 300, 137.722, OESTE, PORTO FELIZ - SP;9,9;Debito;Passagem Dentro SLA;;;;5;2;;24;1013;false;8aef1bd0-5fa7-44b0-ad07-bddddaf6ce59
05437537000137;AUTO GERAL AUTOPECAS LTDA;229258;1363619920;FYX6I43;2 eixos, rodagem simples;2 eixos, rodagem simples;1182838201;08/05/2024;15:14:27;01/01/2000;00:00:00;;08/05/2024;15:15:11;CONCESSIONARIA DE RODOVIAS DO OESTE DE SAO PAULO VIAOESTE S.A;SP 075, 12.5, SUL, ITU - SP;8,6;Debito;Passagem Dentro SLA;;;;154;111;;286;1012;false;f2533692-0ddf-4c4a-b3c9-22e3f2f0682b
05437537000137;AUTO GERAL AUTOPECAS LTDA;229258;1363514758;PXD7G42;2 eixos, rodagem simples;2 eixos, rodagem simples;2167066407;08/05/2024;13:36:12;01/01/2000;00:00:00;;08/05/2024;13:36:23;RODOVIAS DAS COLINAS S.A;SP 300, 137.722, OESTE, PORTO FELIZ - SP;9,9;Debito;Passagem Dentro SLA;;;;5;2;;24;1013;false;9edcb189-0b10-4d8f-9dc2-b62b6357f879
05437537000137;AUTO GERAL AUTOPECAS LTDA;229258;1363261265;FYX6I43;2 eixos, rodagem simples;2 eixos, rodagem simples;1182838201;08/05/2024;11:16:49;01/01/2000;00:00:00;;08/05/2024;11:17:35;CONCESSIONARIA DE RODOVIAS DO OESTE DE SAO PAULO VIAOESTE S.A;SP 075, 12.5, SUL, ITU - SP;8,6;Debito;Passagem Dentro SLA;;;;154;111;;286;1012;false;aef045f1-cc1e-4520-a924-5f6b2fbc86b4
05437537000137;AUTO GERAL AUTOPECAS LTDA;229258;1363236627;PXD7G42;2 eixos, rodagem simples;2 eixos, rodagem simples;2167066407;08/05/2024;10:45:53;01/01/2000;00:00:00;;08/05/2024;10:45:57;RODOVIAS DAS COLINAS S.A;SP 300, 137.722, OESTE, PORTO FELIZ - SP;9,9;Debito;Passagem Dentro SLA;;;;5;2;;24;1013;false;46e39be7-ea7f-4ab3-9952-39dddc0c108c
05437537000137;AUTO GERAL AUTOPECAS LTDA;229258;1363210223;GIY1B04;2 eixos, rodagem simples;2 eixos, rodagem simples;1172923315;08/05/2024;10:19:21;01/01/2000;00:00:00;;08/05/2024;10:20:11;CONCESSIONARIA DE RODOVIAS DO OESTE DE SAO PAULO VIAOESTE S.A;SP 280, 74.0, LESTE, ITU - SP;15,2;Debito;Passagem Dentro SLA;;;;143;115;;286;1012;false;6b9005ad-99bf-4fda-8144-fede472c1145
05437537000137;AUTO GERAL AUTOPECAS LTDA;229258;1368116933;FYX6I43;2 eixos rodagem simples;2 eixos rodagem simples;1182838201;08/05/2024;08:35:03;;;;08/05/2024;08:35:47;CONCESSIONARIA DE RODOVIAS DO OESTE DE SAO PAULO VIAOESTE S.A;SP 075, 12.5, SUL, ITU - SP;8,6;Debito;Passagem Dentro SLA;;;;154;112;ARTESP;286;1012;true;19ac467b-7943-4e43-965b-da0138bbec67
05437537000137;AUTO GERAL AUTOPECAS LTDA;229258;1364200803;DWH6543;2 eixos rodagem simples;2 eixos rodagem simples;1129701211;08/05/2024;07:36:33;;;;08/05/2024;07:36:44;RODOVIAS DAS COLINAS S.A;SP 300, 137.722, OESTE, PORTO FELIZ - SP;9,9;Debito;Passagem Dentro SLA;;;;5;9;ARTESP;24;1013;true;3ec12458-acd3-46ae-906b-8e20af08909e
05437537000137;AUTO GERAL AUTOPECAS LTDA;229258;1362693223;DWH6543;2 eixos, rodagem simples;2 eixos, rodagem simples;1129701211;07/05/2024;18:34:41;01/01/2000;00:00:00;;07/05/2024;18:34:59;RODOVIAS DAS COLINAS S.A;SP 300, 137.722, OESTE, PORTO FELIZ - SP;9,9;Debito;Passagem Dentro SLA;;;;5;2;;24;1013;false;0dfdbb2e-9696-452f-a0aa-25f03ede20f6
05437537000137;AUTO GERAL AUTOPECAS LTDA;229258;1362619883;PXD7G42;2 eixos, rodagem simples;2 eixos, rodagem simples;2167066407;07/05/2024;17:34:34;01/01/2000;00:00:00;;07/05/2024;17:34:55;RODOVIAS DAS COLINAS S.A;SP 300, 137.722, OESTE, PORTO FELIZ - SP;9,9;Debito;Passagem Dentro SLA;;;;5;2;;24;1013;false;43e301c4-900a-43c6-9aba-9c11cb15b3ce
05437537000137;AUTO GERAL AUTOPECAS LTDA;229258;1362514513;DFJ9195;2 eixos, rodagem simples;2 eixos, rodagem simples;2199910708;07/05/2024;16:12:03;01/01/2000;00:00:00;;07/05/2024;16:12:49;CONCESSIONARIA DE RODOVIAS DO OESTE DE SAO PAULO VIAOESTE S.A;SP 075, 12.5, SUL, ITU - SP;8,6;Debito;Passagem Dentro SLA;;;;154;111;;286;1012;false;665d984f-f6ac-47eb-85f7-30074275f1bf
05437537000137;AUTO GERAL AUTOPECAS LTDA;229258;1362468308;FYX6I43;2 eixos, rodagem simples;2 eixos, rodagem simples;1182838201;07/05/2024;15:13:18;01/01/2000;00:00:00;;07/05/2024;15:14:42;CONCESSIONARIA DE RODOVIAS DO OESTE DE SAO PAULO VIAOESTE S.A;SP 075, 12.5, SUL, ITU - SP;8,6;Debito;Passagem Dentro SLA;;;;154;112;;286;1012;false;6647a208-faee-4593-bccf-e8bcac06dad1
05437537000137;AUTO GERAL AUTOPECAS LTDA;229258;1362372977;PXD7G42;2 eixos, rodagem simples;2 eixos, rodagem simples;2167066407;07/05/2024;13:42:35;01/01/2000;00:00:00;;07/05/2024;13:42:49;RODOVIAS DAS COLINAS S.A;SP 300, 137.722, OESTE, PORTO FELIZ - SP;9,9;Debito;Passagem Dentro SLA;;;;5;2;;24;1013;false;dca82b0e-a108-4a58-92ca-d7ad2d991d20
05437537000137;AUTO GERAL AUTOPECAS LTDA;229258;1362244132;FYX6I43;2 eixos, rodagem simples;2 eixos, rodagem simples;1182838201;07/05/2024;11:19:12;01/01/2000;00:00:00;;07/05/2024;11:19:54;CONCESSIONARIA DE RODOVIAS DO OESTE DE SAO PAULO VIAOESTE S.A;SP 075, 12.5, SUL, ITU - SP;8,6;Debito;Passagem Dentro SLA;;;;154;112;;286;1012;false;eaede6ac-fce0-468f-87cd-896e4b880ed7
05437537000137;AUTO GERAL AUTOPECAS LTDA;229258;1362213926;PXD7G42;2 eixos, rodagem simples;2 eixos, rodagem simples;2167066407;07/05/2024;10:43:49;01/01/2000;00:00:00;;07/05/2024;10:44:01;RODOVIAS DAS COLINAS S.A;SP 300, 137.722, OESTE, PORTO FELIZ - SP;9,9;Debito;Passagem Dentro SLA;;;;5;2;;24;1013;false;07a24b62-b23c-4e6c-b108-c50523664cae
05437537000137;AUTO GERAL AUTOPECAS LTDA;229258;1366351448;FYX6I43;2 eixos, rodagem simples;2 eixos, rodagem simples;1182838201;07/05/2024;08:18:47;01/01/2000;00:00:00;;07/05/2024;08:19:32;CONCESSIONARIA DE RODOVIAS DO OESTE DE SAO PAULO VIAOESTE S.A;SP 075, 12.5, SUL, ITU - SP;8,6;Debito;Passagem Dentro SLA;;;;154;112;;286;1012;false;6e352b37-2673-4817-a81f-1fb945027f67
05437537000137;AUTO GERAL AUTOPECAS LTDA;229258;1363391062;DWH6543;2 eixos rodagem simples;2 eixos rodagem simples;1129701211;07/05/2024;07:38:03;;;;07/05/2024;07:38:11;RODOVIAS DAS COLINAS S.A;SP 300, 137.722, OESTE, PORTO FELIZ - SP;9,9;Debito;Passagem Dentro SLA;;;;5;9;ARTESP;24;1013;true;8b48c01e-e03b-438d-9cd5-044e7c8fd49a
05437537000137;AUTO GERAL AUTOPECAS LTDA;229258;1361714144;DWH6543;2 eixos, rodagem simples;2 eixos, rodagem simples;1129701211;06/05/2024;18:22:12;01/01/2000;00:00:00;;06/05/2024;18:22:29;RODOVIAS DAS COLINAS S.A;SP 300, 137.722, OESTE, PORTO FELIZ - SP;9,9;Debito;Passagem Dentro SLA;;;;5;2;;24;1013;false;018d23ef-ffab-40c2-ad03-c5d9e3bb80dd
05437537000137;AUTO GERAL AUTOPECAS LTDA;229258;1361657384;PXD7G42;2 eixos, rodagem simples;2 eixos, rodagem simples;2167066407;06/05/2024;17:34:49;01/01/2000;00:00:00;;06/05/2024;17:34:55;RODOVIAS DAS COLINAS S.A;SP 300, 137.722, OESTE, PORTO FELIZ - SP;9,9;Debito;Passagem Dentro SLA;;;;5;2;;24;1013;false;bd5b48bc-a8fd-4753-b213-94adcfa8ab8f
05437537000137;AUTO GERAL AUTOPECAS LTDA;229258;1361641442;DFJ9195;2 eixos, rodagem simples;2 eixos, rodagem simples;2199910708;06/05/2024;17:20:11;01/01/2000;00:00:00;;06/05/2024;17:21:28;CONCESSIONARIA DE RODOVIAS DO OESTE DE SAO PAULO VIAOESTE S.A;SP 075, 12.5, SUL, ITU - SP;8,6;Debito;Passagem Dentro SLA;;;;154;111;;286;1012;false;715fb2b5-1ba9-4549-a5dc-134431ce69d5
05437537000137;AUTO GERAL AUTOPECAS LTDA;229258;1361518941;FYX6I43;2 eixos, rodagem simples;2 eixos, rodagem simples;1182838201;06/05/2024;15:20:18;01/01/2000;00:00:00;;06/05/2024;15:21:01;CONCESSIONARIA DE RODOVIAS DO OESTE DE SAO PAULO VIAOESTE S.A;SP 075, 12.5, SUL, ITU - SP;8,6;Debito;Passagem Dentro SLA;;;;154;112;;286;1012;false;7c2ba69f-8b78-4c40-acba-87811304659c
05437537000137;AUTO GERAL AUTOPECAS LTDA;229258;1361441538;PXD7G42;2 eixos, rodagem simples;2 eixos, rodagem simples;2167066407;06/05/2024;13:51:07;01/01/2000;00:00:00;;06/05/2024;13:51:17;RODOVIAS DAS COLINAS S.A;SP 300, 137.722, OESTE, PORTO FELIZ - SP;9,9;Debito;Passagem Dentro SLA;;;;5;2;;24;1013;false;35153776-2cd9-437f-bd87-bd83f08d3c51
05437537000137;AUTO GERAL AUTOPECAS LTDA;229258;1361104933;FYX6I43;2 eixos, rodagem simples;2 eixos, rodagem simples;1182838201;06/05/2024;11:17:11;01/01/2000;00:00:00;;06/05/2024;11:18:26;CONCESSIONARIA DE RODOVIAS DO OESTE DE SAO PAULO VIAOESTE S.A;SP 075, 12.5, SUL, ITU - SP;8,6;Debito;Passagem Dentro SLA;;;;154;112;;286;1012;false;144704a8-c16c-4225-968c-50b09b2ef67e
05437537000137;AUTO GERAL AUTOPECAS LTDA;229258;1361096583;GIA7B06;2 eixos, rodagem simples;2 eixos, rodagem simples;2132631068;06/05/2024;11:08:51;01/01/2000;00:00:00;;06/05/2024;11:09:31;CONCESSIONARIA DE RODOVIAS DO OESTE DE SAO PAULO VIAOESTE S.A;SP 075, 12.5, SUL, ITU - SP;8,6;Debito;Passagem Dentro SLA;;;;154;101;;286;1012;false;39a85230-9ab1-4dfb-ac92-f1bd6aaec34d
05437537000137;AUTO GERAL AUTOPECAS LTDA;229258;1361088536;FEA0472;2 eixos, rodagem simples;2 eixos, rodagem simples;1168495145;06/05/2024;10:58:02;01/01/2000;00:00:00;;06/05/2024;10:58:11;RODOVIAS DAS COLINAS S.A;SP 300, 137.722, OESTE, PORTO FELIZ - SP;9,9;Debito;Passagem Dentro SLA;;;;5;2;;24;1013;false;81e298cd-0d46-4616-a1fc-d84ba0922cc4
05437537000137;AUTO GERAL AUTOPECAS LTDA;229258;1361063478;GIA7B06;2 eixos, rodagem simples;2 eixos, rodagem simples;2132631068;06/05/2024;10:26:13;01/01/2000;00:00:00;;06/05/2024;10:27:00;CONCESSIONARIA DE RODOVIAS DO OESTE DE SAO PAULO VIAOESTE S.A;SP 280, 74.0, LESTE, ITU - SP;15,2;Debito;Passagem Dentro SLA;;;;143;115;;286;1012;false;878901b0-e532-406e-ba2b-160619f12c8e
05437537000137;AUTO GERAL AUTOPECAS LTDA;229258;1361046580;GCE5996;2 eixos, rodagem simples;2 eixos, rodagem simples;1176611978;06/05/2024;10:11:34;01/01/2000;00:00:00;;06/05/2024;10:11:49;RODOVIAS DAS COLINAS S.A;SP 300, 76.3, LESTE, ITUPEVA - SP;9,5;Debito;Passagem Dentro SLA;;;;3;10;;24;1013;false;3493ba13-c6e6-4364-8bf3-2b4524c21677
05437537000137;AUTO GERAL AUTOPECAS LTDA;229258;1360995477;FEA0472;2 eixos, rodagem simples;2 eixos, rodagem simples;1168495145;06/05/2024;09:13:51;01/01/2000;00:00:00;;06/05/2024;09:14:03;RODOVIAS DAS COLINAS S.A;SP 280, 111.3, LESTE, BOITUVA - SP;12,4;Debito;Passagem Dentro SLA;;;;2;16;;24;1013;false;20b2aafe-98a9-41f3-a189-a5c4e8cce575
05437537000137;AUTO GERAL AUTOPECAS LTDA;229258;1360972565;GCE5996;2 eixos, rodagem simples;2 eixos, rodagem simples;1176611978;06/05/2024;08:50:52;01/01/2000;00:00:00;;06/05/2024;08:51:01;RODOVIAS DAS COLINAS S.A;SP 300, 76.3, LESTE, ITUPEVA - SP;9,5;Debito;Passagem Dentro SLA;;;;3;3;;24;1013;false;f40b06fc-326c-4cba-aedb-b9dfc5027220
05437537000137;AUTO GERAL AUTOPECAS LTDA;229258;1360947523;FYX6I43;2 eixos, rodagem simples;2 eixos, rodagem simples;1182838201;06/05/2024;08:26:34;01/01/2000;00:00:00;;06/05/2024;08:27:50;CONCESSIONARIA DE RODOVIAS DO OESTE DE SAO PAULO VIAOESTE S.A;SP 075, 12.5, SUL, ITU - SP;8,6;Debito;Passagem Dentro SLA;;;;154;112;;286;1012;false;58b70b70-6a63-4088-b8ab-71df3e6c15f7
05437537000137;AUTO GERAL AUTOPECAS LTDA;229258;1360896342;DWH6543;2 eixos, rodagem simples;2 eixos, rodagem simples;1129701211;06/05/2024;07:38:07;01/01/2000;00:00:00;;06/05/2024;07:38:19;RODOVIAS DAS COLINAS S.A;SP 300, 137.722, OESTE, PORTO FELIZ - SP;9,9;Debito;Passagem Dentro SLA;;;;5;9;;24;1013;false;219b8aae-2ad1-4410-8173-a6ae30b56520
05437537000137;AUTO GERAL AUTOPECAS LTDA;229258;1362034232;FLL4673;2 eixos rodagem simples;2 eixos rodagem simples;1156734683;06/05/2024;07:36:58;;;;06/05/2024;07:37:14;RODOVIAS DAS COLINAS S.A;SP 300, 137.722, OESTE, PORTO FELIZ - SP;9,9;Debito;Passagem Dentro SLA;;;;5;9;ARTESP;24;1013;true;df79df5e-6bd9-4bf2-ad8d-779b4b33d554
05437537000137;AUTO GERAL AUTOPECAS LTDA;229258;1360894094;QUA2G54;2 eixos, rodagem simples;2 eixos, rodagem simples;1131434587;06/05/2024;07:35:21;01/01/2000;00:00:00;;06/05/2024;07:36:03;CONCESSIONARIA DE RODOVIAS DO OESTE DE SAO PAULO VIAOESTE S.A;SP 075, 12.5, SUL, ITU - SP;8,6;Debito;Passagem Dentro SLA;;;;154;111;;286;1012;false;8d259374-42df-4d82-a434-c0cc82973e62
05437537000137;AUTO GERAL AUTOPECAS LTDA;229258;1361231380;;Sem categoria/categoria desconhecida;;;04/05/2024;21:00:00;04/05/2024;21:00:00;;05/05/2024;01:19:48;;Referente a 05/2024;437,8;Debito;Mensalidade Pre-Paga;;;;;;;;;;acd87fed-9541-411b-9499-c98f608953b7
05437537000137;AUTO GERAL AUTOPECAS LTDA;229258;1358966742;DWH6543;2 eixos, rodagem simples;2 eixos, rodagem simples;1129701211;04/05/2024;12:30:59;01/01/2000;00:00:00;;04/05/2024;12:31:18;RODOVIAS DAS COLINAS S.A;SP 300, 137.722, OESTE, PORTO FELIZ - SP;9,9;Debito;Passagem Dentro SLA;;;;5;2;;24;1013;false;ad13590b-5387-497d-8679-6ba6df1a7208
05437537000137;AUTO GERAL AUTOPECAS LTDA;229258;1358955947;FLL4673;2 eixos, rodagem simples;2 eixos, rodagem simples;1156734683;04/05/2024;12:19:08;01/01/2000;00:00:00;;04/05/2024;12:19:14;RODOVIAS DAS COLINAS S.A;SP 300, 137.722, OESTE, PORTO FELIZ - SP;9,9;Debito;Passagem Dentro SLA;;;;5;2;;24;1013;false;5a36e92f-a05f-4820-9d8e-700867d0cd66
05437537000137;AUTO GERAL AUTOPECAS LTDA;229258;1358569714;FLL4673;2 eixos, rodagem simples;2 eixos, rodagem simples;1156734683;04/05/2024;07:31:30;01/01/2000;00:00:00;;04/05/2024;07:31:45;RODOVIAS DAS COLINAS S.A;SP 300, 137.722, OESTE, PORTO FELIZ - SP;9,9;Debito;Passagem Dentro SLA;;;;5;9;;24;1013;false;dc2e0bd1-8fa4-4e4a-b605-671e65325535
05437537000137;AUTO GERAL AUTOPECAS LTDA;229258;1358563132;DWH6543;2 eixos, rodagem simples;2 eixos, rodagem simples;1129701211;04/05/2024;07:21:34;01/01/2000;00:00:00;;04/05/2024;07:21:54;RODOVIAS DAS COLINAS S.A;SP 300, 137.722, OESTE, PORTO FELIZ - SP;9,9;Debito;Passagem Dentro SLA;;;;5;9;;24;1013;false;cc3338a9-e209-445a-9064-b3a831a46373
05437537000137;AUTO GERAL AUTOPECAS LTDA;229258;1358177461;FLL4673;2 eixos, rodagem simples;2 eixos, rodagem simples;1156734683;03/05/2024;18:20:59;01/01/2000;00:00:00;;03/05/2024;18:21:17;RODOVIAS DAS COLINAS S.A;SP 300, 137.722, OESTE, PORTO FELIZ - SP;9,9;Debito;Passagem Dentro SLA;;;;5;2;;24;1013;false;453f2b5a-bc4f-41be-bee9-25774525b02b
05437537000137;AUTO GERAL AUTOPECAS LTDA;229258;1358175464;DWH6543;2 eixos, rodagem simples;2 eixos, rodagem simples;1129701211;03/05/2024;18:19:25;01/01/2000;00:00:00;;03/05/2024;18:19:31;RODOVIAS DAS COLINAS S.A;SP 280, 111.3, LESTE, BOITUVA - SP;12,4;Debito;Passagem Dentro SLA;;;;2;3;;24;1013;false;ee6cd7bd-ceb7-47dd-a81f-ab655516af23
05437537000137;AUTO GERAL AUTOPECAS LTDA;229258;1358107366;PXD7G42;2 eixos, rodagem simples;2 eixos, rodagem simples;2167066407;03/05/2024;17:28:12;01/01/2000;00:00:00;;03/05/2024;17:28:17;RODOVIAS DAS COLINAS S.A;SP 300, 137.722, OESTE, PORTO FELIZ - SP;9,9;Debito;Passagem Dentro SLA;;;;5;2;;24;1013;false;2acd1509-ad70-4c83-81f3-ec30b6ef47ad
05437537000137;AUTO GERAL AUTOPECAS LTDA;229258;1357961063;GIA7B06;2 eixos, rodagem simples;2 eixos, rodagem simples;2132631068;03/05/2024;15:36:01;01/01/2000;00:00:00;;03/05/2024;15:36:36;CONCESSIONARIA DE RODOVIAS DO OESTE DE SAO PAULO VIAOESTE S.A;SP 075, 12.5, SUL, ITU - SP;8,6;Debito;Passagem Dentro SLA;;;;154;112;;286;1012;false;735faaf3-54ed-439d-9dbe-056770352957
05437537000137;AUTO GERAL AUTOPECAS LTDA;229258;1357824747;PXD7G42;2 eixos, rodagem simples;2 eixos, rodagem simples;2167066407;03/05/2024;13:41:27;01/01/2000;00:00:00;;03/05/2024;13:41:38;RODOVIAS DAS COLINAS S.A;SP 300, 137.722, OESTE, PORTO FELIZ - SP;9,9;Debito;Passagem Dentro SLA;;;;5;2;;24;1013;false;0d1d00d7-c31b-4f97-9c7e-ee1a8a191d32
05437537000137;AUTO GERAL AUTOPECAS LTDA;229258;1357697962;GIA7B06;2 eixos, rodagem simples;2 eixos, rodagem simples;2132631068;03/05/2024;11:31:26;01/01/2000;00:00:00;;03/05/2024;11:32:32;CONCESSIONARIA DE RODOVIAS DO OESTE DE SAO PAULO VIAOESTE S.A;SP 075, 12.5, SUL, ITU - SP;8,6;Debito;Passagem Dentro SLA;;;;154;112;;286;1012;false;4af865a4-5a58-4198-a84a-b0ea10920df7
05437537000137;AUTO GERAL AUTOPECAS LTDA;229258;1357653866;PXD7G42;2 eixos, rodagem simples;2 eixos, rodagem simples;2167066407;03/05/2024;10:45:18;01/01/2000;00:00:00;;03/05/2024;10:45:39;RODOVIAS DAS COLINAS S.A;SP 300, 137.722, OESTE, PORTO FELIZ - SP;9,9;Debito;Passagem Dentro SLA;;;;5;2;;24;1013;false;56f30cae-fb12-4554-8c98-cfcc1b39cba6
05437537000137;AUTO GERAL AUTOPECAS LTDA;229258;1357522133;GIA7B06;2 eixos, rodagem simples;2 eixos, rodagem simples;2132631068;03/05/2024;08:29:35;01/01/2000;00:00:00;;03/05/2024;08:30:10;CONCESSIONARIA DE RODOVIAS DO OESTE DE SAO PAULO VIAOESTE S.A;SP 075, 12.5, SUL, ITU - SP;8,6;Debito;Passagem Dentro SLA;;;;154;112;;286;1012;false;b7d874c9-0cee-4ed8-8b43-9811ff8caced
05437537000137;AUTO GERAL AUTOPECAS LTDA;229258;1358635424;DWH6543;2 eixos rodagem simples;2 eixos rodagem simples;1129701211;03/05/2024;07:37:53;;;;03/05/2024;07:38:16;RODOVIAS DAS COLINAS S.A;SP 300, 137.722, OESTE, PORTO FELIZ - SP;9,9;Debito;Passagem Dentro SLA;;;;5;9;ARTESP;24;1013;true;00f8570a-9d2d-45d7-a98f-72f63ffd207b
05437537000137;AUTO GERAL AUTOPECAS LTDA;229258;1357460405;QUA2G54;2 eixos, rodagem simples;2 eixos, rodagem simples;1131434587;03/05/2024;07:27:15;01/01/2000;00:00:00;;03/05/2024;07:27:50;CONCESSIONARIA DE RODOVIAS DO OESTE DE SAO PAULO VIAOESTE S.A;SP 075, 12.5, SUL, ITU - SP;8,6;Debito;Passagem Dentro SLA;;;;154;112;;286;1012;false;6324c8e3-d09a-48a0-8dc2-c6c24174cc21
05437537000137;AUTO GERAL AUTOPECAS LTDA;229258;1356959390;DFJ9195;2 eixos, rodagem simples;2 eixos, rodagem simples;2199910708;02/05/2024;17:01:08;01/01/2000;00:00:00;;02/05/2024;17:02:14;CONCESSIONARIA DE RODOVIAS DO OESTE DE SAO PAULO VIAOESTE S.A;SP 075, 12.5, SUL, ITU - SP;8,6;Debito;Passagem Dentro SLA;;;;154;111;;286;1012;false;8145e79e-4734-4098-b670-d620a1dc65af
05437537000137;AUTO GERAL AUTOPECAS LTDA;229258;1356849197;GIA7B06;2 eixos, rodagem simples;2 eixos, rodagem simples;2132631068;02/05/2024;15:14:33;01/01/2000;00:00:00;;02/05/2024;15:15:34;CONCESSIONARIA DE RODOVIAS DO OESTE DE SAO PAULO VIAOESTE S.A;SP 075, 12.5, SUL, ITU - SP;8,6;Debito;Passagem Dentro SLA;;;;154;112;;286;1012;false;208e1de3-0913-441a-b5c6-b2768e18857a
05437537000137;AUTO GERAL AUTOPECAS LTDA;229258;1356836424;GIY1B04;2 eixos, rodagem simples;2 eixos, rodagem simples;1172923315;02/05/2024;15:01:12;01/01/2000;00:00:00;;02/05/2024;15:02:18;CONCESSIONARIA DE RODOVIAS DO OESTE DE SAO PAULO VIAOESTE S.A;SP 280, 74.0, LESTE, ITU - SP;15,2;Debito;Passagem Dentro SLA;;;;143;115;;286;1012;false;e16a954e-2aed-4085-90a5-e160c248f9c0
05437537000137;AUTO GERAL AUTOPECAS LTDA;229258;1356770138;PXD7G42;2 eixos, rodagem simples;2 eixos, rodagem simples;2167066407;02/05/2024;13:47:55;01/01/2000;00:00:00;;02/05/2024;13:48:19;RODOVIAS DAS COLINAS S.A;SP 300, 137.722, OESTE, PORTO FELIZ - SP;9,9;Debito;Passagem Dentro SLA;;;;5;2;;24;1013;false;975afc39-654a-4891-8eda-8b5708b82fec
05437537000137;AUTO GERAL AUTOPECAS LTDA;229258;1356706481;EIB4306;2 eixos, rodagem simples;2 eixos, rodagem simples;2121444395;02/05/2024;12:35:36;01/01/2000;00:00:00;;02/05/2024;12:35:48;RODOVIAS DAS COLINAS S.A;SP 300, 137.722, OESTE, PORTO FELIZ - SP;9,9;Debito;Passagem Dentro SLA;PLACA EIB4D06;;;5;2;;24;1013;false;cfce4dc1-0866-45c0-b07a-135603da9aae
05437537000137;AUTO GERAL AUTOPECAS LTDA;229258;1356884357;GIY1B04;2 eixos, rodagem simples;2 eixos, rodagem simples;1172923315;02/05/2024;11:54:24;01/01/2000;00:00:00;;02/05/2024;15:47:57;CONCESSIONARIA DE RODOVIAS DO OESTE DE SAO PAULO VIAOESTE S.A;SP 280, 74.0, LESTE, ITU - SP;15,2;Debito;Passagem Fora SLA;;;;143;115;;286;1012;false;49d0360f-1613-4599-bcb4-48826879d9c9
05437537000137;AUTO GERAL AUTOPECAS LTDA;229258;1356639148;GIA7B06;2 eixos, rodagem simples;2 eixos, rodagem simples;2132631068;02/05/2024;11:18:05;01/01/2000;00:00:00;;02/05/2024;11:19:06;CONCESSIONARIA DE RODOVIAS DO OESTE DE SAO PAULO VIAOESTE S.A;SP 075, 12.5, SUL, ITU - SP;8,6;Debito;Passagem Dentro SLA;;;;154;112;;286;1012;false;5a89c75c-eb52-420d-853a-0ffded5b4027
05437537000137;AUTO GERAL AUTOPECAS LTDA;229258;1356412499;PXD7G42;2 eixos, rodagem simples;2 eixos, rodagem simples;2167066407;02/05/2024;10:47:11;01/01/2000;00:00:00;;02/05/2024;10:47:30;RODOVIAS DAS COLINAS S.A;SP 300, 137.722, OESTE, PORTO FELIZ - SP;9,9;Debito;Passagem Dentro SLA;;;;5;2;;24;1013;false;82103989-2b0b-4433-b4a9-82a45e834e5a
05437537000137;AUTO GERAL AUTOPECAS LTDA;229258;1356301606;EIB4306;2 eixos, rodagem simples;2 eixos, rodagem simples;2121444395;02/05/2024;08:45:30;01/01/2000;00:00:00;;02/05/2024;08:45:48;RODOVIAS DAS COLINAS S.A;SP 280, 111.3, LESTE, BOITUVA - SP;12,4;Debito;Passagem Dentro SLA;PLACA EIB4D06;;;2;16;;24;1013;false;9619fbf9-31d2-4753-b712-3b390b22eaa7
05437537000137;AUTO GERAL AUTOPECAS LTDA;229258;1356287569;GIA7B06;2 eixos, rodagem simples;2 eixos, rodagem simples;2132631068;02/05/2024;08:29:51;01/01/2000;00:00:00;;02/05/2024;08:30:22;CONCESSIONARIA DE RODOVIAS DO OESTE DE SAO PAULO VIAOESTE S.A;SP 075, 12.5, SUL, ITU - SP;8,6;Debito;Passagem Dentro SLA;;;;154;112;;286;1012;false;2d572385-8722-4219-8b4b-1550969cbedf
05437537000137;AUTO GERAL AUTOPECAS LTDA;229258;1356230281;695623;;;;02/05/2024;07:31:00;01/01/2000;00:00:00;;02/05/2024;07:31:00;;Automatica-CARTAO_DE_CREDITO;1000;Credito;Recarga Automatica;;;;;;;;;;425763d6-5fd6-4705-9fd3-883e7200255d
05437537000137;AUTO GERAL AUTOPECAS LTDA;229258;1356229795;DWH6543;2 eixos, rodagem simples;2 eixos, rodagem simples;1129701211;02/05/2024;07:30:12;01/01/2000;00:00:00;;02/05/2024;07:30:20;RODOVIAS DAS COLINAS S.A;SP 300, 137.722, OESTE, PORTO FELIZ - SP;9,9;Debito;Passagem Dentro SLA;;;;5;9;;24;1013;false;580a6ead-8b3e-408e-a3f2-e4468015ebda
05437537000137;AUTO GERAL AUTOPECAS LTDA;229258;1356229842;QUA2G54;2 eixos, rodagem simples;2 eixos, rodagem simples;1131434587;02/05/2024;07:29:53;01/01/2000;00:00:00;;02/05/2024;07:30:55;CONCESSIONARIA DE RODOVIAS DO OESTE DE SAO PAULO VIAOESTE S.A;SP 075, 12.5, SUL, ITU - SP;8,6;Debito;Passagem Dentro SLA;;;;154;112;;286;1012;false;912bbb40-c8ef-4aec-a400-74437767da29