CPF/CNPJ;Razao Social;Conta;ID Transacao;Placa;Eixo Cadastrado;Eixo Cobrado;VeloeTag;Data de Utilizacao;Hora de Untrada;Data Fim de Utilizacao;Hora Fim de Utilizacao;Permanencia;Data de Processamento;Hora de Processamento;Nome do Estabelecimento;Endereco do Estabelecimento;Valor Cobrado;Tipo do Movimento;Tipo de Transacao;Informacao 1;Informacao 2;Informacao 3;Praca;Pista;Agencia;ID Concessionaria DTO;Concessionaria ID;Vale Pedagio;FastId
05437537000137;AUTO GERAL AUTOPECAS LTDA;229258;1466727352;FLL4673;2 eixos, rodagem simples;2 eixos, rodagem simples;1156734683;31/07/2024;18:47:51;01/01/2000;00:00:00;;31/07/2024;18:48:04;RODOVIAS DAS COLINAS S.A;SP 300, 137.722, OESTE, PORTO FELIZ - SP;10,3;Debito;Passagem Dentro SLA;;;;5;2;;24;1013;false;4d547326-2218-451f-8778-9b60f855dfae
05437537000137;AUTO GERAL AUTOPECAS LTDA;229258;1467347955;GIY1B04;2 eixos rodagem simples;2 eixos rodagem simples;1172923315;31/07/2024;18:11:00;;;;31/07/2024;18:11:29;CONCESSIONARIA DE RODOVIAS DO OESTE DE SAO PAULO VIAOESTE S.A;SP 075, 12.5, SUL, ITU - SP;9;Debito;Passagem Dentro SLA;;;;154;101;ARTESP;286;1012;true;8788f4cf-8ee7-440b-94e5-3f6bcea7cf44
05437537000137;AUTO GERAL AUTOPECAS LTDA;229258;1466633175;PXD7G42;2 eixos, rodagem simples;2 eixos, rodagem simples;2167066407;31/07/2024;17:17:41;01/01/2000;00:00:00;;31/07/2024;17:17:50;RODOVIAS DAS COLINAS S.A;SP 300, 137.722, OESTE, PORTO FELIZ - SP;10,3;Debito;Passagem Dentro SLA;;;;5;2;;24;1013;false;6103affc-e659-4765-8c2c-f18f217f3319
05437537000137;AUTO GERAL AUTOPECAS LTDA;229258;1467295887;GIA7B06;2 eixos rodagem simples;2 eixos rodagem simples;2132631068;31/07/2024;15:17:45;;;;31/07/2024;15:18:13;CONCESSIONARIA DE RODOVIAS DO OESTE DE SAO PAULO VIAOESTE S.A;SP 075, 12.5, SUL, ITU - SP;9;Debito;Passagem Dentro SLA;;;;154;112;ARTESP;286;1012;true;1f648cd6-a1fd-4fb4-9ab6-05789fd7dd80
05437537000137;AUTO GERAL AUTOPECAS LTDA;229258;1467278233;PXD7G42;2 eixos rodagem simples;2 eixos rodagem simples;2167066407;31/07/2024;13:47:45;;;;31/07/2024;13:47:49;RODOVIAS DAS COLINAS S.A;SP 300, 137.722, OESTE, PORTO FELIZ - SP;10,3;Debito;Passagem Dentro SLA;;;;5;2;ARTESP;24;1013;true;5e2c9861-e887-4129-bdaf-8feb9fbc33ea
05437537000137;AUTO GERAL AUTOPECAS LTDA;229258;1467231792;GIA7B06;2 eixos rodagem simples;2 eixos rodagem simples;2132631068;31/07/2024;11:14:43;;;;31/07/2024;11:15:11;CONCESSIONARIA DE RODOVIAS DO OESTE DE SAO PAULO VIAOESTE S.A;SP 075, 12.5, SUL, ITU - SP;9;Debito;Passagem Dentro SLA;;;;154;112;ARTESP;286;1012;true;fbe1d9e0-c022-4475-a39d-782161c3d897
05437537000137;AUTO GERAL AUTOPECAS LTDA;229258;1466294793;PXD7G42;2 eixos, rodagem simples;2 eixos, rodagem simples;2167066407;31/07/2024;10:51:51;01/01/2000;00:00:00;;31/07/2024;10:52:11;RODOVIAS DAS COLINAS S.A;SP 300, 137.722, OESTE, PORTO FELIZ - SP;10,3;Debito;Passagem Dentro SLA;;;;5;2;;24;1013;false;f0e38e45-8d02-45b5-975a-1a76b46a00e0
05437537000137;AUTO GERAL AUTOPECAS LTDA;229258;1466279424;GIY1B04;2 eixos, rodagem simples;2 eixos, rodagem simples;1172923315;31/07/2024;10:25:06;01/01/2000;00:00:00;;31/07/2024;10:25:19;CONCESSIONARIA DE RODOVIAS DO OESTE DE SAO PAULO VIAOESTE S.A;SP 280, 74.0, LESTE, ITU - SP;15,8;Debito;Passagem Dentro SLA;;;;143;115;;286;1012;false;e10f8d63-685e-4aaa-8d7a-a968fe74c82b
05437537000137;AUTO GERAL AUTOPECAS LTDA;229258;1466146546;GIA7B06;2 eixos, rodagem simples;2 eixos, rodagem simples;2132631068;31/07/2024;08:05:12;01/01/2000;00:00:00;;31/07/2024;08:05:42;CONCESSIONARIA DE RODOVIAS DO OESTE DE SAO PAULO VIAOESTE S.A;SP 075, 12.5, SUL, ITU - SP;9;Debito;Passagem Dentro SLA;;;;154;112;;286;1012;false;4a894a90-3d8e-49ac-b997-fb5e77d84a1c
05437537000137;AUTO GERAL AUTOPECAS LTDA;229258;1466124612;FLL4673;2 eixos, rodagem simples;2 eixos, rodagem simples;1156734683;31/07/2024;07:42:08;01/01/2000;00:00:00;;31/07/2024;07:42:33;RODOVIAS DAS COLINAS S.A;SP 300, 137.722, OESTE, PORTO FELIZ - SP;10,3;Debito;Passagem Dentro SLA;;;;5;9;;24;1013;false;53cc51ef-7042-48dd-95d3-fedca471fde9
05437537000137;AUTO GERAL AUTOPECAS LTDA;229258;1467179395;QUA2G54;2 eixos rodagem simples;2 eixos rodagem simples;1131434587;31/07/2024;07:22:38;;;;31/07/2024;07:23:07;CONCESSIONARIA DE RODOVIAS DO OESTE DE SAO PAULO VIAOESTE S.A;SP 075, 12.5, SUL, ITU - SP;9;Debito;Passagem Dentro SLA;;;;154;112;ARTESP;286;1012;true;c6f44c36-3b51-4abe-a2eb-7d34e956c5b8
05437537000137;AUTO GERAL AUTOPECAS LTDA;229258;1465507528;GIY1B04;2 eixos, rodagem simples;2 eixos, rodagem simples;1172923315;30/07/2024;18:27:35;01/01/2000;00:00:00;;30/07/2024;18:27:59;CONCESSIONARIA DE RODOVIAS DO OESTE DE SAO PAULO VIAOESTE S.A;SP 075, 12.5, SUL, ITU - SP;9;Debito;Passagem Dentro SLA;;;;154;112;;286;1012;false;79ec851a-08d3-47d2-b040-feecc469f27a
05437537000137;AUTO GERAL AUTOPECAS LTDA;229258;1465503272;FLL4673;2 eixos, rodagem simples;2 eixos, rodagem simples;1156734683;30/07/2024;18:23:08;01/01/2000;00:00:00;;30/07/2024;18:23:23;RODOVIAS DAS COLINAS S.A;SP 300, 137.722, OESTE, PORTO FELIZ - SP;10,3;Debito;Passagem Dentro SLA;;;;5;2;;24;1013;false;542c7e48-fa10-457b-9f21-79ef5b7b2678
05437537000137;AUTO GERAL AUTOPECAS LTDA;229258;1465468923;BQU4D69;2 eixos, rodagem simples;2 eixos, rodagem simples;1130525385;30/07/2024;17:50:11;01/01/2000;00:00:00;;30/07/2024;17:51:57;RODOVIAS DAS COLINAS S.A;SP 300, 137.722, OESTE, PORTO FELIZ - SP;10,3;Debito;Passagem Dentro SLA;;;;5;2;;24;1013;false;0ced816d-af85-4287-911d-6b333557acd4
05437537000137;AUTO GERAL AUTOPECAS LTDA;229258;1465431449;PXD7G42;2 eixos, rodagem simples;2 eixos, rodagem simples;2167066407;30/07/2024;17:17:47;01/01/2000;00:00:00;;30/07/2024;17:18:10;RODOVIAS DAS COLINAS S.A;SP 300, 137.722, OESTE, PORTO FELIZ - SP;10,3;Debito;Passagem Dentro SLA;;;;5;2;;24;1013;false;b37121f7-d7e5-421d-bd6f-51f3706e5a8b
05437537000137;AUTO GERAL AUTOPECAS LTDA;229258;1465293686;GIA7B06;2 eixos, rodagem simples;2 eixos, rodagem simples;2132631068;30/07/2024;15:12:38;01/01/2000;00:00:00;;30/07/2024;15:13:04;CONCESSIONARIA DE RODOVIAS DO OESTE DE SAO PAULO VIAOESTE S.A;SP 075, 12.5, SUL, ITU - SP;9;Debito;Passagem Dentro SLA;;;;154;111;;286;1012;false;64059d5f-4d76-4d86-9256-e5f1cc252e76
05437537000137;AUTO GERAL AUTOPECAS LTDA;229258;1465285834;396334;;;;30/07/2024;15:05:11;01/01/2000;00:00:00;;30/07/2024;15:05:11;;Automatica-CARTAO_DE_CREDITO;1000;Credito;Recarga Automatica;;;;;;;;;;c8ee3694-0861-4eff-879a-bce80cf0101a
05437537000137;AUTO GERAL AUTOPECAS LTDA;229258;1465285416;GIY1B04;2 eixos, rodagem simples;2 eixos, rodagem simples;1172923315;30/07/2024;15:04:19;01/01/2000;00:00:00;;30/07/2024;15:04:30;CONCESSIONARIA DE RODOVIAS DO OESTE DE SAO PAULO VIAOESTE S.A;SP 280, 74.0, LESTE, ITU - SP;15,8;Debito;Passagem Dentro SLA;;;;143;115;;286;1012;false;9eebc269-18b5-46cf-bebe-3db7b40ac79a
05437537000137;AUTO GERAL AUTOPECAS LTDA;229258;1465219369;PXD7G42;2 eixos, rodagem simples;2 eixos, rodagem simples;2167066407;30/07/2024;13:56:06;01/01/2000;00:00:00;;30/07/2024;13:56:21;RODOVIAS DAS COLINAS S.A;SP 300, 137.722, OESTE, PORTO FELIZ - SP;10,3;Debito;Passagem Dentro SLA;;;;5;2;;24;1013;false;a6b9a599-ed8e-465a-b845-ad7ab2d3e420
05437537000137;AUTO GERAL AUTOPECAS LTDA;229258;1465081244;GIA7B06;2 eixos, rodagem simples;2 eixos, rodagem simples;2132631068;30/07/2024;11:20:49;01/01/2000;00:00:00;;30/07/2024;11:21:12;CONCESSIONARIA DE RODOVIAS DO OESTE DE SAO PAULO VIAOESTE S.A;SP 075, 12.5, SUL, ITU - SP;9;Debito;Passagem Dentro SLA;;;;154;111;;286;1012;false;c8a4647b-b657-41a2-8e98-f6d7de2c4aca
05437537000137;AUTO GERAL AUTOPECAS LTDA;229258;1465925053;PXD7G42;2 eixos rodagem simples;2 eixos rodagem simples;2167066407;30/07/2024;10:51:21;;;;30/07/2024;11:01:29;RODOVIAS DAS COLINAS S.A;SP 300, 137.722, OESTE, PORTO FELIZ - SP;10,3;Debito;Passagem Fora SLA;;;;5;2;ARTESP;24;1013;true;3c0fc827-0478-4f7b-a3e2-ad0eba4593bb
05437537000137;AUTO GERAL AUTOPECAS LTDA;229258;1465053586;FLL4673;2 eixos, rodagem simples;2 eixos, rodagem simples;1156734683;30/07/2024;10:43:54;01/01/2000;00:00:00;;30/07/2024;10:44:11;CONCESSIONARIA RODOVIAS DO TIETE S.A;SP 300 - RODOVIA MARECHAL RONDON, 192.1, LESTE, CONCHAS - SP;9,2;Debito;Passagem Dentro SLA;;;;3001;7;;3;1021;false;1bcddd78-a7b1-42f5-afaf-f242f04dd99b
05437537000137;AUTO GERAL AUTOPECAS LTDA;229258;1465917141;FLL4673;2 eixos rodagem simples;2 eixos rodagem simples;1156734683;30/07/2024;10:28:02;;;;30/07/2024;10:28:10;CONCESSIONARIA RODOVIAS DO TIETE S.A;SP 300 - RODOVIA MARECHAL RONDON, 192.1, OESTE, CONCHAS - SP;9,2;Debito;Passagem Dentro SLA;;;;3002;2;ARTESP;3;1021;true;1c4edf2b-c8c8-4f63-b141-c52d16b183ef
05437537000137;AUTO GERAL AUTOPECAS LTDA;229258;1465019083;GIY1B04;2 eixos, rodagem simples;2 eixos, rodagem simples;1172923315;30/07/2024;10:06:02;01/01/2000;00:00:00;;30/07/2024;10:06:16;CONCESSIONARIA DE RODOVIAS DO OESTE DE SAO PAULO VIAOESTE S.A;SP 280, 74.0, LESTE, ITU - SP;15,8;Debito;Passagem Dentro SLA;;;;143;115;;286;1012;false;ebf896c4-88cf-48c2-9124-efa4eaa9a7ae
05437537000137;AUTO GERAL AUTOPECAS LTDA;229258;1464920033;GIA7B06;2 eixos, rodagem simples;2 eixos, rodagem simples;2132631068;30/07/2024;08:03:25;01/01/2000;00:00:00;;30/07/2024;08:03:52;CONCESSIONARIA DE RODOVIAS DO OESTE DE SAO PAULO VIAOESTE S.A;SP 075, 12.5, SUL, ITU - SP;9;Debito;Passagem Dentro SLA;;;;154;112;;286;1012;false;af793f50-6bba-4330-8e28-f05430877f9d
05437537000137;AUTO GERAL AUTOPECAS LTDA;229258;1464895150;FLL4673;2 eixos, rodagem simples;2 eixos, rodagem simples;1156734683;30/07/2024;07:38:01;01/01/2000;00:00:00;;30/07/2024;07:38:13;RODOVIAS DAS COLINAS S.A;SP 300, 137.722, OESTE, PORTO FELIZ - SP;10,3;Debito;Passagem Dentro SLA;;;;5;9;;24;1013;false;f3e55d03-e4c3-4756-915c-8b8f9358530b
05437537000137;AUTO GERAL AUTOPECAS LTDA;229258;1464887903;DWH6543;2 eixos, rodagem simples;2 eixos, rodagem simples;1129701211;30/07/2024;07:29:44;01/01/2000;00:00:00;;30/07/2024;07:30:01;RODOVIAS DAS COLINAS S.A;SP 300, 137.722, OESTE, PORTO FELIZ - SP;10,3;Debito;Passagem Dentro SLA;;;;5;9;;24;1013;false;c66e3348-075d-419d-8b4b-9bb8e0abb06a
05437537000137;AUTO GERAL AUTOPECAS LTDA;229258;1464341670;FLL4673;2 eixos, rodagem simples;2 eixos, rodagem simples;1156734683;29/07/2024;18:25:01;01/01/2000;00:00:00;;29/07/2024;18:25:19;RODOVIAS DAS COLINAS S.A;SP 300, 137.722, OESTE, PORTO FELIZ - SP;10,3;Debito;Passagem Dentro SLA;;;;5;2;;24;1013;false;bb0fbaef-11ec-4db4-af3f-077140e917c0
05437537000137;AUTO GERAL AUTOPECAS LTDA;229258;1464813112;PXD7G42;2 eixos rodagem simples;2 eixos rodagem simples;2167066407;29/07/2024;17:13:15;;;;29/07/2024;17:13:21;RODOVIAS DAS COLINAS S.A;SP 300, 137.722, OESTE, PORTO FELIZ - SP;10,3;Debito;Passagem Dentro SLA;;;;5;2;ARTESP;24;1013;true;50e77053-e064-4e84-a159-139d55075d77
05437537000137;AUTO GERAL AUTOPECAS LTDA;229258;1464174395;FLL4673;2 eixos, rodagem simples;2 eixos, rodagem simples;1156734683;29/07/2024;15:55:01;01/01/2000;00:00:00;;29/07/2024;15:55:05;CONCESSIONARIA RODOVIAS DO TIETE S.A;SP 300 - RODOVIA MARECHAL RONDON, 192.1, LESTE, CONCHAS - SP;9,2;Debito;Passagem Dentro SLA;;;;3001;7;;3;1021;false;1abf2ee9-9066-4bc9-bc3a-5e4cd6d29e41
05437537000137;AUTO GERAL AUTOPECAS LTDA;229258;1464157156;FLL4673;2 eixos, rodagem simples;2 eixos, rodagem simples;1156734683;29/07/2024;15:34:50;01/01/2000;00:00:00;;29/07/2024;15:35:11;CONCESSIONARIA RODOVIAS DO TIETE S.A;SP 300 - RODOVIA MARECHAL RONDON, 192.1, OESTE, CONCHAS - SP;9,2;Debito;Passagem Dentro SLA;;;;3002;2;;3;1021;false;44f41318-e94a-4c52-8070-028a5e8783ad
05437537000137;AUTO GERAL AUTOPECAS LTDA;229258;1464152212;PWS9889;2 eixos, rodagem simples;2 eixos, rodagem simples;2139267956;29/07/2024;15:30:46;01/01/2000;00:00:00;;29/07/2024;15:30:49;CONCESSIONARIA DE RODOVIAS DO OESTE DE SAO PAULO VIAOESTE S.A;SP 270, 111.0, LESTE, ARACOIABA DA SERRA - SP;5,3;Debito;Passagem Dentro SLA;;;;183;102;;286;1012;false;168521e8-9340-4411-ad65-06a15d835e38
05437537000137;AUTO GERAL AUTOPECAS LTDA;229258;1464137122;GIA7B06;2 eixos, rodagem simples;2 eixos, rodagem simples;2132631068;29/07/2024;15:18:23;01/01/2000;00:00:00;;29/07/2024;15:18:45;CONCESSIONARIA DE RODOVIAS DO OESTE DE SAO PAULO VIAOESTE S.A;SP 075, 12.5, SUL, ITU - SP;9;Debito;Passagem Dentro SLA;;;;154;112;;286;1012;false;defe4174-c9db-4d18-9b57-54f655e432ed
05437537000137;AUTO GERAL AUTOPECAS LTDA;229258;1464129715;PWS9889;2 eixos, rodagem simples;2 eixos, rodagem simples;2139267956;29/07/2024;15:09:53;01/01/2000;00:00:00;;29/07/2024;15:11:55;CONCESSIONARIA DE RODOVIAS DO OESTE DE SAO PAULO VIAOESTE S.A;SP 270, 111.0, OESTE, ARACOIABA DA SERRA - SP;5,3;Debito;Passagem Fora SLA;;;;184;102;;286;1012;false;d4a5cc6e-c8bb-4024-bf1e-76636718a35d
05437537000137;AUTO GERAL AUTOPECAS LTDA;229258;1464041974;PXD7G42;2 eixos, rodagem simples;2 eixos, rodagem simples;2167066407;29/07/2024;13:50:06;01/01/2000;00:00:00;;29/07/2024;13:50:26;RODOVIAS DAS COLINAS S.A;SP 300, 137.722, OESTE, PORTO FELIZ - SP;10,3;Debito;Passagem Dentro SLA;;;;5;2;;24;1013;false;e12e61a7-1ad3-48a0-9cea-1dca1507994c
05437537000137;AUTO GERAL AUTOPECAS LTDA;229258;1463965225;ERF3783;2 eixos, rodagem simples;2 eixos, rodagem simples;2130205569;29/07/2024;12:26:09;01/01/2000;00:00:00;;29/07/2024;12:28:17;CONCESSIONARIA DE RODOVIAS DO OESTE DE SAO PAULO VIAOESTE S.A;SP 280, 74.0, LESTE, ITU - SP;15,8;Debito;Passagem Fora SLA;;;;143;101;;286;1012;false;c77b49f0-299b-4f38-a129-44b5301b2460
05437537000137;AUTO GERAL AUTOPECAS LTDA;229258;1464753339;GIA7B06;2 eixos rodagem simples;2 eixos rodagem simples;2132631068;29/07/2024;11:18:10;;;;29/07/2024;11:18:31;CONCESSIONARIA DE RODOVIAS DO OESTE DE SAO PAULO VIAOESTE S.A;SP 075, 12.5, SUL, ITU - SP;9;Debito;Passagem Dentro SLA;;;;154;112;ARTESP;286;1012;true;3441b490-2ccf-482e-8c5f-92ed44a520b7
05437537000137;AUTO GERAL AUTOPECAS LTDA;229258;1463857797;PXD7G42;2 eixos, rodagem simples;2 eixos, rodagem simples;2167066407;29/07/2024;10:45:50;01/01/2000;00:00:00;;29/07/2024;10:45:57;RODOVIAS DAS COLINAS S.A;SP 300, 137.722, OESTE, PORTO FELIZ - SP;10,3;Debito;Passagem Dentro SLA;;;;5;2;;24;1013;false;f1aaa591-fbd3-4564-91c3-04379f40d651
05437537000137;AUTO GERAL AUTOPECAS LTDA;229258;1464740422;DWH6543;2 eixos rodagem simples;2 eixos rodagem simples;1129701211;29/07/2024;09:56:41;;;;29/07/2024;09:56:52;RODOVIAS DAS COLINAS S.A;SP 300, 137.722, OESTE, PORTO FELIZ - SP;10,3;Debito;Passagem Dentro SLA;;;;5;2;ARTESP;24;1013;true;25c634e4-dc8b-4bd6-bc60-d3cf0dd663bc
05437537000137;AUTO GERAL AUTOPECAS LTDA;229258;1463698572;DWH6543;2 eixos, rodagem simples;2 eixos, rodagem simples;1129701211;29/07/2024;08:20:31;01/01/2000;00:00:00;;29/07/2024;08:20:36;RODOVIAS DAS COLINAS S.A;SP 300, 137.722, OESTE, PORTO FELIZ - SP;10,3;Debito;Passagem Dentro SLA;;;;5;9;;24;1013;false;260616b0-6c3e-4663-848a-6ff62ba6092b
05437537000137;AUTO GERAL AUTOPECAS LTDA;229258;1463559346;GIA7B06;2 eixos, rodagem simples;2 eixos, rodagem simples;2132631068;29/07/2024;08:12:08;01/01/2000;00:00:00;;29/07/2024;08:12:31;CONCESSIONARIA DE RODOVIAS DO OESTE DE SAO PAULO VIAOESTE S.A;SP 075, 12.5, SUL, ITU - SP;9;Debito;Passagem Dentro SLA;;;;154;112;;286;1012;false;0159025c-8891-4630-8287-41269f18bc4c
05437537000137;AUTO GERAL AUTOPECAS LTDA;229258;1463518049;FLL4673;2 eixos, rodagem simples;2 eixos, rodagem simples;1156734683;29/07/2024;07:34:13;01/01/2000;00:00:00;;29/07/2024;07:34:36;RODOVIAS DAS COLINAS S.A;SP 300, 137.722, OESTE, PORTO FELIZ - SP;10,3;Debito;Passagem Dentro SLA;;;;5;9;;24;1013;false;d3a41847-c610-43fa-805e-281cc731c177
05437537000137;AUTO GERAL AUTOPECAS LTDA;229258;1461381336;DWH6543;2 eixos, rodagem simples;2 eixos, rodagem simples;1129701211;27/07/2024;12:29:09;01/01/2000;00:00:00;;27/07/2024;12:29:23;RODOVIAS DAS COLINAS S.A;SP 300, 137.722, OESTE, PORTO FELIZ - SP;10,3;Debito;Passagem Dentro SLA;;;;5;2;;24;1013;false;28c7ec63-ea45-4f13-a39c-a9654f038213
05437537000137;AUTO GERAL AUTOPECAS LTDA;229258;1462206785;DWH6543;2 eixos rodagem simples;2 eixos rodagem simples;1129701211;27/07/2024;07:26:24;;;;27/07/2024;07:26:42;RODOVIAS DAS COLINAS S.A;SP 300, 137.722, OESTE, PORTO FELIZ - SP;10,3;Debito;Passagem Dentro SLA;;;;5;9;ARTESP;24;1013;true;abf310d5-502c-4965-b897-a9752357a5ac
05437537000137;AUTO GERAL AUTOPECAS LTDA;229258;1461088894;QUA2G54;2 eixos, rodagem simples;2 eixos, rodagem simples;1131434587;27/07/2024;07:24:19;01/01/2000;00:00:00;;27/07/2024;07:24:37;CONCESSIONARIA DE RODOVIAS DO OESTE DE SAO PAULO VIAOESTE S.A;SP 075, 12.5, SUL, ITU - SP;9;Debito;Passagem Dentro SLA;;;;154;112;;286;1012;false;3e84560b-d5cb-4e38-ac03-c317def4f1d4
05437537000137;AUTO GERAL AUTOPECAS LTDA;229258;1460337765;FLL4673;2 eixos, rodagem simples;2 eixos, rodagem simples;1156734683;26/07/2024;18:24:16;01/01/2000;00:00:00;;26/07/2024;18:24:33;RODOVIAS DAS COLINAS S.A;SP 300, 137.722, OESTE, PORTO FELIZ - SP;10,3;Debito;Passagem Dentro SLA;;;;5;2;;24;1013;false;84e15528-19bf-44c9-bbcb-4d00396919ef
05437537000137;AUTO GERAL AUTOPECAS LTDA;229258;1460964965;PXD7G42;2 eixos rodagem simples;2 eixos rodagem simples;2167066407;26/07/2024;17:34:26;;;;26/07/2024;17:34:37;RODOVIAS DAS COLINAS S.A;SP 300, 137.722, OESTE, PORTO FELIZ - SP;10,3;Debito;Passagem Dentro SLA;;;;5;2;ARTESP;24;1013;true;c31de0d3-2a1c-4b6d-893d-7b55bd26e98d
05437537000137;AUTO GERAL AUTOPECAS LTDA;229258;1460093741;GIA7B06;2 eixos, rodagem simples;2 eixos, rodagem simples;2132631068;26/07/2024;15:19:09;01/01/2000;00:00:00;;26/07/2024;15:19:25;CONCESSIONARIA DE RODOVIAS DO OESTE DE SAO PAULO VIAOESTE S.A;SP 075, 12.5, SUL, ITU - SP;9;Debito;Passagem Dentro SLA;;;;154;112;;286;1012;false;3c21c112-c604-4e41-91b0-afb6ffb0f715
05437537000137;AUTO GERAL AUTOPECAS LTDA;229258;1460063520;GFB8C62;2 eixos, rodagem simples;2 eixos, rodagem simples;2172222668;26/07/2024;14:53:48;01/01/2000;00:00:00;;26/07/2024;14:54:50;RODOVIAS INTEGRADAS DO OESTE S.A;SP 127, 128.9, NORTE, TATUI - SP;15;Debito;Passagem Dentro SLA;;;;163;102;;305;1020;false;f0bf36ca-59f7-408e-8c05-6261bbc404c9
05437537000137;AUTO GERAL AUTOPECAS LTDA;229258;1459995785;GFB8C62;2 eixos, rodagem simples;2 eixos, rodagem simples;2172222668;26/07/2024;14:02:29;01/01/2000;00:00:00;;26/07/2024;14:03:06;RODOVIAS INTEGRADAS DO OESTE S.A;SP 127, 133.9, SUL, ITAPETININGA - SP;15;Debito;Passagem Dentro SLA;;;;174;103;;305;1020;false;8af27d76-8536-4742-866c-9df4f77f673e
05437537000137;AUTO GERAL AUTOPECAS LTDA;229258;1459983676;PXD7G42;2 eixos, rodagem simples;2 eixos, rodagem simples;2167066407;26/07/2024;13:53:03;01/01/2000;00:00:00;;26/07/2024;13:53:14;RODOVIAS DAS COLINAS S.A;SP 300, 137.722, OESTE, PORTO FELIZ - SP;10,3;Debito;Passagem Dentro SLA;;;;5;2;;24;1013;false;039360f4-9e89-4a02-88d8-c13bd30701c2
05437537000137;AUTO GERAL AUTOPECAS LTDA;229258;1459835959;GIY1B04;2 eixos, rodagem simples;2 eixos, rodagem simples;1172923315;26/07/2024;11:26:53;01/01/2000;00:00:00;;26/07/2024;11:26:59;CONCESSIONARIA DE RODOVIAS DO OESTE DE SAO PAULO VIAOESTE S.A;SP 280, 74.0, LESTE, ITU - SP;15,8;Debito;Passagem Dentro SLA;;;;143;102;;286;1012;false;760bb424-5595-4ee5-aa9c-70d34b6afcbc
05437537000137;AUTO GERAL AUTOPECAS LTDA;229258;1459825594;GIA7B06;2 eixos, rodagem simples;2 eixos, rodagem simples;2132631068;26/07/2024;11:16:39;01/01/2000;00:00:00;;26/07/2024;11:16:56;CONCESSIONARIA DE RODOVIAS DO OESTE DE SAO PAULO VIAOESTE S.A;SP 075, 12.5, SUL, ITU - SP;9;Debito;Passagem Dentro SLA;;;;154;112;;286;1012;false;6ea07477-592b-4c93-8e24-72e5fb84200d
05437537000137;AUTO GERAL AUTOPECAS LTDA;229258;1459796763;PXD7G42;2 eixos, rodagem simples;2 eixos, rodagem simples;2167066407;26/07/2024;10:53:06;01/01/2000;00:00:00;;26/07/2024;10:53:16;RODOVIAS DAS COLINAS S.A;SP 300, 137.722, OESTE, PORTO FELIZ - SP;10,3;Debito;Passagem Dentro SLA;;;;5;2;;24;1013;false;8def7f2e-c224-4d36-a9fc-fb29626a554e
05437537000137;AUTO GERAL AUTOPECAS LTDA;229258;1459678219;PXD7G42;2 eixos, rodagem simples;2 eixos, rodagem simples;2167066407;26/07/2024;08:59:55;01/01/2000;00:00:00;;26/07/2024;09:00:16;RODOVIAS DAS COLINAS S.A;SP 280, 110.4, OESTE, BOITUVA - SP;12,9;Debito;Passagem Dentro SLA;;;;7;4;;24;1013;false;5e2d1884-bdcc-4068-8627-84ac66c10c3d
05437537000137;AUTO GERAL AUTOPECAS LTDA;229258;1459628684;GIA7B06;2 eixos, rodagem simples;2 eixos, rodagem simples;2132631068;26/07/2024;08:07:45;01/01/2000;00:00:00;;26/07/2024;08:08:01;CONCESSIONARIA DE RODOVIAS DO OESTE DE SAO PAULO VIAOESTE S.A;SP 075, 12.5, SUL, ITU - SP;9;Debito;Passagem Dentro SLA;;;;154;112;;286;1012;false;5f65dadb-2d97-42d9-ba55-d25b39a102ec
05437537000137;AUTO GERAL AUTOPECAS LTDA;229258;1459600355;FLL4673;2 eixos, rodagem simples;2 eixos, rodagem simples;1156734683;26/07/2024;07:37:51;01/01/2000;00:00:00;;26/07/2024;07:37:56;RODOVIAS DAS COLINAS S.A;SP 300, 137.722, OESTE, PORTO FELIZ - SP;10,3;Debito;Passagem Dentro SLA;;;;5;9;;24;1013;false;06a92bda-9a4b-45e5-8ceb-53c0fb5c6573
05437537000137;AUTO GERAL AUTOPECAS LTDA;229258;1459596862;QUA2G54;2 eixos, rodagem simples;2 eixos, rodagem simples;1131434587;26/07/2024;07:32:07;01/01/2000;00:00:00;;26/07/2024;07:34:18;CONCESSIONARIA DE RODOVIAS DO OESTE DE SAO PAULO VIAOESTE S.A;SP 075, 12.5, SUL, ITU - SP;9;Debito;Passagem Fora SLA;;;;154;112;;286;1012;false;a1e3129c-cfee-4971-a0c4-d732111cff5c
05437537000137;AUTO GERAL AUTOPECAS LTDA;229258;1459012210;DWH6543;2 eixos, rodagem simples;2 eixos, rodagem simples;1129701211;25/07/2024;21:15:38;01/01/2000;00:00:00;;25/07/2024;21:15:56;RODOVIAS DAS COLINAS S.A;SP 300, 137.722, OESTE, PORTO FELIZ - SP;10,3;Debito;Passagem Dentro SLA;;;;5;2;;24;1013;false;87585376-071e-407f-943b-d757968f57c8
05437537000137;AUTO GERAL AUTOPECAS LTDA;229258;1459433951;FLL4673;2 eixos rodagem simples;2 eixos rodagem simples;1156734683;25/07/2024;18:22:41;;;;25/07/2024;18:22:55;RODOVIAS DAS COLINAS S.A;SP 300, 137.722, OESTE, PORTO FELIZ - SP;10,3;Debito;Passagem Dentro SLA;;;;5;2;ARTESP;24;1013;true;974506ec-7997-479a-be5c-97b6b816bdc0
05437537000137;AUTO GERAL AUTOPECAS LTDA;229258;1459398959;PXD7G42;2 eixos rodagem simples;2 eixos rodagem simples;2167066407;25/07/2024;17:36:27;;;;25/07/2024;17:36:33;RODOVIAS DAS COLINAS S.A;SP 300, 137.722, OESTE, PORTO FELIZ - SP;10,3;Debito;Passagem Dentro SLA;;;;5;2;ARTESP;24;1013;true;aa9eac8e-bb4c-4d94-b702-fbbfdabe0804
05437537000137;AUTO GERAL AUTOPECAS LTDA;229258;1458986301;GIA7B06;2 eixos, rodagem simples;2 eixos, rodagem simples;2132631068;25/07/2024;15:19:53;01/01/2000;00:00:00;;25/07/2024;20:21:52;CONCESSIONARIA DE RODOVIAS DO OESTE DE SAO PAULO VIAOESTE S.A;SP 075, 12.5, SUL, ITU - SP;9;Debito;Passagem Fora SLA;;;;154;111;;286;1012;false;11c0a185-2360-4428-8a5a-72c7e07eccb6
05437537000137;AUTO GERAL AUTOPECAS LTDA;229258;1458593562;PXD7G42;2 eixos, rodagem simples;2 eixos, rodagem simples;2167066407;25/07/2024;13:53:24;01/01/2000;00:00:00;;25/07/2024;13:53:42;RODOVIAS DAS COLINAS S.A;SP 300, 137.722, OESTE, PORTO FELIZ - SP;10,3;Debito;Passagem Dentro SLA;;;;5;2;;24;1013;false;ca2bf423-4ae4-4457-9a9d-f2d1e4b9444c
05437537000137;AUTO GERAL AUTOPECAS LTDA;229258;1458472517;GIY1B04;2 eixos, rodagem simples;2 eixos, rodagem simples;1172923315;25/07/2024;11:57:51;01/01/2000;00:00:00;;25/07/2024;12:00:45;CONCESSIONARIA DE RODOVIAS DO OESTE DE SAO PAULO VIAOESTE S.A;SP 280, 74.0, LESTE, ITU - SP;15,8;Debito;Passagem Fora SLA;;;;143;115;;286;1012;false;35f8b4f2-d6f5-424d-adfe-0e6f20fad379
05437537000137;AUTO GERAL AUTOPECAS LTDA;229258;1458430667;GIA7B06;2 eixos, rodagem simples;2 eixos, rodagem simples;2132631068;25/07/2024;11:17:24;01/01/2000;00:00:00;;25/07/2024;11:17:36;CONCESSIONARIA DE RODOVIAS DO OESTE DE SAO PAULO VIAOESTE S.A;SP 075, 12.5, SUL, ITU - SP;9;Debito;Passagem Dentro SLA;;;;154;111;;286;1012;false;39c5cbaa-c4a1-4d34-93a7-3ba5706d7d33
05437537000137;AUTO GERAL AUTOPECAS LTDA;229258;1459309001;PXD7G42;2 eixos rodagem simples;2 eixos rodagem simples;2167066407;25/07/2024;10:54:12;;;;25/07/2024;10:54:18;RODOVIAS DAS COLINAS S.A;SP 300, 137.722, OESTE, PORTO FELIZ - SP;10,3;Debito;Passagem Dentro SLA;;;;5;2;ARTESP;24;1013;true;2b1648c9-32b9-4359-846b-80b0c1b57d85
05437537000137;AUTO GERAL AUTOPECAS LTDA;229258;1458219847;GIA7B06;2 eixos, rodagem simples;2 eixos, rodagem simples;2132631068;25/07/2024;08:05:23;01/01/2000;00:00:00;;25/07/2024;08:06:16;CONCESSIONARIA DE RODOVIAS DO OESTE DE SAO PAULO VIAOESTE S.A;SP 075, 12.5, SUL, ITU - SP;9;Debito;Passagem Dentro SLA;;;;154;112;;286;1012;false;9487e630-aa38-488f-b722-d0d308f2d643
05437537000137;AUTO GERAL AUTOPECAS LTDA;229258;1458200267;FLL4673;2 eixos, rodagem simples;2 eixos, rodagem simples;1156734683;25/07/2024;07:36:09;01/01/2000;00:00:00;;25/07/2024;07:44:18;RODOVIAS DAS COLINAS S.A;SP 300, 137.722, OESTE, PORTO FELIZ - SP;10,3;Debito;Passagem Fora SLA;;;;5;9;;24;1013;false;0c46f159-3d1f-4de2-819d-f9102bb62247
05437537000137;AUTO GERAL AUTOPECAS LTDA;229258;1458185872;BQU4D69;2 eixos, rodagem simples;2 eixos, rodagem simples;1130525385;25/07/2024;07:28:17;01/01/2000;00:00:00;;25/07/2024;07:30:29;RODOVIAS DAS COLINAS S.A;SP 300, 137.722, OESTE, PORTO FELIZ - SP;10,3;Debito;Passagem Fora SLA;;;;5;9;;24;1013;false;cf116a00-9b42-453a-a197-812e9a99e266
05437537000137;AUTO GERAL AUTOPECAS LTDA;229258;1458182057;QUA2G54;2 eixos, rodagem simples;2 eixos, rodagem simples;1131434587;25/07/2024;07:27:36;01/01/2000;00:00:00;;25/07/2024;07:28:26;CONCESSIONARIA DE RODOVIAS DO OESTE DE SAO PAULO VIAOESTE S.A;SP 075, 12.5, SUL, ITU - SP;9;Debito;Passagem Dentro SLA;;;;154;112;;286;1012;false;f975fea6-c9f7-4c3a-8d66-19bc5a068693
05437537000137;AUTO GERAL AUTOPECAS LTDA;229258;1457611736;FLL4673;2 eixos, rodagem simples;2 eixos, rodagem simples;1156734683;24/07/2024;18:21:04;01/01/2000;00:00:00;;24/07/2024;18:21:15;RODOVIAS DAS COLINAS S.A;SP 300, 137.722, OESTE, PORTO FELIZ - SP;10,3;Debito;Passagem Dentro SLA;;;;5;2;;24;1013;false;8b2dbbe0-a2ee-4bf0-afef-89143f4874be
05437537000137;AUTO GERAL AUTOPECAS LTDA;229258;1457557576;PXD7G42;2 eixos, rodagem simples;2 eixos, rodagem simples;2167066407;24/07/2024;17:36:28;01/01/2000;00:00:00;;24/07/2024;17:36:36;RODOVIAS DAS COLINAS S.A;SP 300, 137.722, OESTE, PORTO FELIZ - SP;10,3;Debito;Passagem Dentro SLA;;;;5;2;;24;1013;false;9a3c38cf-85f9-4b86-bc9d-4a2dc30f45ad
05437537000137;AUTO GERAL AUTOPECAS LTDA;229258;1457528884;BQU4D69;2 eixos, rodagem simples;2 eixos, rodagem simples;1130525385;24/07/2024;17:14:10;01/01/2000;00:00:00;;24/07/2024;17:14:27;RODOVIAS DAS COLINAS S.A;SP 300, 137.722, OESTE, PORTO FELIZ - SP;10,3;Debito;Passagem Dentro SLA;;;;5;2;;24;1013;false;10cad0e0-6520-4e63-8765-1bde9988a36d
05437537000137;AUTO GERAL AUTOPECAS LTDA;229258;1457401356;BQU4D69;2 eixos, rodagem simples;2 eixos, rodagem simples;1130525385;24/07/2024;15:28:00;01/01/2000;00:00:00;;24/07/2024;15:29:04;RODOVIAS INTEGRADAS DO OESTE S.A;SP 127, 128.9, NORTE, TATUI - SP;15;Debito;Passagem Dentro SLA;;;;163;103;;305;1020;false;6e85da82-6bef-4913-8962-4e38b06c0041
05437537000137;AUTO GERAL AUTOPECAS LTDA;229258;1457389035;GIA7B06;2 eixos, rodagem simples;2 eixos, rodagem simples;2132631068;24/07/2024;15:17:45;01/01/2000;00:00:00;;24/07/2024;15:18:35;CONCESSIONARIA DE RODOVIAS DO OESTE DE SAO PAULO VIAOESTE S.A;SP 075, 12.5, SUL, ITU - SP;9;Debito;Passagem Dentro SLA;;;;154;112;;286;1012;false;021e4135-4fe4-40ad-ac1e-ec53e5bba4eb
05437537000137;AUTO GERAL AUTOPECAS LTDA;229258;1457352397;BQU4D69;2 eixos, rodagem simples;2 eixos, rodagem simples;1130525385;24/07/2024;14:43:28;01/01/2000;00:00:00;;24/07/2024;14:44:08;RODOVIAS INTEGRADAS DO OESTE S.A;SP 127, 133.9, SUL, ITAPETININGA - SP;15;Debito;Passagem Dentro SLA;;;;174;102;;305;1020;false;fca129ef-3f6e-4027-b78d-ae9985cbeb15
05437537000137;AUTO GERAL AUTOPECAS LTDA;229258;1457294314;PXD7G42;2 eixos, rodagem simples;2 eixos, rodagem simples;2167066407;24/07/2024;13:51:44;01/01/2000;00:00:00;;24/07/2024;13:52:09;RODOVIAS DAS COLINAS S.A;SP 300, 137.722, OESTE, PORTO FELIZ - SP;10,3;Debito;Passagem Dentro SLA;;;;5;2;;24;1013;false;62c411fc-9917-4316-ab0d-f7086dd77a7a
05437537000137;AUTO GERAL AUTOPECAS LTDA;229258;1458004822;BQU4D69;2 eixos rodagem simples;2 eixos rodagem simples;1130525385;24/07/2024;12:48:29;;;;24/07/2024;12:48:55;RODOVIAS DAS COLINAS S.A;SP 300, 137.722, OESTE, PORTO FELIZ - SP;10,3;Debito;Passagem Dentro SLA;;;;5;9;ARTESP;24;1013;true;f23f153e-379d-411a-8df0-c177d8076c19
05437537000137;AUTO GERAL AUTOPECAS LTDA;229258;1457214606;GFB8C62;2 eixos, rodagem simples;2 eixos, rodagem simples;2172222668;24/07/2024;12:30:29;01/01/2000;00:00:00;;24/07/2024;12:30:55;RODOVIAS INTEGRADAS DO OESTE S.A;SP 280, 158.3, OESTE, QUADRA - SP;18,3;Debito;Passagem Dentro SLA;;;;114;115;;305;1020;false;db45c6c2-066b-4c15-8902-b77a8ed08c8a
05437537000137;AUTO GERAL AUTOPECAS LTDA;229258;1457995036;GIA7B06;2 eixos rodagem simples;2 eixos rodagem simples;2132631068;24/07/2024;11:22:37;;;;24/07/2024;11:23:28;CONCESSIONARIA DE RODOVIAS DO OESTE DE SAO PAULO VIAOESTE S.A;SP 075, 12.5, SUL, ITU - SP;9;Debito;Passagem Dentro SLA;;;;154;112;ARTESP;286;1012;true;9bbe0af1-7957-4e39-b758-1da1f9d39131
05437537000137;AUTO GERAL AUTOPECAS LTDA;229258;1457116658;PXD7G42;2 eixos, rodagem simples;2 eixos, rodagem simples;2167066407;24/07/2024;10:53:33;01/01/2000;00:00:00;;24/07/2024;10:53:40;RODOVIAS DAS COLINAS S.A;SP 300, 137.722, OESTE, PORTO FELIZ - SP;10,3;Debito;Passagem Dentro SLA;;;;5;2;;24;1013;false;b5ce8587-4357-4b94-b607-e982f37cfc2d
05437537000137;AUTO GERAL AUTOPECAS LTDA;229258;1456945067;GIA7B06;2 eixos, rodagem simples;2 eixos, rodagem simples;2132631068;24/07/2024;08:00:38;01/01/2000;00:00:00;;24/07/2024;08:01:28;CONCESSIONARIA DE RODOVIAS DO OESTE DE SAO PAULO VIAOESTE S.A;SP 075, 12.5, SUL, ITU - SP;9;Debito;Passagem Dentro SLA;;;;154;111;;286;1012;false;13279ee8-0f3f-4c1a-b3ef-fd1716766384
05437537000137;AUTO GERAL AUTOPECAS LTDA;229258;1456589366;FLL4673;2 eixos, rodagem simples;2 eixos, rodagem simples;1156734683;24/07/2024;07:34:38;01/01/2000;00:00:00;;24/07/2024;07:35:00;RODOVIAS DAS COLINAS S.A;SP 300, 137.722, OESTE, PORTO FELIZ - SP;10,3;Debito;Passagem Dentro SLA;;;;5;9;;24;1013;false;02bba0aa-783c-45d6-94c0-9e371fa00bf1
05437537000137;AUTO GERAL AUTOPECAS LTDA;229258;1456581191;QUA2G54;2 eixos, rodagem simples;2 eixos, rodagem simples;1131434587;24/07/2024;07:24:00;01/01/2000;00:00:00;;24/07/2024;07:24:48;CONCESSIONARIA DE RODOVIAS DO OESTE DE SAO PAULO VIAOESTE S.A;SP 075, 12.5, SUL, ITU - SP;9;Debito;Passagem Dentro SLA;;;;154;111;;286;1012;false;becfdf9a-f5d4-410d-a573-b7b9422be7fa
05437537000137;AUTO GERAL AUTOPECAS LTDA;229258;1456796437;FLL4673;2 eixos rodagem simples;2 eixos rodagem simples;1156734683;23/07/2024;18:19:37;;;;23/07/2024;18:19:44;RODOVIAS DAS COLINAS S.A;SP 300, 137.722, OESTE, PORTO FELIZ - SP;10,3;Debito;Passagem Dentro SLA;;;;5;2;ARTESP;24;1013;true;f4664cbe-e75f-48ce-881a-4ef69f10bdd9
05437537000137;AUTO GERAL AUTOPECAS LTDA;229258;1456172950;PXD7G42;2 eixos, rodagem simples;2 eixos, rodagem simples;2167066407;23/07/2024;17:37:59;01/01/2000;00:00:00;;23/07/2024;17:38:22;RODOVIAS DAS COLINAS S.A;SP 300, 137.722, OESTE, PORTO FELIZ - SP;10,3;Debito;Passagem Dentro SLA;;;;5;2;;24;1013;false;b575132c-4698-441c-8e40-883df56446bd
05437537000137;AUTO GERAL AUTOPECAS LTDA;229258;1456066928;ERF3783;2 eixos, rodagem simples;2 eixos, rodagem simples;2130205569;23/07/2024;16:21:46;01/01/2000;00:00:00;;23/07/2024;16:22:38;CONCESSIONARIA DE RODOVIAS DO OESTE DE SAO PAULO VIAOESTE S.A;SP 280, 74.0, LESTE, ITU - SP;15,8;Debito;Passagem Dentro SLA;;;;143;115;;286;1012;false;90fc48b4-4798-404e-8c8d-7fbb01a2f123
05437537000137;AUTO GERAL AUTOPECAS LTDA;229258;1455994815;GIA7B06;2 eixos, rodagem simples;2 eixos, rodagem simples;2132631068;23/07/2024;15:16:56;01/01/2000;00:00:00;;23/07/2024;15:17:44;CONCESSIONARIA DE RODOVIAS DO OESTE DE SAO PAULO VIAOESTE S.A;SP 075, 12.5, SUL, ITU - SP;9;Debito;Passagem Dentro SLA;;;;154;112;;286;1012;false;5a4a364f-180f-4a63-86e2-2b0df466c321
05437537000137;AUTO GERAL AUTOPECAS LTDA;229258;1455974964;GIY1B04;2 eixos, rodagem simples;2 eixos, rodagem simples;1172923315;23/07/2024;14:56:15;01/01/2000;00:00:00;;23/07/2024;14:59:01;CONCESSIONARIA DE RODOVIAS DO OESTE DE SAO PAULO VIAOESTE S.A;SP 280, 74.0, LESTE, ITU - SP;15,8;Debito;Passagem Fora SLA;;;;143;101;;286;1012;false;cbc4ac2f-08d8-4244-95d7-08a815cdf495
05437537000137;AUTO GERAL AUTOPECAS LTDA;229258;1455904088;PXD7G42;2 eixos, rodagem simples;2 eixos, rodagem simples;2167066407;23/07/2024;13:55:07;01/01/2000;00:00:00;;23/07/2024;13:55:21;RODOVIAS DAS COLINAS S.A;SP 300, 137.722, OESTE, PORTO FELIZ - SP;10,3;Debito;Passagem Dentro SLA;;;;5;2;;24;1013;false;ad43835e-c710-423d-8d30-93176d735b7b
05437537000137;AUTO GERAL AUTOPECAS LTDA;229258;1455756216;GIA7B06;2 eixos, rodagem simples;2 eixos, rodagem simples;2132631068;23/07/2024;11:21:08;01/01/2000;00:00:00;;23/07/2024;11:21:54;CONCESSIONARIA DE RODOVIAS DO OESTE DE SAO PAULO VIAOESTE S.A;SP 075, 12.5, SUL, ITU - SP;9;Debito;Passagem Dentro SLA;;;;154;112;;286;1012;false;8c530d9d-2d61-47d1-825a-b3e2eff18ec5
05437537000137;AUTO GERAL AUTOPECAS LTDA;229258;1456727209;PXD7G42;2 eixos rodagem simples;2 eixos rodagem simples;2167066407;23/07/2024;10:49:13;;;;23/07/2024;10:49:23;RODOVIAS DAS COLINAS S.A;SP 300, 137.722, OESTE, PORTO FELIZ - SP;10,3;Debito;Passagem Dentro SLA;;;;5;2;ARTESP;24;1013;true;c2f8eb2d-34d4-4c2a-b11d-28bce07a398e
05437537000137;AUTO GERAL AUTOPECAS LTDA;229258;1455657054;GIA7B06;2 eixos, rodagem simples;2 eixos, rodagem simples;2132631068;23/07/2024;08:12:31;01/01/2000;00:00:00;;23/07/2024;08:15:14;CONCESSIONARIA DE RODOVIAS DO OESTE DE SAO PAULO VIAOESTE S.A;SP 075, 12.5, SUL, ITU - SP;9;Debito;Passagem Fora SLA;;;;154;111;;286;1012;false;1d6f883b-f79a-4d0b-9fc6-ab7c91eccc90
05437537000137;AUTO GERAL AUTOPECAS LTDA;229258;1455621516;FLL4673;2 eixos, rodagem simples;2 eixos, rodagem simples;1156734683;23/07/2024;07:39:00;01/01/2000;00:00:00;;23/07/2024;07:39:22;RODOVIAS DAS COLINAS S.A;SP 300, 137.722, OESTE, PORTO FELIZ - SP;10,3;Debito;Passagem Dentro SLA;;;;5;9;;24;1013;false;310bac4f-e662-47b7-8464-bf68797cb910
05437537000137;AUTO GERAL AUTOPECAS LTDA;229258;1455060329;FLL4673;2 eixos, rodagem simples;2 eixos, rodagem simples;1156734683;22/07/2024;18:20:59;01/01/2000;00:00:00;;22/07/2024;18:21:17;RODOVIAS DAS COLINAS S.A;SP 300, 137.722, OESTE, PORTO FELIZ - SP;10,3;Debito;Passagem Dentro SLA;;;;5;2;;24;1013;false;adb7c8fb-d6e2-4f02-8fe4-9ac61099c1a5
05437537000137;AUTO GERAL AUTOPECAS LTDA;229258;1454980125;PXD7G42;2 eixos, rodagem simples;2 eixos, rodagem simples;2167066407;22/07/2024;17:21:09;01/01/2000;00:00:00;;22/07/2024;17:21:25;RODOVIAS DAS COLINAS S.A;SP 300, 137.722, OESTE, PORTO FELIZ - SP;10,3;Debito;Passagem Dentro SLA;;;;5;2;;24;1013;false;279ef21e-7670-46a8-8f67-dac77c399c53
05437537000137;AUTO GERAL AUTOPECAS LTDA;229258;1454833345;FLL4673;2 eixos, rodagem simples;2 eixos, rodagem simples;1156734683;22/07/2024;15:33:34;01/01/2000;00:00:00;;22/07/2024;15:33:53;CONCESSIONARIA RODOVIAS DO TIETE S.A;SP 300 - RODOVIA MARECHAL RONDON, 192.1, LESTE, CONCHAS - SP;9,2;Debito;Passagem Dentro SLA;;;;3001;6;;3;1021;false;8a096c07-72d4-4d74-ac40-0e54c900bccf
05437537000137;AUTO GERAL AUTOPECAS LTDA;229258;1454808418;FLL4673;2 eixos, rodagem simples;2 eixos, rodagem simples;1156734683;22/07/2024;15:16:12;01/01/2000;00:00:00;;22/07/2024;15:17:13;CONCESSIONARIA RODOVIAS DO TIETE S.A;SP 300 - RODOVIA MARECHAL RONDON, 192.1, OESTE, CONCHAS - SP;9,2;Debito;Passagem Dentro SLA;;;;3002;2;;3;1021;false;4b1585a4-2075-41d2-830e-648a8769dce8
05437537000137;AUTO GERAL AUTOPECAS LTDA;229258;1454807929;GIA7B06;2 eixos, rodagem simples;2 eixos, rodagem simples;2132631068;22/07/2024;15:16:03;01/01/2000;00:00:00;;22/07/2024;15:16:46;CONCESSIONARIA DE RODOVIAS DO OESTE DE SAO PAULO VIAOESTE S.A;SP 075, 12.5, SUL, ITU - SP;9;Debito;Passagem Dentro SLA;;;;154;112;;286;1012;false;9e31a82b-4001-41c6-8536-cca5e2d8895a
05437537000137;AUTO GERAL AUTOPECAS LTDA;229258;1455367758;PXD7G42;2 eixos rodagem simples;2 eixos rodagem simples;2167066407;22/07/2024;13:58:32;;;;22/07/2024;13:58:40;RODOVIAS DAS COLINAS S.A;SP 300, 137.722, OESTE, PORTO FELIZ - SP;10,3;Debito;Passagem Dentro SLA;;;;5;2;ARTESP;24;1013;true;d19a0692-defe-4cf2-9dca-ef68fe623044
05437537000137;AUTO GERAL AUTOPECAS LTDA;229258;1454640744;BQU4D69;2 eixos, rodagem simples;2 eixos, rodagem simples;1130525385;22/07/2024;13:09:41;01/01/2000;00:00:00;;22/07/2024;13:09:58;RODOVIAS DAS COLINAS S.A;SP 300, 137.722, OESTE, PORTO FELIZ - SP;10,3;Debito;Passagem Dentro SLA;;;;5;2;;24;1013;false;a61734a0-ca79-4bbc-806f-b24936279aa3
05437537000137;AUTO GERAL AUTOPECAS LTDA;229258;1454570855;FLL4673;2 eixos, rodagem simples;2 eixos, rodagem simples;1156734683;22/07/2024;12:25:49;01/01/2000;00:00:00;;22/07/2024;12:26:10;RODOVIAS DAS COLINAS S.A;SP 300, 137.722, OESTE, PORTO FELIZ - SP;10,3;Debito;Passagem Dentro SLA;;;;5;9;;24;1013;false;300a3cc8-c2f4-4bb1-a5cf-8ed92359bd6d
05437537000137;AUTO GERAL AUTOPECAS LTDA;229258;1454489393;GIA7B06;2 eixos, rodagem simples;2 eixos, rodagem simples;2132631068;22/07/2024;11:14:06;01/01/2000;00:00:00;;22/07/2024;11:14:51;CONCESSIONARIA DE RODOVIAS DO OESTE DE SAO PAULO VIAOESTE S.A;SP 075, 12.5, SUL, ITU - SP;9;Debito;Passagem Dentro SLA;;;;154;112;;286;1012;false;c2dced83-cf4c-450c-ab31-d9f23dbc921a
05437537000137;AUTO GERAL AUTOPECAS LTDA;229258;1454456777;PXD7G42;2 eixos, rodagem simples;2 eixos, rodagem simples;2167066407;22/07/2024;10:48:28;01/01/2000;00:00:00;;22/07/2024;10:48:50;RODOVIAS DAS COLINAS S.A;SP 300, 137.722, OESTE, PORTO FELIZ - SP;10,3;Debito;Passagem Dentro SLA;;;;5;2;;24;1013;false;a274d8cc-d498-4a2c-93fb-f131bc9efb77
05437537000137;AUTO GERAL AUTOPECAS LTDA;229258;1454247851;GIA7B06;2 eixos, rodagem simples;2 eixos, rodagem simples;2132631068;22/07/2024;08:00:04;01/01/2000;00:00:00;;22/07/2024;08:00:49;CONCESSIONARIA DE RODOVIAS DO OESTE DE SAO PAULO VIAOESTE S.A;SP 075, 12.5, SUL, ITU - SP;9;Debito;Passagem Dentro SLA;;;;154;111;;286;1012;false;2d6cf8ef-eb38-4810-9cfd-bfca65b35874
05437537000137;AUTO GERAL AUTOPECAS LTDA;229258;1454196953;DWH6543;2 eixos, rodagem simples;2 eixos, rodagem simples;1129701211;22/07/2024;07:18:06;01/01/2000;00:00:00;;22/07/2024;07:18:30;RODOVIAS DAS COLINAS S.A;SP 300, 137.722, OESTE, PORTO FELIZ - SP;10,3;Debito;Passagem Dentro SLA;;;;5;9;;24;1013;false;1cd7f273-23df-476d-ad8b-8b340b969ad7
05437537000137;AUTO GERAL AUTOPECAS LTDA;229258;1452052027;FLL4673;2 eixos, rodagem simples;2 eixos, rodagem simples;1156734683;20/07/2024;12:21:46;01/01/2000;00:00:00;;20/07/2024;12:22:08;RODOVIAS DAS COLINAS S.A;SP 300, 137.722, OESTE, PORTO FELIZ - SP;10,3;Debito;Passagem Dentro SLA;;;;5;2;;24;1013;false;1cc99bfc-8168-4ac9-a75a-15942a9cedb5
05437537000137;AUTO GERAL AUTOPECAS LTDA;229258;1450867861;FLL4673;2 eixos, rodagem simples;2 eixos, rodagem simples;1156734683;20/07/2024;07:31:15;01/01/2000;00:00:00;;20/07/2024;07:31:32;RODOVIAS DAS COLINAS S.A;SP 300, 137.722, OESTE, PORTO FELIZ - SP;10,3;Debito;Passagem Dentro SLA;;;;5;9;;24;1013;false;e6766d7a-1edb-47c9-a7e4-372151a98f9d
05437537000137;AUTO GERAL AUTOPECAS LTDA;229258;1451500336;FLL4673;2 eixos rodagem simples;2 eixos rodagem simples;1156734683;19/07/2024;18:20:49;;;;19/07/2024;18:21:09;RODOVIAS DAS COLINAS S.A;SP 300, 137.722, OESTE, PORTO FELIZ - SP;10,3;Debito;Passagem Dentro SLA;;;;5;2;ARTESP;24;1013;true;9e1d0d9e-5c1b-4f30-8b0c-cd432d6fd5ac
05437537000137;AUTO GERAL AUTOPECAS LTDA;229258;1451402178;PXD7G42;2 eixos rodagem simples;2 eixos rodagem simples;2167066407;19/07/2024;17:15:41;;;;19/07/2024;17:15:52;RODOVIAS DAS COLINAS S.A;SP 300, 137.722, OESTE, PORTO FELIZ - SP;10,3;Debito;Passagem Dentro SLA;;;;5;2;ARTESP;24;1013;true;4e887f62-5573-44a6-a6a0-d44185c9c143
05437537000137;AUTO GERAL AUTOPECAS LTDA;229258;1451219396;GIA7B06;2 eixos rodagem simples;2 eixos rodagem simples;2132631068;19/07/2024;15:11:50;;;;19/07/2024;15:12:24;CONCESSIONARIA DE RODOVIAS DO OESTE DE SAO PAULO VIAOESTE S.A;SP 075, 12.5, SUL, ITU - SP;9;Debito;Passagem Dentro SLA;;;;154;112;ARTESP;286;1012;true;f4ad220c-ccd2-4059-ae08-5db16bc3657f
05437537000137;AUTO GERAL AUTOPECAS LTDA;229258;1451175969;GIY1B04;2 eixos rodagem simples;2 eixos rodagem simples;1172923315;19/07/2024;14:40:14;;;;19/07/2024;14:40:54;CONCESSIONARIA DE RODOVIAS DO OESTE DE SAO PAULO VIAOESTE S.A;SP 280, 74.0, LESTE, ITU - SP;15,8;Debito;Passagem Dentro SLA;;;;143;116;ARTESP;286;1012;true;5d32c148-414f-435b-ac73-9944a32fa704
05437537000137;AUTO GERAL AUTOPECAS LTDA;229258;1451108078;PXD7G42;2 eixos rodagem simples;2 eixos rodagem simples;2167066407;19/07/2024;13:49:45;;;;19/07/2024;13:49:49;RODOVIAS DAS COLINAS S.A;SP 300, 137.722, OESTE, PORTO FELIZ - SP;10,3;Debito;Passagem Dentro SLA;;;;5;2;ARTESP;24;1013;true;b5027c85-672b-4378-9395-824a5ee431f4
05437537000137;AUTO GERAL AUTOPECAS LTDA;229258;1450491612;534695;;;;19/07/2024;11:24:06;01/01/2000;00:00:00;;19/07/2024;11:24:06;;Automatica-CARTAO_DE_CREDITO;1000;Credito;Recarga Automatica;;;;;;;;;;d4231023-2815-42de-ba9f-1ff02064b019
05437537000137;AUTO GERAL AUTOPECAS LTDA;229258;1450493515;GIA7B06;2 eixos, rodagem simples;2 eixos, rodagem simples;2132631068;19/07/2024;11:20:52;01/01/2000;00:00:00;;19/07/2024;11:23:16;CONCESSIONARIA DE RODOVIAS DO OESTE DE SAO PAULO VIAOESTE S.A;SP 075, 12.5, SUL, ITU - SP;9;Debito;Passagem Fora SLA;;;;154;112;;286;1012;false;f3e0a168-363d-4d26-8d1c-7d31ef5a4fe8
05437537000137;AUTO GERAL AUTOPECAS LTDA;229258;1450440948;PXD7G42;2 eixos, rodagem simples;2 eixos, rodagem simples;2167066407;19/07/2024;10:45:34;01/01/2000;00:00:00;;19/07/2024;10:45:50;RODOVIAS DAS COLINAS S.A;SP 300, 137.722, OESTE, PORTO FELIZ - SP;10,3;Debito;Passagem Dentro SLA;;;;5;2;;24;1013;false;b82d54dc-6d2e-4ee0-bc2b-7f51b8418187
05437537000137;AUTO GERAL AUTOPECAS LTDA;229258;1449698206;GIY1B04;2 eixos, rodagem simples;2 eixos, rodagem simples;1172923315;19/07/2024;10:25:02;01/01/2000;00:00:00;;19/07/2024;10:27:35;CONCESSIONARIA DE RODOVIAS DO OESTE DE SAO PAULO VIAOESTE S.A;SP 280, 74.0, LESTE, ITU - SP;15,8;Debito;Passagem Fora SLA;;;;143;115;;286;1012;false;f03890d8-35c2-4539-8df0-d76923cac5b4
05437537000137;AUTO GERAL AUTOPECAS LTDA;229258;1449534407;GIA7B06;2 eixos, rodagem simples;2 eixos, rodagem simples;2132631068;19/07/2024;08:09:45;01/01/2000;00:00:00;;19/07/2024;08:10:20;CONCESSIONARIA DE RODOVIAS DO OESTE DE SAO PAULO VIAOESTE S.A;SP 075, 12.5, SUL, ITU - SP;9;Debito;Passagem Dentro SLA;;;;154;112;;286;1012;false;cd87361e-6a18-4b0a-ab9e-ad35ff1feb0b
05437537000137;AUTO GERAL AUTOPECAS LTDA;229258;1451069026;QUA2G54;2 eixos rodagem simples;2 eixos rodagem simples;1131434587;19/07/2024;07:35:48;;;;19/07/2024;07:36:20;CONCESSIONARIA DE RODOVIAS DO OESTE DE SAO PAULO VIAOESTE S.A;SP 075, 12.5, SUL, ITU - SP;9;Debito;Passagem Dentro SLA;;;;154;112;ARTESP;286;1012;true;515b0167-69f1-4261-b712-aadbeb02124b
05437537000137;AUTO GERAL AUTOPECAS LTDA;229258;1451067680;FLL4673;2 eixos rodagem simples;2 eixos rodagem simples;1156734683;19/07/2024;07:33:08;;;;19/07/2024;07:33:17;RODOVIAS DAS COLINAS S.A;SP 300, 137.722, OESTE, PORTO FELIZ - SP;10,3;Debito;Passagem Dentro SLA;;;;5;9;ARTESP;24;1013;true;da71b84d-71bd-4ff8-b34a-4ec6b42652b6
05437537000137;AUTO GERAL AUTOPECAS LTDA;229258;1450158042;DWH6543;2 eixos rodagem simples;2 eixos rodagem simples;1129701211;18/07/2024;18:37:29;;;;18/07/2024;18:37:52;RODOVIAS DAS COLINAS S.A;SP 300, 137.722, OESTE, PORTO FELIZ - SP;10,3;Debito;Passagem Dentro SLA;;;;5;2;ARTESP;24;1013;true;936fd789-1026-4b31-871c-188bf83b7e7a
05437537000137;AUTO GERAL AUTOPECAS LTDA;229258;1450135214;FLL4673;2 eixos rodagem simples;2 eixos rodagem simples;1156734683;18/07/2024;18:21:29;;;;18/07/2024;18:21:47;RODOVIAS DAS COLINAS S.A;SP 300, 137.722, OESTE, PORTO FELIZ - SP;10,3;Debito;Passagem Dentro SLA;;;;5;2;ARTESP;24;1013;true;ad6c3c52-634b-491f-b783-77c57b2b574a
05437537000137;AUTO GERAL AUTOPECAS LTDA;229258;1450040420;PXD7G42;2 eixos rodagem simples;2 eixos rodagem simples;2167066407;18/07/2024;17:18:30;;;;18/07/2024;17:18:37;RODOVIAS DAS COLINAS S.A;SP 300, 137.722, OESTE, PORTO FELIZ - SP;10,3;Debito;Passagem Dentro SLA;;;;5;2;ARTESP;24;1013;true;e21d4691-5ed4-4f79-a23a-a5f2f019a8d4
05437537000137;AUTO GERAL AUTOPECAS LTDA;229258;1450007264;BQU4D69;2 eixos rodagem simples;2 eixos rodagem simples;1130525385;18/07/2024;16:52:52;;;;18/07/2024;16:55:49;RODOVIAS INTEGRADAS DO OESTE S.A;SP 127, 128.9, NORTE, TATUI - SP;15;Debito;Passagem Fora SLA;;;;163;103;ARTESP;305;1020;true;89f3bd3f-f68d-411f-b155-ba985909dd61
05437537000137;AUTO GERAL AUTOPECAS LTDA;229258;1449871343;GIA7B06;2 eixos rodagem simples;2 eixos rodagem simples;2132631068;18/07/2024;15:11:41;;;;18/07/2024;15:14:04;CONCESSIONARIA DE RODOVIAS DO OESTE DE SAO PAULO VIAOESTE S.A;SP 075, 12.5, SUL, ITU - SP;9;Debito;Passagem Fora SLA;;;;154;112;ARTESP;286;1012;true;e0e667d4-faa6-4a9a-9aa5-b97ac8cfaa6b
05437537000137;AUTO GERAL AUTOPECAS LTDA;229258;1449860891;BQU4D69;2 eixos rodagem simples;2 eixos rodagem simples;1130525385;18/07/2024;15:03:32;;;;18/07/2024;15:05:34;RODOVIAS INTEGRADAS DO OESTE S.A;SP 270, 135.3, LESTE, SARAPUI - SP;11,4;Debito;Passagem Fora SLA;;;;184;109;ARTESP;305;1020;true;27488986-6d43-40d0-8618-ce3bc3e197ce
05437537000137;AUTO GERAL AUTOPECAS LTDA;229258;1449843820;GIY1B04;2 eixos rodagem simples;2 eixos rodagem simples;1172923315;18/07/2024;14:53:13;;;;18/07/2024;14:53:52;CONCESSIONARIA DE RODOVIAS DO OESTE DE SAO PAULO VIAOESTE S.A;SP 280, 74.0, LESTE, ITU - SP;15,8;Debito;Passagem Dentro SLA;;;;143;115;ARTESP;286;1012;true;deea33f2-e72e-4025-ae23-68477a155dd3
05437537000137;AUTO GERAL AUTOPECAS LTDA;229258;1449780821;PXD7G42;2 eixos rodagem simples;2 eixos rodagem simples;2167066407;18/07/2024;13:49:16;;;;18/07/2024;13:49:37;RODOVIAS DAS COLINAS S.A;SP 300, 137.722, OESTE, PORTO FELIZ - SP;10,3;Debito;Passagem Dentro SLA;;;;5;2;ARTESP;24;1013;true;a3706ee7-50b8-41db-9ff6-2354db928c6a
05437537000137;AUTO GERAL AUTOPECAS LTDA;229258;1449146802;GIA7B06;2 eixos, rodagem simples;2 eixos, rodagem simples;2132631068;18/07/2024;11:17:18;01/01/2000;00:00:00;;18/07/2024;11:17:50;CONCESSIONARIA DE RODOVIAS DO OESTE DE SAO PAULO VIAOESTE S.A;SP 075, 12.5, SUL, ITU - SP;9;Debito;Passagem Dentro SLA;;;;154;112;;286;1012;false;7d295f6e-627c-44e8-9fa8-d3ebc7453d1d
05437537000137;AUTO GERAL AUTOPECAS LTDA;229258;1449107422;PXD7G42;2 eixos, rodagem simples;2 eixos, rodagem simples;2167066407;18/07/2024;10:48:49;01/01/2000;00:00:00;;18/07/2024;10:49:01;RODOVIAS DAS COLINAS S.A;SP 300, 137.722, OESTE, PORTO FELIZ - SP;10,3;Debito;Passagem Dentro SLA;;;;5;2;;24;1013;false;1abf9615-4aaf-4112-81c6-9249b480e408
05437537000137;AUTO GERAL AUTOPECAS LTDA;229258;1448899555;GIA7B06;2 eixos, rodagem simples;2 eixos, rodagem simples;2132631068;18/07/2024;08:01:21;01/01/2000;00:00:00;;18/07/2024;08:01:52;CONCESSIONARIA DE RODOVIAS DO OESTE DE SAO PAULO VIAOESTE S.A;SP 075, 12.5, SUL, ITU - SP;9;Debito;Passagem Dentro SLA;;;;154;112;;286;1012;false;8d0efb0d-aa9e-4ffc-8be4-a491a46f6b51
05437537000137;AUTO GERAL AUTOPECAS LTDA;229258;1448866925;FLL4673;2 eixos, rodagem simples;2 eixos, rodagem simples;1156734683;18/07/2024;07:37:59;01/01/2000;00:00:00;;18/07/2024;07:38:24;RODOVIAS DAS COLINAS S.A;SP 300, 137.722, OESTE, PORTO FELIZ - SP;10,3;Debito;Passagem Dentro SLA;;;;5;9;;24;1013;false;414b75e6-000c-4ebd-a800-663a3f528936
05437537000137;AUTO GERAL AUTOPECAS LTDA;229258;1448863733;QUA2G54;2 eixos, rodagem simples;2 eixos, rodagem simples;1131434587;18/07/2024;07:34:54;01/01/2000;00:00:00;;18/07/2024;07:35:27;CONCESSIONARIA DE RODOVIAS DO OESTE DE SAO PAULO VIAOESTE S.A;SP 075, 12.5, SUL, ITU - SP;9;Debito;Passagem Dentro SLA;;;;154;111;;286;1012;false;03dd1aee-c963-4be7-9062-75a5d9ec67ad
05437537000137;AUTO GERAL AUTOPECAS LTDA;229258;1448841903;DWH6543;2 eixos, rodagem simples;2 eixos, rodagem simples;1129701211;18/07/2024;07:15:52;01/01/2000;00:00:00;;18/07/2024;07:15:59;RODOVIAS DAS COLINAS S.A;SP 300, 137.722, OESTE, PORTO FELIZ - SP;10,3;Debito;Passagem Dentro SLA;;;;5;9;;24;1013;false;810c2a6d-c496-498c-a1b9-9359fd872e12
05437537000137;AUTO GERAL AUTOPECAS LTDA;229258;1448508650;FLL4673;2 eixos rodagem simples;2 eixos rodagem simples;1156734683;17/07/2024;18:21:05;;;;17/07/2024;18:21:24;RODOVIAS DAS COLINAS S.A;SP 300, 137.722, OESTE, PORTO FELIZ - SP;10,3;Debito;Passagem Dentro SLA;;;;5;2;ARTESP;24;1013;true;04291947-c08e-4fd4-ac11-8885a4653378
05437537000137;AUTO GERAL AUTOPECAS LTDA;229258;1448411893;PXD7G42;2 eixos rodagem simples;2 eixos rodagem simples;2167066407;17/07/2024;17:16:29;;;;17/07/2024;17:16:54;RODOVIAS DAS COLINAS S.A;SP 300, 137.722, OESTE, PORTO FELIZ - SP;10,3;Debito;Passagem Dentro SLA;;;;5;2;ARTESP;24;1013;true;3f26bc93-1d7c-4dc3-97e2-ef206d68accb
05437537000137;AUTO GERAL AUTOPECAS LTDA;229258;1448256005;GIA7B06;2 eixos rodagem simples;2 eixos rodagem simples;2132631068;17/07/2024;15:15:11;;;;17/07/2024;15:15:40;CONCESSIONARIA DE RODOVIAS DO OESTE DE SAO PAULO VIAOESTE S.A;SP 075, 12.5, SUL, ITU - SP;9;Debito;Passagem Dentro SLA;;;;154;112;ARTESP;286;1012;true;f6a8d89b-ed60-4fe0-b2bd-7b2ef3f01549
05437537000137;AUTO GERAL AUTOPECAS LTDA;229258;1447961469;PXD7G42;2 eixos, rodagem simples;2 eixos, rodagem simples;2167066407;17/07/2024;13:43:51;01/01/2000;00:00:00;;17/07/2024;13:44:14;RODOVIAS DAS COLINAS S.A;SP 300, 137.722, OESTE, PORTO FELIZ - SP;10,3;Debito;Passagem Dentro SLA;;;;5;2;;24;1013;false;f8bce359-5242-4159-871c-887be7b8908c
05437537000137;AUTO GERAL AUTOPECAS LTDA;229258;1447800690;GIA7B06;2 eixos, rodagem simples;2 eixos, rodagem simples;2132631068;17/07/2024;11:12:39;01/01/2000;00:00:00;;17/07/2024;11:14:57;CONCESSIONARIA DE RODOVIAS DO OESTE DE SAO PAULO VIAOESTE S.A;SP 075, 12.5, SUL, ITU - SP;9;Debito;Passagem Fora SLA;;;;154;112;;286;1012;false;4ab4dcb0-4fc6-4ac5-9de6-2a029cfcee89
05437537000137;AUTO GERAL AUTOPECAS LTDA;229258;1447762258;PXD7G42;2 eixos, rodagem simples;2 eixos, rodagem simples;2167066407;17/07/2024;10:49:41;01/01/2000;00:00:00;;17/07/2024;10:49:46;RODOVIAS DAS COLINAS S.A;SP 300, 137.722, OESTE, PORTO FELIZ - SP;10,3;Debito;Passagem Dentro SLA;;;;5;2;;24;1013;false;cb094085-5447-4292-93c2-71ff352006a5
05437537000137;AUTO GERAL AUTOPECAS LTDA;229258;1447577663;GIA7B06;2 eixos, rodagem simples;2 eixos, rodagem simples;2132631068;17/07/2024;07:59:47;01/01/2000;00:00:00;;17/07/2024;08:02:07;CONCESSIONARIA DE RODOVIAS DO OESTE DE SAO PAULO VIAOESTE S.A;SP 075, 12.5, SUL, ITU - SP;9;Debito;Passagem Fora SLA;;;;154;112;;286;1012;false;239a9cfc-012f-4b61-872b-846e6758bb83
05437537000137;AUTO GERAL AUTOPECAS LTDA;229258;1447544362;FLL4673;2 eixos, rodagem simples;2 eixos, rodagem simples;1156734683;17/07/2024;07:34:51;01/01/2000;00:00:00;;17/07/2024;07:35:03;RODOVIAS DAS COLINAS S.A;SP 300, 137.722, OESTE, PORTO FELIZ - SP;10,3;Debito;Passagem Dentro SLA;;;;5;9;;24;1013;false;b2bf7faf-c29b-4f18-88bf-b438fd75be1a
05437537000137;AUTO GERAL AUTOPECAS LTDA;229258;1447293857;FLL4673;2 eixos rodagem simples;2 eixos rodagem simples;1156734683;16/07/2024;18:21:48;;;;16/07/2024;18:21:53;RODOVIAS DAS COLINAS S.A;SP 300, 137.722, OESTE, PORTO FELIZ - SP;10,3;Debito;Passagem Dentro SLA;;;;5;2;ARTESP;24;1013;true;0d52772a-6778-4a48-a2ff-feaf7940f99e
05437537000137;AUTO GERAL AUTOPECAS LTDA;229258;1447257167;DWH6543;2 eixos rodagem simples;2 eixos rodagem simples;1129701211;16/07/2024;17:53:23;;;;16/07/2024;17:53:45;RODOVIAS DAS COLINAS S.A;SP 300, 137.722, OESTE, PORTO FELIZ - SP;10,3;Debito;Passagem Dentro SLA;;;;5;2;ARTESP;24;1013;true;a3485f8e-3346-41e6-bc6b-1cf4fc0fd81c
05437537000137;AUTO GERAL AUTOPECAS LTDA;229258;1447203741;PXD7G42;2 eixos rodagem simples;2 eixos rodagem simples;2167066407;16/07/2024;17:15:36;;;;16/07/2024;17:15:57;RODOVIAS DAS COLINAS S.A;SP 300, 137.722, OESTE, PORTO FELIZ - SP;10,3;Debito;Passagem Dentro SLA;;;;5;2;ARTESP;24;1013;true;65761670-067d-4062-b022-1954fc66269d
05437537000137;AUTO GERAL AUTOPECAS LTDA;229258;1447054578;GIA7B06;2 eixos rodagem simples;2 eixos rodagem simples;2132631068;16/07/2024;15:12:18;;;;16/07/2024;15:12:47;CONCESSIONARIA DE RODOVIAS DO OESTE DE SAO PAULO VIAOESTE S.A;SP 075, 12.5, SUL, ITU - SP;9;Debito;Passagem Dentro SLA;;;;154;112;ARTESP;286;1012;true;7e90376e-c8f6-4cb0-8af3-73c521f76585
05437537000137;AUTO GERAL AUTOPECAS LTDA;229258;1446738924;PXD7G42;2 eixos, rodagem simples;2 eixos, rodagem simples;2167066407;16/07/2024;13:38:06;01/01/2000;00:00:00;;16/07/2024;13:38:17;RODOVIAS DAS COLINAS S.A;SP 300, 137.722, OESTE, PORTO FELIZ - SP;10,3;Debito;Passagem Dentro SLA;;;;5;3;;24;1013;false;14e695ea-79d6-4215-b79b-ece8f4a2006a
05437537000137;AUTO GERAL AUTOPECAS LTDA;229258;1446585810;GIA7B06;2 eixos, rodagem simples;2 eixos, rodagem simples;2132631068;16/07/2024;11:08:25;01/01/2000;00:00:00;;16/07/2024;11:08:54;CONCESSIONARIA DE RODOVIAS DO OESTE DE SAO PAULO VIAOESTE S.A;SP 075, 12.5, SUL, ITU - SP;9;Debito;Passagem Dentro SLA;;;;154;112;;286;1012;false;ada19f28-75a5-438b-9744-d4af44e8aa73
05437537000137;AUTO GERAL AUTOPECAS LTDA;229258;1446564863;PXD7G42;2 eixos, rodagem simples;2 eixos, rodagem simples;2167066407;16/07/2024;10:49:28;01/01/2000;00:00:00;;16/07/2024;10:49:32;RODOVIAS DAS COLINAS S.A;SP 300, 137.722, OESTE, PORTO FELIZ - SP;10,3;Debito;Passagem Dentro SLA;;;;5;2;;24;1013;false;c4160635-c696-43fc-b053-74e846cebe78
05437537000137;AUTO GERAL AUTOPECAS LTDA;229258;1446358946;GIA7B06;2 eixos, rodagem simples;2 eixos, rodagem simples;2132631068;16/07/2024;08:02:51;01/01/2000;00:00:00;;16/07/2024;08:03:19;CONCESSIONARIA DE RODOVIAS DO OESTE DE SAO PAULO VIAOESTE S.A;SP 075, 12.5, SUL, ITU - SP;9;Debito;Passagem Dentro SLA;;;;154;112;;286;1012;false;d0613094-c343-43e6-a289-3ec275edda32
05437537000137;AUTO GERAL AUTOPECAS LTDA;229258;1446323828;FLL4673;2 eixos, rodagem simples;2 eixos, rodagem simples;1156734683;16/07/2024;07:36:56;01/01/2000;00:00:00;;16/07/2024;07:37:16;RODOVIAS DAS COLINAS S.A;SP 300, 137.722, OESTE, PORTO FELIZ - SP;10,3;Debito;Passagem Dentro SLA;;;;5;9;;24;1013;false;a30b0d83-accc-4753-add3-0a15538f663d
05437537000137;AUTO GERAL AUTOPECAS LTDA;229258;1446311535;QUA2G54;2 eixos, rodagem simples;2 eixos, rodagem simples;1131434587;16/07/2024;07:25:09;01/01/2000;00:00:00;;16/07/2024;07:25:35;CONCESSIONARIA DE RODOVIAS DO OESTE DE SAO PAULO VIAOESTE S.A;SP 075, 12.5, SUL, ITU - SP;9;Debito;Passagem Dentro SLA;;;;154;112;;286;1012;false;2785ec05-e283-4b68-a139-51a4416b712a
05437537000137;AUTO GERAL AUTOPECAS LTDA;229258;1446309538;DWH6543;2 eixos, rodagem simples;2 eixos, rodagem simples;1129701211;16/07/2024;07:23:26;01/01/2000;00:00:00;;16/07/2024;07:23:43;RODOVIAS DAS COLINAS S.A;SP 300, 137.722, OESTE, PORTO FELIZ - SP;10,3;Debito;Passagem Dentro SLA;;;;5;9;;24;1013;false;747b1593-d477-4863-a60e-cff855028c6e
05437537000137;AUTO GERAL AUTOPECAS LTDA;229258;1446026381;FLL4673;2 eixos rodagem simples;2 eixos rodagem simples;1156734683;15/07/2024;18:23:05;;;;15/07/2024;18:24:43;RODOVIAS DAS COLINAS S.A;SP 300, 137.722, OESTE, PORTO FELIZ - SP;10,3;Debito;Passagem Dentro SLA;;;;5;2;ARTESP;24;1013;true;fbe06ca7-4ddc-4bd0-bafe-90f1dda467c7
05437537000137;AUTO GERAL AUTOPECAS LTDA;229258;1445927871;PXD7G42;2 eixos rodagem simples;2 eixos rodagem simples;2167066407;15/07/2024;17:16:27;;;;15/07/2024;17:16:45;RODOVIAS DAS COLINAS S.A;SP 300, 137.722, OESTE, PORTO FELIZ - SP;10,3;Debito;Passagem Dentro SLA;;;;5;2;ARTESP;24;1013;true;f953cac8-a646-45df-9ab6-8eaf484d3b46
05437537000137;AUTO GERAL AUTOPECAS LTDA;229258;1445861422;EIB4306;2 eixos rodagem simples;2 eixos rodagem simples;2121444395;15/07/2024;16:29:02;;;;15/07/2024;16:29:22;RODOVIAS DAS COLINAS S.A;SP 280, 111.3, LESTE, BOITUVA - SP;12,9;Debito;Passagem Dentro SLA;;;;2;3;ARTESP;24;1013;true;13be31ee-23ae-43a9-8b19-ecfa768a89d8
05437537000137;AUTO GERAL AUTOPECAS LTDA;229258;1446060493;GIA7B06;2 eixos rodagem simples;2 eixos rodagem simples;2132631068;15/07/2024;15:17:59;;;;15/07/2024;18:48:46;CONCESSIONARIA DE RODOVIAS DO OESTE DE SAO PAULO VIAOESTE S.A;SP 075, 12.5, SUL, ITU - SP;9;Debito;Passagem Fora SLA;;;;154;112;ARTESP;286;1012;true;1e6ab0cc-113d-4eac-9302-10248fedeb30
05437537000137;AUTO GERAL AUTOPECAS LTDA;229258;1445724311;ERF3783;2 eixos rodagem simples;2 eixos rodagem simples;2130205569;15/07/2024;14:37:23;;;;15/07/2024;14:37:50;CONCESSIONARIA DE RODOVIAS DO OESTE DE SAO PAULO VIAOESTE S.A;SP 280, 74.0, LESTE, ITU - SP;15,8;Debito;Passagem Dentro SLA;;;;143;115;ARTESP;286;1012;true;f01cd562-034f-4a63-9883-fc879a03186c
05437537000137;AUTO GERAL AUTOPECAS LTDA;229258;1445657549;PXD7G42;2 eixos rodagem simples;2 eixos rodagem simples;2167066407;15/07/2024;13:45:26;;;;15/07/2024;13:45:32;RODOVIAS DAS COLINAS S.A;SP 300, 137.722, OESTE, PORTO FELIZ - SP;10,3;Debito;Passagem Dentro SLA;;;;5;2;ARTESP;24;1013;true;afa7f962-dfd0-4f89-a045-855cec746d88
05437537000137;AUTO GERAL AUTOPECAS LTDA;229258;1445514658;GIY1B04;2 eixos rodagem simples;2 eixos rodagem simples;1172923315;15/07/2024;11:54:19;;;;15/07/2024;11:56:32;CONCESSIONARIA DE RODOVIAS DO OESTE DE SAO PAULO VIAOESTE S.A;SP 280, 74.0, LESTE, ITU - SP;15,8;Debito;Passagem Fora SLA;;;;143;102;ARTESP;286;1012;true;7e23296c-0ed7-4b79-8371-1703be662ff6
05437537000137;AUTO GERAL AUTOPECAS LTDA;229258;1445460959;GIA7B06;2 eixos rodagem simples;2 eixos rodagem simples;2132631068;15/07/2024;11:15:27;;;;15/07/2024;11:15:54;CONCESSIONARIA DE RODOVIAS DO OESTE DE SAO PAULO VIAOESTE S.A;SP 075, 12.5, SUL, ITU - SP;9;Debito;Passagem Dentro SLA;;;;154;112;ARTESP;286;1012;true;8b83b81a-64e1-42c1-81db-e39ccf7b42aa
05437537000137;AUTO GERAL AUTOPECAS LTDA;229258;1445434692;PXD7G42;2 eixos rodagem simples;2 eixos rodagem simples;2167066407;15/07/2024;10:55:51;;;;15/07/2024;10:56:14;RODOVIAS DAS COLINAS S.A;SP 300, 137.722, OESTE, PORTO FELIZ - SP;10,3;Debito;Passagem Dentro SLA;;;;5;2;ARTESP;24;1013;true;d6ef2527-a670-41db-af86-a0a1fe6f5d6d
05437537000137;AUTO GERAL AUTOPECAS LTDA;229258;1445252804;EIB4306;2 eixos rodagem simples;2 eixos rodagem simples;2121444395;15/07/2024;08:46:45;;;;15/07/2024;08:47:00;RODOVIAS DAS COLINAS S.A;SP 280, 111.3, LESTE, BOITUVA - SP;12,9;Debito;Passagem Dentro SLA;;;;2;16;ARTESP;24;1013;true;066f0b26-8a71-422e-9694-fcd6e9683628
05437537000137;AUTO GERAL AUTOPECAS LTDA;229258;1445204221;GIA7B06;2 eixos rodagem simples;2 eixos rodagem simples;2132631068;15/07/2024;08:04:11;;;;15/07/2024;08:04:36;CONCESSIONARIA DE RODOVIAS DO OESTE DE SAO PAULO VIAOESTE S.A;SP 075, 12.5, SUL, ITU - SP;9;Debito;Passagem Dentro SLA;;;;154;112;ARTESP;286;1012;true;b31da406-226f-42ca-9098-907e50509f31
05437537000137;AUTO GERAL AUTOPECAS LTDA;229258;1445178016;FLL4673;2 eixos rodagem simples;2 eixos rodagem simples;1156734683;15/07/2024;07:39:17;;;;15/07/2024;07:39:35;RODOVIAS DAS COLINAS S.A;SP 300, 137.722, OESTE, PORTO FELIZ - SP;10,3;Debito;Passagem Dentro SLA;;;;5;9;ARTESP;24;1013;true;6545c2c8-ed28-412e-b2a6-62c2c327e54e
05437537000137;AUTO GERAL AUTOPECAS LTDA;229258;1445178730;QUA2G54;2 eixos rodagem simples;2 eixos rodagem simples;1131434587;15/07/2024;07:38:17;;;;15/07/2024;07:40:27;CONCESSIONARIA DE RODOVIAS DO OESTE DE SAO PAULO VIAOESTE S.A;SP 075, 12.5, SUL, ITU - SP;9;Debito;Passagem Fora SLA;;;;154;112;ARTESP;286;1012;true;42b02f2b-b348-4fda-a627-940ae968547c
05437537000137;AUTO GERAL AUTOPECAS LTDA;229258;1442682702;QUA2G54;2 eixos rodagem simples;2 eixos rodagem simples;1131434587;13/07/2024;07:33:27;;;;13/07/2024;07:33:46;CONCESSIONARIA DE RODOVIAS DO OESTE DE SAO PAULO VIAOESTE S.A;SP 075, 12.5, SUL, ITU - SP;9;Debito;Passagem Dentro SLA;;;;154;111;ARTESP;286;1012;true;640c4178-c2da-4f75-852b-5a8737277c67
05437537000137;AUTO GERAL AUTOPECAS LTDA;229258;1442167947;FLL4673;2 eixos rodagem simples;2 eixos rodagem simples;1156734683;12/07/2024;18:23:03;;;;12/07/2024;18:23:06;RODOVIAS DAS COLINAS S.A;SP 300, 137.722, OESTE, PORTO FELIZ - SP;10,3;Debito;Passagem Dentro SLA;;;;5;2;ARTESP;24;1013;true;243f02e0-0990-4956-8d8b-3bd06107a44f
05437537000137;AUTO GERAL AUTOPECAS LTDA;229258;1442163125;DWH6543;2 eixos rodagem simples;2 eixos rodagem simples;1129701211;12/07/2024;18:19:49;;;;12/07/2024;18:20:14;RODOVIAS DAS COLINAS S.A;SP 280, 111.3, LESTE, BOITUVA - SP;12,9;Debito;Passagem Dentro SLA;;;;2;3;ARTESP;24;1013;true;f5e2d71e-a22a-4dba-b411-0f2bd7b97f32
05437537000137;AUTO GERAL AUTOPECAS LTDA;229258;1442084398;PXD7G42;2 eixos rodagem simples;2 eixos rodagem simples;2167066407;12/07/2024;17:26:36;;;;12/07/2024;17:26:44;RODOVIAS DAS COLINAS S.A;SP 300, 137.722, OESTE, PORTO FELIZ - SP;10,3;Debito;Passagem Dentro SLA;;;;5;2;ARTESP;24;1013;true;27fbb94a-47f8-475c-b80d-d319f99a4291
05437537000137;AUTO GERAL AUTOPECAS LTDA;229258;1441994685;GIY1B04;2 eixos rodagem simples;2 eixos rodagem simples;1172923315;12/07/2024;16:29:42;;;;12/07/2024;16:29:59;CONCESSIONARIA DE RODOVIAS DO OESTE DE SAO PAULO VIAOESTE S.A;SP 280, 74.0, LESTE, ITU - SP;15,8;Debito;Passagem Dentro SLA;;;;143;101;ARTESP;286;1012;true;7055c236-ce39-43b4-90c3-94c76441fa2e
05437537000137;AUTO GERAL AUTOPECAS LTDA;229258;1441889114;GIA7B06;2 eixos rodagem simples;2 eixos rodagem simples;2132631068;12/07/2024;15:21:32;;;;12/07/2024;15:21:48;CONCESSIONARIA DE RODOVIAS DO OESTE DE SAO PAULO VIAOESTE S.A;SP 075, 12.5, SUL, ITU - SP;9;Debito;Passagem Dentro SLA;;;;154;112;ARTESP;286;1012;true;675b1d39-d175-464e-9d17-3c7f72294d33
05437537000137;AUTO GERAL AUTOPECAS LTDA;229258;1441770235;PXD7G42;2 eixos rodagem simples;2 eixos rodagem simples;2167066407;12/07/2024;13:54:17;;;;12/07/2024;13:54:34;RODOVIAS DAS COLINAS S.A;SP 300, 137.722, OESTE, PORTO FELIZ - SP;10,3;Debito;Passagem Dentro SLA;;;;5;2;ARTESP;24;1013;true;ee2ef1cd-9698-4ab0-a16e-70b0b1882182
05437537000137;AUTO GERAL AUTOPECAS LTDA;229258;1441669620;GIY1B04;2 eixos rodagem simples;2 eixos rodagem simples;1172923315;12/07/2024;12:34:43;;;;12/07/2024;12:36:48;CONCESSIONARIA DE RODOVIAS DO OESTE DE SAO PAULO VIAOESTE S.A;SP 280, 74.0, LESTE, ITU - SP;15,8;Debito;Passagem Fora SLA;;;;143;115;ARTESP;286;1012;true;04319238-8bd0-4f59-96d5-e870c62cc9c4
05437537000137;AUTO GERAL AUTOPECAS LTDA;229258;1441576350;GIA7B06;2 eixos rodagem simples;2 eixos rodagem simples;2132631068;12/07/2024;11:17:59;;;;12/07/2024;11:19:57;CONCESSIONARIA DE RODOVIAS DO OESTE DE SAO PAULO VIAOESTE S.A;SP 075, 12.5, SUL, ITU - SP;9;Debito;Passagem Dentro SLA;;;;154;112;ARTESP;286;1012;true;8694c6c0-0744-4825-9461-83c168be796b
05437537000137;AUTO GERAL AUTOPECAS LTDA;229258;1441536859;PXD7G42;2 eixos rodagem simples;2 eixos rodagem simples;2167066407;12/07/2024;10:48:06;;;;12/07/2024;10:48:15;RODOVIAS DAS COLINAS S.A;SP 300, 137.722, OESTE, PORTO FELIZ - SP;10,3;Debito;Passagem Dentro SLA;;;;5;2;ARTESP;24;1013;true;3d49cd51-d967-4116-8699-0405d5f131fb
05437537000137;AUTO GERAL AUTOPECAS LTDA;229258;1441492476;GIY1B04;2 eixos rodagem simples;2 eixos rodagem simples;1172923315;12/07/2024;10:10:22;;;;12/07/2024;10:10:41;CONCESSIONARIA DE RODOVIAS DO OESTE DE SAO PAULO VIAOESTE S.A;SP 280, 74.0, LESTE, ITU - SP;15,8;Debito;Passagem Dentro SLA;;;;143;115;ARTESP;286;1012;true;718b21a4-1a45-44aa-8dbe-cb0379b975ff
05437537000137;AUTO GERAL AUTOPECAS LTDA;229258;1441343910;GIA7B06;2 eixos rodagem simples;2 eixos rodagem simples;2132631068;12/07/2024;08:01:10;;;;12/07/2024;08:01:25;CONCESSIONARIA DE RODOVIAS DO OESTE DE SAO PAULO VIAOESTE S.A;SP 075, 12.5, SUL, ITU - SP;9;Debito;Passagem Dentro SLA;;;;154;112;ARTESP;286;1012;true;9831173f-e279-40f2-9dd1-3d0eb6a01084
05437537000137;AUTO GERAL AUTOPECAS LTDA;229258;1441330628;DWH6543;2 eixos rodagem simples;2 eixos rodagem simples;1129701211;12/07/2024;07:47:49;;;;12/07/2024;07:48:44;RODOVIAS DAS COLINAS S.A;SP 300, 137.722, OESTE, PORTO FELIZ - SP;10,3;Debito;Passagem Dentro SLA;;;;5;9;ARTESP;24;1013;true;8136700f-e967-494c-9a61-a6bed87fed54
05437537000137;AUTO GERAL AUTOPECAS LTDA;229258;1441320413;QUA2G54;2 eixos rodagem simples;2 eixos rodagem simples;1131434587;12/07/2024;07:38:29;;;;12/07/2024;07:40:29;CONCESSIONARIA DE RODOVIAS DO OESTE DE SAO PAULO VIAOESTE S.A;SP 075, 12.5, SUL, ITU - SP;9;Debito;Passagem Fora SLA;;;;154;112;ARTESP;286;1012;true;26d02346-d436-4d9a-bfd6-0c04d960f6d2
05437537000137;AUTO GERAL AUTOPECAS LTDA;229258;1440827798;DWH6543;2 eixos rodagem simples;2 eixos rodagem simples;1129701211;11/07/2024;18:29:14;;;;11/07/2024;18:29:39;RODOVIAS DAS COLINAS S.A;SP 300, 137.722, OESTE, PORTO FELIZ - SP;10,3;Debito;Passagem Dentro SLA;;;;5;2;ARTESP;24;1013;true;1fbf6d85-ad1d-421e-b989-abaa0d3a900b
05437537000137;AUTO GERAL AUTOPECAS LTDA;229258;1440750252;PXD7G42;2 eixos rodagem simples;2 eixos rodagem simples;2167066407;11/07/2024;17:34:19;;;;11/07/2024;17:42:55;RODOVIAS DAS COLINAS S.A;SP 300, 137.722, OESTE, PORTO FELIZ - SP;10,3;Debito;Passagem Fora SLA;;;;5;2;ARTESP;24;1013;true;ae5811fe-0ccf-4b14-a66e-33b2db5c3604
05437537000137;AUTO GERAL AUTOPECAS LTDA;229258;1440579771;GIA7B06;2 eixos rodagem simples;2 eixos rodagem simples;2132631068;11/07/2024;15:16:40;;;;11/07/2024;15:16:52;CONCESSIONARIA DE RODOVIAS DO OESTE DE SAO PAULO VIAOESTE S.A;SP 075, 12.5, SUL, ITU - SP;9;Debito;Passagem Dentro SLA;;;;154;112;ARTESP;286;1012;true;7553975f-45aa-43b5-9e53-64bb654acb77
05437537000137;AUTO GERAL AUTOPECAS LTDA;229258;1440505064;EIB4306;2 eixos rodagem simples;2 eixos rodagem simples;2121444395;11/07/2024;14:17:18;;;;11/07/2024;14:17:31;RODOVIAS DAS COLINAS S.A;SP 300, 137.722, OESTE, PORTO FELIZ - SP;10,3;Debito;Passagem Dentro SLA;;;;5;2;ARTESP;24;1013;true;edc1d907-4ce3-40ba-90d7-aa3b3a424e11
05437537000137;AUTO GERAL AUTOPECAS LTDA;229258;1440481020;PXD7G42;2 eixos rodagem simples;2 eixos rodagem simples;2167066407;11/07/2024;13:55:44;;;;11/07/2024;13:56:07;RODOVIAS DAS COLINAS S.A;SP 300, 137.722, OESTE, PORTO FELIZ - SP;10,3;Debito;Passagem Dentro SLA;;;;5;2;ARTESP;24;1013;true;e533a9f4-c9f8-4f89-b76b-ce0cc6f23891
05437537000137;AUTO GERAL AUTOPECAS LTDA;229258;1440422713;FLL4673;2 eixos rodagem simples;2 eixos rodagem simples;1156734683;11/07/2024;11:53:01;;;;11/07/2024;13:08:11;CONCESSIONARIA RODOVIAS DO TIETE S.A;SP 300 - RODOVIA MARECHAL RONDON, 192.1, LESTE, CONCHAS - SP;9,2;Debito;Passagem Dentro SLA;;;;3001;7;ARTESP;3;1021;true;db7a5cc7-e1a3-4e40-9385-aead5d97feca
05437537000137;AUTO GERAL AUTOPECAS LTDA;229258;1440426147;FLL4673;2 eixos rodagem simples;2 eixos rodagem simples;1156734683;11/07/2024;11:31:59;;;;11/07/2024;13:08:11;CONCESSIONARIA RODOVIAS DO TIETE S.A;SP 300 - RODOVIA MARECHAL RONDON, 192.1, OESTE, CONCHAS - SP;9,2;Debito;Passagem Dentro SLA;;;;3002;2;ARTESP;3;1021;true;05548fb7-249b-4405-bb9e-b10a5440eef8
05437537000137;AUTO GERAL AUTOPECAS LTDA;229258;1440308812;GIA7B06;2 eixos rodagem simples;2 eixos rodagem simples;2132631068;11/07/2024;11:24:23;;;;11/07/2024;11:24:36;CONCESSIONARIA DE RODOVIAS DO OESTE DE SAO PAULO VIAOESTE S.A;SP 075, 12.5, SUL, ITU - SP;9;Debito;Passagem Dentro SLA;;;;154;111;ARTESP;286;1012;true;38cb1729-0d36-43b7-9b3b-3ecc34eda3fa
05437537000137;AUTO GERAL AUTOPECAS LTDA;229258;1440267517;PXD7G42;2 eixos rodagem simples;2 eixos rodagem simples;2167066407;11/07/2024;10:49:53;;;;11/07/2024;10:50:13;RODOVIAS DAS COLINAS S.A;SP 300, 137.722, OESTE, PORTO FELIZ - SP;10,3;Debito;Passagem Dentro SLA;;;;5;2;ARTESP;24;1013;true;e04918d8-b616-4efe-91d7-45eb61ba44f1
05437537000137;AUTO GERAL AUTOPECAS LTDA;229258;1440154082;EIB4306;2 eixos rodagem simples;2 eixos rodagem simples;2121444395;11/07/2024;09:08:01;;;;11/07/2024;09:08:05;RODOVIAS DAS COLINAS S.A;SP 280, 111.3, LESTE, BOITUVA - SP;12,9;Debito;Passagem Dentro SLA;;;;2;16;ARTESP;24;1013;true;7c2f1e36-71cc-4d79-9885-bd39ced7613a
05437537000137;AUTO GERAL AUTOPECAS LTDA;229258;1440078383;GIA7B06;2 eixos rodagem simples;2 eixos rodagem simples;2132631068;11/07/2024;08:08:18;;;;11/07/2024;08:10:15;CONCESSIONARIA DE RODOVIAS DO OESTE DE SAO PAULO VIAOESTE S.A;SP 075, 12.5, SUL, ITU - SP;9;Debito;Passagem Dentro SLA;;;;154;111;ARTESP;286;1012;true;f8a7373f-74f2-4e11-8d46-950f99397b28
05437537000137;AUTO GERAL AUTOPECAS LTDA;229258;1440031012;QUA2G54;2 eixos rodagem simples;2 eixos rodagem simples;1131434587;11/07/2024;07:35:19;;;;11/07/2024;07:35:32;CONCESSIONARIA DE RODOVIAS DO OESTE DE SAO PAULO VIAOESTE S.A;SP 075, 12.5, SUL, ITU - SP;9;Debito;Passagem Dentro SLA;;;;154;112;ARTESP;286;1012;true;eb595e0b-baae-41a5-86a6-d3226918a686
05437537000137;AUTO GERAL AUTOPECAS LTDA;229258;1440028239;FLL4673;2 eixos rodagem simples;2 eixos rodagem simples;1156734683;11/07/2024;07:32:36;;;;11/07/2024;07:32:37;RODOVIAS DAS COLINAS S.A;SP 300, 137.722, OESTE, PORTO FELIZ - SP;10,3;Debito;Passagem Dentro SLA;;;;5;9;ARTESP;24;1013;true;b3d0c606-8100-49db-bb17-23dd71d71c6a
05437537000137;AUTO GERAL AUTOPECAS LTDA;229258;1440025119;DWH6543;2 eixos rodagem simples;2 eixos rodagem simples;1129701211;11/07/2024;07:29:52;;;;11/07/2024;07:30:07;RODOVIAS DAS COLINAS S.A;SP 300, 137.722, OESTE, PORTO FELIZ - SP;10,3;Debito;Passagem Dentro SLA;;;;5;9;ARTESP;24;1013;true;e2c6ab59-1fe8-4a3d-a65a-e92641ab3939
05437537000137;AUTO GERAL AUTOPECAS LTDA;229258;1439473807;FLL4673;2 eixos rodagem simples;2 eixos rodagem simples;1156734683;10/07/2024;18:24:24;;;;10/07/2024;18:24:40;RODOVIAS DAS COLINAS S.A;SP 300, 137.722, OESTE, PORTO FELIZ - SP;10,3;Debito;Passagem Dentro SLA;;;;5;2;ARTESP;24;1013;true;07425e91-0bbe-4730-95e1-fe6868fd3517
05437537000137;AUTO GERAL AUTOPECAS LTDA;229258;1439402383;PXD7G42;2 eixos rodagem simples;2 eixos rodagem simples;2167066407;10/07/2024;17:28:25;;;;10/07/2024;17:28:45;RODOVIAS DAS COLINAS S.A;SP 300, 137.722, OESTE, PORTO FELIZ - SP;10,3;Debito;Passagem Dentro SLA;;;;5;2;ARTESP;24;1013;true;a5e2b842-69ae-4246-8359-41c1e8b7dc18
05437537000137;AUTO GERAL AUTOPECAS LTDA;229258;1439300226;PWS9889;2 eixos rodagem simples;2 eixos rodagem simples;2139267956;10/07/2024;16:16:26;;;;10/07/2024;16:16:39;CONCESSIONARIA DE RODOVIAS DO OESTE DE SAO PAULO VIAOESTE S.A;SP 270, 111.0, OESTE, ARACOIABA DA SERRA - SP;5,3;Debito;Passagem Dentro SLA;;;;184;102;ARTESP;286;1012;true;34d67490-306e-4109-bf0d-87ba5dd62066
05437537000137;AUTO GERAL AUTOPECAS LTDA;229258;1439236806;DWH6543;2 eixos rodagem simples;2 eixos rodagem simples;1129701211;10/07/2024;15:27:36;;;;10/07/2024;15:27:47;RODOVIAS DAS COLINAS S.A;SP 300, 137.722, OESTE, PORTO FELIZ - SP;10,3;Debito;Passagem Dentro SLA;;;;5;2;ARTESP;24;1013;true;d29198fe-2d40-4a52-abc9-995044a784cc
05437537000137;AUTO GERAL AUTOPECAS LTDA;229258;1439225218;GIA7B06;2 eixos rodagem simples;2 eixos rodagem simples;2132631068;10/07/2024;15:17:45;;;;10/07/2024;15:17:54;CONCESSIONARIA DE RODOVIAS DO OESTE DE SAO PAULO VIAOESTE S.A;SP 075, 12.5, SUL, ITU - SP;9;Debito;Passagem Dentro SLA;;;;154;112;ARTESP;286;1012;true;9866061a-cfcf-4d56-8b3a-4f52ff5afff2
05437537000137;AUTO GERAL AUTOPECAS LTDA;229258;1439135459;PXD7G42;2 eixos rodagem simples;2 eixos rodagem simples;2167066407;10/07/2024;13:57:56;;;;10/07/2024;13:58:13;RODOVIAS DAS COLINAS S.A;SP 300, 137.722, OESTE, PORTO FELIZ - SP;10,3;Debito;Passagem Dentro SLA;;;;5;2;ARTESP;24;1013;true;544b0ea6-4f73-4c21-81e8-31d5785117dd
05437537000137;AUTO GERAL AUTOPECAS LTDA;229258;1438923329;GIA7B06;2 eixos rodagem simples;2 eixos rodagem simples;2132631068;10/07/2024;11:15:24;;;;10/07/2024;11:15:36;CONCESSIONARIA DE RODOVIAS DO OESTE DE SAO PAULO VIAOESTE S.A;SP 075, 12.5, SUL, ITU - SP;9;Debito;Passagem Dentro SLA;;;;154;112;ARTESP;286;1012;true;ecef7de6-f1f3-4892-9675-6cb654b5d86b
05437537000137;AUTO GERAL AUTOPECAS LTDA;229258;1438898897;PXD7G42;2 eixos rodagem simples;2 eixos rodagem simples;2167066407;10/07/2024;10:51:57;;;;10/07/2024;10:52:13;RODOVIAS DAS COLINAS S.A;SP 300, 137.722, OESTE, PORTO FELIZ - SP;10,3;Debito;Passagem Dentro SLA;;;;5;2;ARTESP;24;1013;true;c116aa8b-ce78-4f9c-a376-6ac589ed60f3
05437537000137;AUTO GERAL AUTOPECAS LTDA;229258;1438705201;GIA7B06;2 eixos rodagem simples;2 eixos rodagem simples;2132631068;10/07/2024;08:02:52;;;;10/07/2024;08:04:45;CONCESSIONARIA DE RODOVIAS DO OESTE DE SAO PAULO VIAOESTE S.A;SP 075, 12.5, SUL, ITU - SP;9;Debito;Passagem Dentro SLA;;;;154;112;ARTESP;286;1012;true;6992451d-f32f-409e-bfe8-08bb1ff0bbc2
05437537000137;AUTO GERAL AUTOPECAS LTDA;229258;1438668179;FLL4673;2 eixos rodagem simples;2 eixos rodagem simples;1156734683;10/07/2024;07:33:48;;;;10/07/2024;07:33:54;RODOVIAS DAS COLINAS S.A;SP 300, 137.722, OESTE, PORTO FELIZ - SP;10,3;Debito;Passagem Dentro SLA;;;;5;9;ARTESP;24;1013;true;6c8995a7-7cb1-4b38-9a3a-132db17d2345
05437537000137;AUTO GERAL AUTOPECAS LTDA;229258;1438657438;DWH6543;2 eixos rodagem simples;2 eixos rodagem simples;1129701211;10/07/2024;07:23:43;;;;10/07/2024;07:23:58;RODOVIAS DAS COLINAS S.A;SP 300, 137.722, OESTE, PORTO FELIZ - SP;10,3;Debito;Passagem Dentro SLA;;;;5;9;ARTESP;24;1013;true;b2146bf1-b30f-4ee0-8c09-c138b802f25c
05437537000137;AUTO GERAL AUTOPECAS LTDA;229258;1436966206;FLL4673;2 eixos rodagem simples;2 eixos rodagem simples;1156734683;08/07/2024;18:24:58;;;;08/07/2024;18:25:13;RODOVIAS DAS COLINAS S.A;SP 300, 137.722, OESTE, PORTO FELIZ - SP;10,3;Debito;Passagem Dentro SLA;;;;5;2;ARTESP;24;1013;true;66a4de35-a39e-4594-827a-b45b37344e0a
05437537000137;AUTO GERAL AUTOPECAS LTDA;229258;1436842342;PXD7G42;2 eixos rodagem simples;2 eixos rodagem simples;2167066407;08/07/2024;16:56:07;;;;08/07/2024;16:56:20;RODOVIAS DAS COLINAS S.A;SP 300, 137.722, OESTE, PORTO FELIZ - SP;10,3;Debito;Passagem Dentro SLA;;;;5;2;ARTESP;24;1013;true;b900d48a-8fe4-457a-a9f7-34e5d5719e9b
05437537000137;AUTO GERAL AUTOPECAS LTDA;229258;1436838701;DWH6543;2 eixos rodagem simples;2 eixos rodagem simples;1129701211;08/07/2024;16:51:57;;;;08/07/2024;16:52:03;RODOVIAS DAS COLINAS S.A;SP 300, 137.722, OESTE, PORTO FELIZ - SP;10,3;Debito;Passagem Dentro SLA;;;;5;2;ARTESP;24;1013;true;2026f99c-693f-4dc3-898c-d1cab443051a
05437537000137;AUTO GERAL AUTOPECAS LTDA;229258;1436781690;GIA7B06;2 eixos rodagem simples;2 eixos rodagem simples;2132631068;08/07/2024;15:26:07;;;;08/07/2024;15:26:12;CONCESSIONARIA DE RODOVIAS DO OESTE DE SAO PAULO VIAOESTE S.A;SP 075, 12.5, SUL, ITU - SP;9;Debito;Passagem Dentro SLA;;;;154;112;ARTESP;286;1012;true;5f4f3deb-6241-4454-830d-9835de1724bc
05437537000137;AUTO GERAL AUTOPECAS LTDA;229258;1436754144;PXD7G42;2 eixos rodagem simples;2 eixos rodagem simples;2167066407;08/07/2024;15:01:28;;;;08/07/2024;15:01:39;RODOVIAS DAS COLINAS S.A;SP 300, 137.722, OESTE, PORTO FELIZ - SP;10,3;Debito;Passagem Dentro SLA;;;;5;2;ARTESP;24;1013;true;0616ec6e-e2cd-4803-b07e-93e885496c5d
05437537000137;AUTO GERAL AUTOPECAS LTDA;229258;1436494322;099737;Sem categoria/categoria desconhecida;;;08/07/2024;11:16:23;;;;08/07/2024;11:16:23;;Automatica-CARTAO_DE_CREDITO;1000;Credito;Recarga Automatica;;;;;;;;;;26d465fb-f951-4c2c-935b-e5ab186a0c07
05437537000137;AUTO GERAL AUTOPECAS LTDA;229258;1436493462;GIA7B06;2 eixos rodagem simples;2 eixos rodagem simples;2132631068;08/07/2024;11:15:02;;;;08/07/2024;11:15:42;CONCESSIONARIA DE RODOVIAS DO OESTE DE SAO PAULO VIAOESTE S.A;SP 075, 12.5, SUL, ITU - SP;9;Debito;Passagem Dentro SLA;;;;154;111;ARTESP;286;1012;true;d58f0683-a8e2-49b8-a08f-c4dd5df2d654
05437537000137;AUTO GERAL AUTOPECAS LTDA;229258;1436456724;GIY1B04;2 eixos rodagem simples;2 eixos rodagem simples;1172923315;08/07/2024;10:41:32;;;;08/07/2024;10:41:40;CONCESSIONARIA DE RODOVIAS DO OESTE DE SAO PAULO VIAOESTE S.A;SP 280, 74.0, LESTE, ITU - SP;15,8;Debito;Passagem Dentro SLA;;;;143;115;ARTESP;286;1012;true;0135ae6c-a4c6-4e55-8d54-e147dd3a9994
05437537000137;AUTO GERAL AUTOPECAS LTDA;229258;1436452479;PXD7G42;2 eixos rodagem simples;2 eixos rodagem simples;2167066407;08/07/2024;10:38:27;;;;08/07/2024;10:38:37;RODOVIAS DAS COLINAS S.A;SP 300, 137.722, OESTE, PORTO FELIZ - SP;10,3;Debito;Passagem Dentro SLA;;;;5;2;ARTESP;24;1013;true;7dfa60e0-f6d7-417b-8f95-38528c72a2b0
05437537000137;AUTO GERAL AUTOPECAS LTDA;229258;1436293357;GIA7B06;2 eixos rodagem simples;2 eixos rodagem simples;2132631068;08/07/2024;08:06:04;;;;08/07/2024;08:06:43;CONCESSIONARIA DE RODOVIAS DO OESTE DE SAO PAULO VIAOESTE S.A;SP 075, 12.5, SUL, ITU - SP;9;Debito;Passagem Dentro SLA;;;;154;112;ARTESP;286;1012;true;6ef24691-8154-4cf2-bf8e-801b592a0ee0
05437537000137;AUTO GERAL AUTOPECAS LTDA;229258;1436261183;DWH6543;2 eixos rodagem simples;2 eixos rodagem simples;1129701211;08/07/2024;07:43:26;;;;08/07/2024;07:43:40;RODOVIAS DAS COLINAS S.A;SP 300, 137.722, OESTE, PORTO FELIZ - SP;10,3;Debito;Passagem Dentro SLA;;;;5;9;ARTESP;24;1013;true;6a9b5b6e-bb15-4fc4-8d5f-259a0ac321dc
05437537000137;AUTO GERAL AUTOPECAS LTDA;229258;1436259605;FLL4673;2 eixos rodagem simples;2 eixos rodagem simples;1156734683;08/07/2024;07:42:07;;;;08/07/2024;07:42:15;RODOVIAS DAS COLINAS S.A;SP 300, 137.722, OESTE, PORTO FELIZ - SP;10,3;Debito;Passagem Dentro SLA;;;;5;9;ARTESP;24;1013;true;aaedd10d-d443-44b8-bf27-2c8956f5ddf8
05437537000137;AUTO GERAL AUTOPECAS LTDA;229258;1435211163;FLL4673;2 eixos rodagem simples;2 eixos rodagem simples;1156734683;06/07/2024;12:21:16;;;;06/07/2024;12:21:19;RODOVIAS DAS COLINAS S.A;SP 300, 137.722, OESTE, PORTO FELIZ - SP;10,3;Debito;Passagem Dentro SLA;;;;5;2;ARTESP;24;1013;true;0fb4e144-e420-47d2-8aa0-a3505a9b4951
05437537000137;AUTO GERAL AUTOPECAS LTDA;229258;1435049925;FLL4673;2 eixos rodagem simples;2 eixos rodagem simples;1156734683;06/07/2024;07:33:27;;;;06/07/2024;07:33:43;RODOVIAS DAS COLINAS S.A;SP 300, 137.722, OESTE, PORTO FELIZ - SP;10,3;Debito;Passagem Dentro SLA;;;;5;9;ARTESP;24;1013;true;abb8c5cd-50cc-45c5-918d-483ec2afdee9
05437537000137;AUTO GERAL AUTOPECAS LTDA;229258;1433755489;DWH6543;2 eixos rodagem simples;2 eixos rodagem simples;1129701211;05/07/2024;23:12:27;;;;05/07/2024;23:12:39;RODOVIAS DAS COLINAS S.A;SP 300, 137.722, OESTE, PORTO FELIZ - SP;10,3;Debito;Passagem Dentro SLA;;;;5;2;ARTESP;24;1013;true;0f82d104-dae4-4e2c-9b2a-18a3fb53575e
05437537000137;AUTO GERAL AUTOPECAS LTDA;229258;1433600089;FLL4673;2 eixos rodagem simples;2 eixos rodagem simples;1156734683;05/07/2024;18:21:08;;;;05/07/2024;18:21:16;RODOVIAS DAS COLINAS S.A;SP 300, 137.722, OESTE, PORTO FELIZ - SP;10,3;Debito;Passagem Dentro SLA;;;;5;2;ARTESP;24;1013;true;bd4eabd7-320d-4658-b7c6-b6b98a0c51e2
05437537000137;AUTO GERAL AUTOPECAS LTDA;229258;1433563273;PXD7G42;2 eixos rodagem simples;2 eixos rodagem simples;2167066407;05/07/2024;17:27:37;;;;05/07/2024;17:27:53;RODOVIAS DAS COLINAS S.A;SP 300, 137.722, OESTE, PORTO FELIZ - SP;10,3;Debito;Passagem Dentro SLA;;;;5;2;ARTESP;24;1013;true;bd30e675-6dff-4ec5-bff0-fa04d39962d0
05437537000137;AUTO GERAL AUTOPECAS LTDA;229258;1433524189;GIY1B04;2 eixos rodagem simples;2 eixos rodagem simples;1172923315;05/07/2024;16:41:08;;;;05/07/2024;16:41:16;CONCESSIONARIA DE RODOVIAS DO OESTE DE SAO PAULO VIAOESTE S.A;SP 280, 74.0, LESTE, ITU - SP;15,8;Debito;Passagem Dentro SLA;;;;143;115;ARTESP;286;1012;true;099261ce-6440-4817-85ba-4cc0fef73e94
05437537000137;AUTO GERAL AUTOPECAS LTDA;229258;1433463529;GIA7B06;2 eixos rodagem simples;2 eixos rodagem simples;2132631068;05/07/2024;15:15:23;;;;05/07/2024;15:17:31;CONCESSIONARIA DE RODOVIAS DO OESTE DE SAO PAULO VIAOESTE S.A;SP 075, 12.5, SUL, ITU - SP;9;Debito;Passagem Fora SLA;;;;154;112;ARTESP;286;1012;true;9505982f-e14f-4404-a639-4131d1976848
05437537000137;AUTO GERAL AUTOPECAS LTDA;229258;1433411557;PXD7G42;2 eixos rodagem simples;2 eixos rodagem simples;2167066407;05/07/2024;13:56:37;;;;05/07/2024;13:57:52;RODOVIAS DAS COLINAS S.A;SP 300, 137.722, OESTE, PORTO FELIZ - SP;10,3;Debito;Passagem Dentro SLA;;;;5;2;ARTESP;24;1013;true;eec07a0b-7f65-48f2-912c-c1575a015e41
05437537000137;AUTO GERAL AUTOPECAS LTDA;229258;1433302042;GIA7B06;2 eixos rodagem simples;2 eixos rodagem simples;2132631068;05/07/2024;11:22:17;;;;05/07/2024;11:24:29;CONCESSIONARIA DE RODOVIAS DO OESTE DE SAO PAULO VIAOESTE S.A;SP 075, 12.5, SUL, ITU - SP;9;Debito;Passagem Fora SLA;;;;154;112;ARTESP;286;1012;true;c370ea45-a8fe-48bc-871d-4697ca8f0cba
05437537000137;AUTO GERAL AUTOPECAS LTDA;229258;1433281659;PXD7G42;2 eixos rodagem simples;2 eixos rodagem simples;2167066407;05/07/2024;10:50:50;;;;05/07/2024;10:50:59;RODOVIAS DAS COLINAS S.A;SP 300, 137.722, OESTE, PORTO FELIZ - SP;10,3;Debito;Passagem Dentro SLA;;;;5;2;ARTESP;24;1013;true;26860d2f-b3e7-4017-9cc4-d91129c74c43
05437537000137;AUTO GERAL AUTOPECAS LTDA;229258;1433190639;GIA7B06;2 eixos rodagem simples;2 eixos rodagem simples;2132631068;05/07/2024;08:06:17;;;;05/07/2024;08:06:52;CONCESSIONARIA DE RODOVIAS DO OESTE DE SAO PAULO VIAOESTE S.A;SP 075, 12.5, SUL, ITU - SP;9;Debito;Passagem Dentro SLA;;;;154;111;ARTESP;286;1012;true;4b7fe15f-8174-43b7-a9ae-295df895f2f9
05437537000137;AUTO GERAL AUTOPECAS LTDA;229258;1433171982;DWH6543;2 eixos rodagem simples;2 eixos rodagem simples;1129701211;05/07/2024;07:35:20;;;;05/07/2024;07:35:36;RODOVIAS DAS COLINAS S.A;SP 300, 137.722, OESTE, PORTO FELIZ - SP;10,3;Debito;Passagem Dentro SLA;;;;5;9;ARTESP;24;1013;true;0a857dc1-82a3-4f3e-9336-26ec4e4c4bc5
05437537000137;AUTO GERAL AUTOPECAS LTDA;229258;1433170563;QUA2G54;2 eixos rodagem simples;2 eixos rodagem simples;1131434587;05/07/2024;07:32:02;;;;05/07/2024;07:32:37;CONCESSIONARIA DE RODOVIAS DO OESTE DE SAO PAULO VIAOESTE S.A;SP 075, 12.5, SUL, ITU - SP;9;Debito;Passagem Dentro SLA;;;;154;112;ARTESP;286;1012;true;aa985d54-c07c-4a18-b3f1-96a43f20bf16
05437537000137;AUTO GERAL AUTOPECAS LTDA;229258;1432091654;DWH6543;2 eixos rodagem simples;2 eixos rodagem simples;1129701211;04/07/2024;18:28:43;;;;04/07/2024;18:29:03;RODOVIAS DAS COLINAS S.A;SP 300, 137.722, OESTE, PORTO FELIZ - SP;10,3;Debito;Passagem Dentro SLA;;;;5;2;ARTESP;24;1013;true;e12e5033-0bb3-48c0-a8af-3b358ce88401
05437537000137;AUTO GERAL AUTOPECAS LTDA;229258;1432013632;PXD7G42;2 eixos rodagem simples;2 eixos rodagem simples;2167066407;04/07/2024;17:33:42;;;;04/07/2024;17:34:00;RODOVIAS DAS COLINAS S.A;SP 300, 137.722, OESTE, PORTO FELIZ - SP;10,3;Debito;Passagem Dentro SLA;;;;5;2;ARTESP;24;1013;true;b4b2e40e-e7f1-4434-874b-e748ca5aa164
05437537000137;AUTO GERAL AUTOPECAS LTDA;229258;1431903012;GIY1B04;2 eixos rodagem simples;2 eixos rodagem simples;1172923315;04/07/2024;16:14:44;;;;04/07/2024;16:16:25;CONCESSIONARIA DE RODOVIAS DO OESTE DE SAO PAULO VIAOESTE S.A;SP 280, 74.0, LESTE, ITU - SP;15,8;Debito;Passagem Dentro SLA;;;;143;115;ARTESP;286;1012;true;b7003180-5044-4bfc-908e-d5fe7779ee1a
05437537000137;AUTO GERAL AUTOPECAS LTDA;229258;1431849088;GIA7B06;2 eixos rodagem simples;2 eixos rodagem simples;2132631068;04/07/2024;15:17:11;;;;04/07/2024;15:43:00;CONCESSIONARIA DE RODOVIAS DO OESTE DE SAO PAULO VIAOESTE S.A;SP 075, 12.5, SUL, ITU - SP;9;Debito;Passagem Fora SLA;;;;154;112;ARTESP;286;1012;true;ece8c4f9-70e3-41fe-b477-abcbe7843748
05437537000137;AUTO GERAL AUTOPECAS LTDA;229258;1431712930;PXD7G42;2 eixos rodagem simples;2 eixos rodagem simples;2167066407;04/07/2024;13:39:38;;;;04/07/2024;13:40:00;RODOVIAS DAS COLINAS S.A;SP 300, 137.722, OESTE, PORTO FELIZ - SP;10,3;Debito;Passagem Dentro SLA;;;;5;2;ARTESP;24;1013;true;b7c13dcf-66e9-4075-bfdb-f1ae7199e5b9
05437537000137;AUTO GERAL AUTOPECAS LTDA;229258;1431563827;FYX6I43;2 eixos rodagem simples;2 eixos rodagem simples;1182838201;04/07/2024;11:17:25;;;;04/07/2024;11:17:53;CONCESSIONARIA DE RODOVIAS DO OESTE DE SAO PAULO VIAOESTE S.A;SP 075, 12.5, SUL, ITU - SP;9;Debito;Passagem Dentro SLA;;;;154;112;ARTESP;286;1012;true;64be0a5b-e65c-4602-8c3e-c2d043ac9e4f
05437537000137;AUTO GERAL AUTOPECAS LTDA;229258;1431536578;PXD7G42;2 eixos rodagem simples;2 eixos rodagem simples;2167066407;04/07/2024;10:49:27;;;;04/07/2024;10:49:42;RODOVIAS DAS COLINAS S.A;SP 300, 137.722, OESTE, PORTO FELIZ - SP;10,3;Debito;Passagem Dentro SLA;;;;5;2;ARTESP;24;1013;true;8c0015dc-3eeb-4735-b358-62638e5b4f7f
05437537000137;AUTO GERAL AUTOPECAS LTDA;229258;1431355171;FYX6I43;2 eixos rodagem simples;2 eixos rodagem simples;1182838201;04/07/2024;08:04:37;;;;04/07/2024;08:06:44;CONCESSIONARIA DE RODOVIAS DO OESTE DE SAO PAULO VIAOESTE S.A;SP 075, 12.5, SUL, ITU - SP;9;Debito;Passagem Fora SLA;;;;154;112;ARTESP;286;1012;true;377aec24-79d6-4a56-b0de-f7d6609dc1b0
05437537000137;AUTO GERAL AUTOPECAS LTDA;229258;1431319065;QUA2G54;2 eixos rodagem simples;2 eixos rodagem simples;1131434587;04/07/2024;07:39:24;;;;04/07/2024;07:39:54;CONCESSIONARIA DE RODOVIAS DO OESTE DE SAO PAULO VIAOESTE S.A;SP 075, 12.5, SUL, ITU - SP;9;Debito;Passagem Dentro SLA;;;;154;111;ARTESP;286;1012;true;064685d2-4118-44f4-9b45-8cf763790287
05437537000137;AUTO GERAL AUTOPECAS LTDA;229258;1431318145;DWH6543;2 eixos rodagem simples;2 eixos rodagem simples;1129701211;04/07/2024;07:38:32;;;;04/07/2024;07:38:50;RODOVIAS DAS COLINAS S.A;SP 300, 137.722, OESTE, PORTO FELIZ - SP;10,3;Debito;Passagem Dentro SLA;;;;5;9;ARTESP;24;1013;true;ee889d1b-4a6b-43d6-9fcb-84e918a17030
05437537000137;AUTO GERAL AUTOPECAS LTDA;229258;1430814726;DWH6543;2 eixos rodagem simples;2 eixos rodagem simples;1129701211;03/07/2024;18:45:41;;;;03/07/2024;18:46:01;RODOVIAS DAS COLINAS S.A;SP 300, 137.722, OESTE, PORTO FELIZ - SP;10,3;Debito;Passagem Dentro SLA;;;;5;2;ARTESP;24;1013;true;3c798e68-1844-486a-81b8-c02b721bbd01
05437537000137;AUTO GERAL AUTOPECAS LTDA;229258;1430714475;PXD7G42;2 eixos rodagem simples;2 eixos rodagem simples;2167066407;03/07/2024;17:25:38;;;;03/07/2024;17:25:52;RODOVIAS DAS COLINAS S.A;SP 300, 137.722, OESTE, PORTO FELIZ - SP;10,3;Debito;Passagem Dentro SLA;;;;5;2;ARTESP;24;1013;true;c7671371-3190-4753-9abf-41267fa44152
05437537000137;AUTO GERAL AUTOPECAS LTDA;229258;1430545604;GIA7B06;2 eixos rodagem simples;2 eixos rodagem simples;2132631068;03/07/2024;15:16:37;;;;03/07/2024;15:17:05;CONCESSIONARIA DE RODOVIAS DO OESTE DE SAO PAULO VIAOESTE S.A;SP 075, 12.5, SUL, ITU - SP;9;Debito;Passagem Dentro SLA;;;;154;112;ARTESP;286;1012;true;131f9eda-21c3-41b3-a2ce-635c3576c304
05437537000137;AUTO GERAL AUTOPECAS LTDA;229258;1430451718;PXD7G42;2 eixos rodagem simples;2 eixos rodagem simples;2167066407;03/07/2024;13:52:42;;;;03/07/2024;14:14:17;RODOVIAS DAS COLINAS S.A;SP 300, 137.722, OESTE, PORTO FELIZ - SP;10,3;Debito;Passagem Fora SLA;;;;5;2;ARTESP;24;1013;true;37146bda-0d17-4da2-b6c0-8d53dfbfb547
05437537000137;AUTO GERAL AUTOPECAS LTDA;229258;1430400560;GIY1B04;2 eixos rodagem simples;2 eixos rodagem simples;1172923315;03/07/2024;11:57:02;;;;03/07/2024;13:56:15;CONCESSIONARIA DE RODOVIAS DO OESTE DE SAO PAULO VIAOESTE S.A;SP 280, 74.0, LESTE, ITU - SP;15,8;Debito;Passagem Fora SLA;;;;143;115;ARTESP;286;1012;true;ea06643b-47dc-4336-a7b4-b03357121f6a
05437537000137;AUTO GERAL AUTOPECAS LTDA;229258;1430405641;GIA7B06;2 eixos rodagem simples;2 eixos rodagem simples;2132631068;03/07/2024;11:20:52;;;;03/07/2024;13:55:21;CONCESSIONARIA DE RODOVIAS DO OESTE DE SAO PAULO VIAOESTE S.A;SP 075, 12.5, SUL, ITU - SP;9;Debito;Passagem Fora SLA;;;;154;111;ARTESP;286;1012;true;363abdf2-24ff-4d28-a348-8df858a6bb65
05437537000137;AUTO GERAL AUTOPECAS LTDA;229258;1430383791;BQU4D69;2 eixos rodagem simples;2 eixos rodagem simples;1130525385;03/07/2024;11:14:21;;;;03/07/2024;13:51:56;RODOVIAS INTEGRADAS DO OESTE S.A;SP 127, 128.9, NORTE, TATUI - SP;15;Debito;Passagem Fora SLA;;;;163;103;ARTESP;305;1020;true;04ff27d5-2668-4aef-8ea5-f0e6d3452106
05437537000137;AUTO GERAL AUTOPECAS LTDA;229258;1430447990;GIG7685;2 eixos rodagem simples;2 eixos rodagem simples;1148968566;03/07/2024;10:43:51;;;;03/07/2024;14:13:52;RODOVIAS DAS COLINAS S.A;SP 300, 137.722, OESTE, PORTO FELIZ - SP;10,3;Debito;Passagem Fora SLA;;;;5;2;ARTESP;24;1013;true;ea775b71-427f-4f7b-9cf2-17b2b8f5ccf3
05437537000137;AUTO GERAL AUTOPECAS LTDA;229258;1430442790;PXD7G42;2 eixos rodagem simples;2 eixos rodagem simples;2167066407;03/07/2024;10:38:41;;;;03/07/2024;14:12:37;RODOVIAS DAS COLINAS S.A;SP 300, 137.722, OESTE, PORTO FELIZ - SP;10,3;Debito;Passagem Fora SLA;;;;5;2;ARTESP;24;1013;true;8fa95e71-c9cf-4223-bab7-e6e654148283
05437537000137;AUTO GERAL AUTOPECAS LTDA;229258;1430438523;BQU4D69;2 eixos rodagem simples;2 eixos rodagem simples;1130525385;03/07/2024;10:23:24;;;;03/07/2024;14:07:36;RODOVIAS INTEGRADAS DO OESTE S.A;SP 127, 133.9, SUL, ITAPETININGA - SP;15;Debito;Passagem Fora SLA;;;;174;103;ARTESP;305;1020;true;21256fa6-b5af-4911-9826-d98a7d094319
05437537000137;AUTO GERAL AUTOPECAS LTDA;229258;1430080529;GIA7B06;2 eixos rodagem simples;2 eixos rodagem simples;2132631068;03/07/2024;08:04:12;;;;03/07/2024;08:04:39;CONCESSIONARIA DE RODOVIAS DO OESTE DE SAO PAULO VIAOESTE S.A;SP 075, 12.5, SUL, ITU - SP;9;Debito;Passagem Dentro SLA;;;;154;112;ARTESP;286;1012;true;17dc32a0-926f-4856-b7bc-94a4a9f5845a
05437537000137;AUTO GERAL AUTOPECAS LTDA;229258;1430061305;DWH6543;2 eixos rodagem simples;2 eixos rodagem simples;1129701211;03/07/2024;07:48:23;;;;03/07/2024;07:48:49;RODOVIAS DAS COLINAS S.A;SP 300, 137.722, OESTE, PORTO FELIZ - SP;10,3;Debito;Passagem Dentro SLA;;;;5;9;ARTESP;24;1013;true;295f216b-5413-4dd9-a50c-6f2dfd5d7913
05437537000137;AUTO GERAL AUTOPECAS LTDA;229258;1429621486;GIG7685;2 eixos rodagem simples;2 eixos rodagem simples;1148968566;02/07/2024;18:33:50;;;;02/07/2024;18:33:59;RODOVIAS DAS COLINAS S.A;SP 300, 137.722, OESTE, PORTO FELIZ - SP;10,3;Debito;Passagem Dentro SLA;;;;5;2;ARTESP;24;1013;true;1666da0d-f9c0-4683-ab1f-8dd6febb2af5
05437537000137;AUTO GERAL AUTOPECAS LTDA;229258;1429611985;DWH6543;2 eixos rodagem simples;2 eixos rodagem simples;1129701211;02/07/2024;18:24:28;;;;02/07/2024;18:24:48;RODOVIAS DAS COLINAS S.A;SP 300, 137.722, OESTE, PORTO FELIZ - SP;10,3;Debito;Passagem Dentro SLA;;;;5;2;ARTESP;24;1013;true;f0d9acd9-f0be-4b80-b7d3-46eafdc2cd0f
05437537000137;AUTO GERAL AUTOPECAS LTDA;229258;1429548926;PXD7G42;2 eixos rodagem simples;2 eixos rodagem simples;2167066407;02/07/2024;17:34:41;;;;02/07/2024;17:34:48;RODOVIAS DAS COLINAS S.A;SP 300, 137.722, OESTE, PORTO FELIZ - SP;10,3;Debito;Passagem Dentro SLA;;;;5;2;ARTESP;24;1013;true;e1efc894-437f-4b4f-9c6d-6fe8667affe0
05437537000137;AUTO GERAL AUTOPECAS LTDA;229258;1429387985;GIA7B06;2 eixos rodagem simples;2 eixos rodagem simples;2132631068;02/07/2024;15:21:15;;;;02/07/2024;15:21:39;CONCESSIONARIA DE RODOVIAS DO OESTE DE SAO PAULO VIAOESTE S.A;SP 075, 12.5, SUL, ITU - SP;9;Debito;Passagem Dentro SLA;;;;154;112;ARTESP;286;1012;true;86693212-03e7-4a1d-a947-b7b45c8908fd
05437537000137;AUTO GERAL AUTOPECAS LTDA;229258;1429375529;FLL4673;2 eixos rodagem simples;2 eixos rodagem simples;1156734683;02/07/2024;15:09:49;;;;02/07/2024;15:10:08;CONCESSIONARIA RODOVIAS DO TIETE S.A;SP 300 - RODOVIA MARECHAL RONDON, 192.1, LESTE, CONCHAS - SP;9,2;Debito;Passagem Dentro SLA;;;;3001;7;ARTESP;3;1021;true;182ebd4c-f3c9-4474-8727-77795160fb2b
05437537000137;AUTO GERAL AUTOPECAS LTDA;229258;1429354490;FLL4673;2 eixos rodagem simples;2 eixos rodagem simples;1156734683;02/07/2024;14:49:59;;;;02/07/2024;14:50:21;CONCESSIONARIA RODOVIAS DO TIETE S.A;SP 300 - RODOVIA MARECHAL RONDON, 192.1, OESTE, CONCHAS - SP;9,2;Debito;Passagem Dentro SLA;;;;3002;2;ARTESP;3;1021;true;c812c1d9-b90f-4500-871a-36c8f8fbf4dd
05437537000137;AUTO GERAL AUTOPECAS LTDA;229258;1429283577;PXD7G42;2 eixos rodagem simples;2 eixos rodagem simples;2167066407;02/07/2024;13:45:09;;;;02/07/2024;13:45:17;RODOVIAS DAS COLINAS S.A;SP 300, 137.722, OESTE, PORTO FELIZ - SP;10,3;Debito;Passagem Dentro SLA;;;;5;2;ARTESP;24;1013;true;0cc01575-3a3d-41b7-b07b-7b6c2dd0c0bc
05437537000137;AUTO GERAL AUTOPECAS LTDA;229258;1429140331;GIA7B06;2 eixos rodagem simples;2 eixos rodagem simples;2132631068;02/07/2024;11:18:42;;;;02/07/2024;11:20:42;CONCESSIONARIA DE RODOVIAS DO OESTE DE SAO PAULO VIAOESTE S.A;SP 075, 12.5, SUL, ITU - SP;9;Debito;Passagem Fora SLA;;;;154;112;ARTESP;286;1012;true;8c2419c1-fb47-467f-9b64-9374173bd0bc
05437537000137;AUTO GERAL AUTOPECAS LTDA;229258;1429108022;PXD7G42;2 eixos rodagem simples;2 eixos rodagem simples;2167066407;02/07/2024;10:47:48;;;;02/07/2024;10:48:07;RODOVIAS DAS COLINAS S.A;SP 300, 137.722, OESTE, PORTO FELIZ - SP;10,3;Debito;Passagem Dentro SLA;;;;5;2;ARTESP;24;1013;true;7b4f1024-2c6f-4fcb-ae50-f1be8de87f45
05437537000137;AUTO GERAL AUTOPECAS LTDA;229258;1428946915;GIA7B06;2 eixos rodagem simples;2 eixos rodagem simples;2132631068;02/07/2024;08:14:06;;;;02/07/2024;08:14:32;CONCESSIONARIA DE RODOVIAS DO OESTE DE SAO PAULO VIAOESTE S.A;SP 075, 12.5, SUL, ITU - SP;9;Debito;Passagem Dentro SLA;;;;154;111;ARTESP;286;1012;true;68956747-1bf1-46a8-9bd1-d86537b4e710
05437537000137;AUTO GERAL AUTOPECAS LTDA;229258;1428896638;DWH6543;2 eixos rodagem simples;2 eixos rodagem simples;1129701211;02/07/2024;07:34:13;;;;02/07/2024;07:34:31;RODOVIAS DAS COLINAS S.A;SP 300, 137.722, OESTE, PORTO FELIZ - SP;10,3;Debito;Passagem Dentro SLA;;;;5;9;ARTESP;24;1013;true;541bdcab-5067-4998-9de7-a33967504512
05437537000137;AUTO GERAL AUTOPECAS LTDA;229258;1428891767;QUA2G54;2 eixos rodagem simples;2 eixos rodagem simples;1131434587;02/07/2024;07:28:25;;;;02/07/2024;07:28:52;CONCESSIONARIA DE RODOVIAS DO OESTE DE SAO PAULO VIAOESTE S.A;SP 075, 12.5, SUL, ITU - SP;9;Debito;Passagem Dentro SLA;;;;154;112;ARTESP;286;1012;true;e7eb5d34-73b7-4df0-b42e-29732f0c2010
05437537000137;AUTO GERAL AUTOPECAS LTDA;229258;1428485421;GIG7685;2 eixos rodagem simples;2 eixos rodagem simples;1148968566;01/07/2024;18:06:36;;;;01/07/2024;18:06:48;RODOVIAS DAS COLINAS S.A;SP 300, 137.722, OESTE, PORTO FELIZ - SP;10,3;Debito;Passagem Dentro SLA;;;;5;2;ARTESP;24;1013;true;7a9e9703-fd67-43a8-a849-17699fb7c028
05437537000137;AUTO GERAL AUTOPECAS LTDA;229258;1428482923;DWH6543;2 eixos rodagem simples;2 eixos rodagem simples;1129701211;01/07/2024;18:04:11;;;;01/07/2024;18:04:19;RODOVIAS DAS COLINAS S.A;SP 300, 137.722, OESTE, PORTO FELIZ - SP;10,3;Debito;Passagem Dentro SLA;;;;5;2;ARTESP;24;1013;true;b14916e1-8a14-4a01-b857-3e5c8cb4e384
05437537000137;AUTO GERAL AUTOPECAS LTDA;229258;1428446744;PXD7G42;2 eixos rodagem simples;2 eixos rodagem simples;2167066407;01/07/2024;17:38:34;;;;01/07/2024;17:38:42;RODOVIAS DAS COLINAS S.A;SP 300, 137.722, OESTE, PORTO FELIZ - SP;10,3;Debito;Passagem Dentro SLA;;;;5;2;ARTESP;24;1013;true;df779a4c-4117-4fe8-a620-5b8540fa5cc5
05437537000137;AUTO GERAL AUTOPECAS LTDA;229258;1428270759;GIY1B04;2 eixos rodagem simples;2 eixos rodagem simples;1172923315;01/07/2024;15:15:43;;;;01/07/2024;15:15:48;CONCESSIONARIA DE RODOVIAS DO OESTE DE SAO PAULO VIAOESTE S.A;SP 280, 74.0, LESTE, ITU - SP;15,8;Debito;Passagem Dentro SLA;;;;143;116;ARTESP;286;1012;true;fd81dc42-a362-4e41-8068-465714b699ff
05437537000137;AUTO GERAL AUTOPECAS LTDA;229258;1428269334;GIA7B06;2 eixos rodagem simples;2 eixos rodagem simples;2132631068;01/07/2024;15:14:30;;;;01/07/2024;15:14:50;CONCESSIONARIA DE RODOVIAS DO OESTE DE SAO PAULO VIAOESTE S.A;SP 075, 12.5, SUL, ITU - SP;9;Debito;Passagem Dentro SLA;;;;154;112;ARTESP;286;1012;true;a1279ddd-93d2-4de2-9ffe-e3532a7692b2
05437537000137;AUTO GERAL AUTOPECAS LTDA;229258;1428173381;PXD7G42;2 eixos rodagem simples;2 eixos rodagem simples;2167066407;01/07/2024;13:50:02;;;;01/07/2024;13:50:09;RODOVIAS DAS COLINAS S.A;SP 300, 137.722, OESTE, PORTO FELIZ - SP;10,3;Debito;Passagem Dentro SLA;;;;5;2;ARTESP;24;1013;true;9ddd2bd5-f3fb-4956-8793-1aaefa3b4ddb
05437537000137;AUTO GERAL AUTOPECAS LTDA;229258;1428053393;498114;Sem categoria/categoria desconhecida;;;01/07/2024;11:57:51;;;;01/07/2024;11:57:51;;Automatica-CARTAO_DE_CREDITO;1000;Credito;Recarga Automatica;;;;;;;;;;a74933f8-1102-445b-a7a6-2b1b147f726d
05437537000137;AUTO GERAL AUTOPECAS LTDA;229258;1428052908;GIY1B04;2 eixos rodagem simples;2 eixos rodagem simples;1172923315;01/07/2024;11:57:06;;;;01/07/2024;11:57:09;CONCESSIONARIA DE RODOVIAS DO OESTE DE SAO PAULO VIAOESTE S.A;SP 280, 74.0, LESTE, ITU - SP;15,8;Debito;Passagem Dentro SLA;;;;143;102;ARTESP;286;1012;true;4a2cf28c-bf5d-4bfa-8375-619e56eae3e5
05437537000137;AUTO GERAL AUTOPECAS LTDA;229258;1428014549;GIA7B06;2 eixos rodagem simples;2 eixos rodagem simples;2132631068;01/07/2024;11:18:23;;;;01/07/2024;11:18:43;CONCESSIONARIA DE RODOVIAS DO OESTE DE SAO PAULO VIAOESTE S.A;SP 075, 12.5, SUL, ITU - SP;9;Debito;Passagem Dentro SLA;;;;154;112;ARTESP;286;1012;true;593872e9-8bb7-4f75-ab47-d21b1912df16
05437537000137;AUTO GERAL AUTOPECAS LTDA;229258;1427993127;PXD7G42;2 eixos rodagem simples;2 eixos rodagem simples;2167066407;01/07/2024;10:57:44;;;;01/07/2024;10:57:56;RODOVIAS DAS COLINAS S.A;SP 300, 137.722, OESTE, PORTO FELIZ - SP;10,3;Debito;Passagem Dentro SLA;;;;5;2;ARTESP;24;1013;true;93c29755-3f2e-478f-abe9-2d6a167d8209
05437537000137;AUTO GERAL AUTOPECAS LTDA;229258;1427790828;GIA7B06;2 eixos rodagem simples;2 eixos rodagem simples;2132631068;01/07/2024;08:03:41;;;;01/07/2024;08:04:03;CONCESSIONARIA DE RODOVIAS DO OESTE DE SAO PAULO VIAOESTE S.A;SP 075, 12.5, SUL, ITU - SP;9;Debito;Passagem Dentro SLA;;;;154;112;ARTESP;286;1012;true;33c3f65e-e164-4723-8310-479b962bab1c
05437537000137;AUTO GERAL AUTOPECAS LTDA;229258;1427756348;DWH6543;2 eixos rodagem simples;2 eixos rodagem simples;1129701211;01/07/2024;07:38:36;;;;01/07/2024;07:38:56;RODOVIAS DAS COLINAS S.A;SP 300, 137.722, OESTE, PORTO FELIZ - SP;10,3;Debito;Passagem Dentro SLA;;;;5;9;ARTESP;24;1013;true;7ccb99b7-575b-4aae-938e-8cfd9b55d3ac
05437537000137;AUTO GERAL AUTOPECAS LTDA;229258;1427751557;QUA2G54;2 eixos rodagem simples;2 eixos rodagem simples;1131434587;01/07/2024;07:34:12;;;;01/07/2024;07:34:33;CONCESSIONARIA DE RODOVIAS DO OESTE DE SAO PAULO VIAOESTE S.A;SP 075, 12.5, SUL, ITU - SP;9;Debito;Passagem Dentro SLA;;;;154;112;ARTESP;286;1012;true;ba2a41ac-6990-4785-8902-6f10362e8469